method,path,category,summary,operation_id,documented_query_parameters,status,implementation_layer,implementation_evidence,coverage_notes,parameter_parity,vendor_callable,recommended_direction,validation,docs_url
GET,/api/whoami,API Keys,Whoami,whoami,,partial,synthetic compatibility,/Users/dmitriy/code/goose/hub/apps/runtime/src/services/ofapi-read-gateway.ts:401,Gateway fabricates Hub chatter/team identity. Does not call provider whoami or expose provider key permissions.,none,False,Add real provider key/team identity and diagnostics; scopes are not documented in whoami. Configure/verify capabilities separately; keep Hub principal/page ACL independent.,Static code/spec audit only; current production activation and new provider response behavior not verified in this matrix.,https://docs.onlyfansapi.com/api-reference/api-keys/whoami
GET,/api/accounts,Account,List Accounts,listAccounts,onlyfans_id | onlyfans_username | onlyfans_email,partial,admin client + synthetic desktop list,/Users/dmitriy/code/goose/hub/apps/runtime/src/services/ofapi.ts:1586 | /Users/dmitriy/code/goose/hub/apps/runtime/src/services/page-onboarding.ts:167 | /Users/dmitriy/code/goose/hub/apps/runtime/src/services/ofapi-read-gateway.ts:416,Admin/onboarding calls provider. Desktop list is page-ACL-filtered DB data. Provider list filters and complete account/auth metadata are not exposed.,partial,True,Add me/account metadata+health refresh; optionally scoped connect/re-auth UI. No automatic account disconnect.,Static code/spec audit only; current production activation and new provider response behavior not verified in this matrix.,https://docs.onlyfansapi.com/api-reference/account/list-accounts
DELETE,/api/accounts/{id},Account,Disconnect Account,disconnectAccount,,absent,none,,"No explicit operation in the OFAPI typed client, supported gateway families, governed capture request planner or command/export executor.",none,False,Add me/account metadata+health refresh; optionally scoped connect/re-auth UI. No automatic account disconnect.,Static code/spec audit only; current production activation and new provider response behavior not verified in this matrix.,https://docs.onlyfansapi.com/api-reference/account/disconnect-account
GET,/api/{account}/me,Account,Get Current Account,getCurrentAccount,,absent,none,,"No explicit operation in the OFAPI typed client, supported gateway families, governed capture request planner or command/export executor.",none,False,Add me/account metadata+health refresh; optionally scoped connect/re-auth UI. No automatic account disconnect.,Static code/spec audit only; current production activation and new provider response behavior not verified in this matrix.,https://docs.onlyfansapi.com/api-reference/account/get-current-account
GET,/api/{account}/me/model-start-date,Account,Get Model Start Date,getModelStartDate,,absent,none,,"No explicit operation in the OFAPI typed client, supported gateway families, governed capture request planner or command/export executor.",none,False,Add me/account metadata+health refresh; optionally scoped connect/re-auth UI. No automatic account disconnect.,Static code/spec audit only; current production activation and new provider response behavior not verified in this matrix.,https://docs.onlyfansapi.com/api-reference/account/get-model-start-date
GET,/api/{account}/me/top-percentage,Account,Get Top Percentage,getTopPercentage,,absent,none,,"No explicit operation in the OFAPI typed client, supported gateway families, governed capture request planner or command/export executor.",none,False,Add me/account metadata+health refresh; optionally scoped connect/re-auth UI. No automatic account disconnect.,Static code/spec audit only; current production activation and new provider response behavior not verified in this matrix.,https://docs.onlyfansapi.com/api-reference/account/get-top-percentage
POST,/api/analytics/financial/transactions/summary,Analytics - Financial,Get Transaction Summary,getTransactionSummary,,absent,none,,"No explicit operation in the OFAPI typed client, supported gateway families, governed capture request planner or command/export executor.",none,False,Prefer existing Hub ledger for canonical totals; add provider reconciliation snapshots only when they answer a missing business question.,Static code/spec audit only; current production activation and new provider response behavior not verified in this matrix.,https://docs.onlyfansapi.com/api-reference/analytics-financial/get-transaction-summary
POST,/api/analytics/financial/transactions/by-type,Analytics - Financial,Get Transactions By Type,getTransactionsByType,,absent,none,,"No explicit operation in the OFAPI typed client, supported gateway families, governed capture request planner or command/export executor.",none,False,Prefer existing Hub ledger for canonical totals; add provider reconciliation snapshots only when they answer a missing business question.,Static code/spec audit only; current production activation and new provider response behavior not verified in this matrix.,https://docs.onlyfansapi.com/api-reference/analytics-financial/get-transactions-by-type
POST,/api/analytics/financial/forecast,Analytics - Financial,Get Revenue Forecast,getRevenueForecast,,absent,none,,"No explicit operation in the OFAPI typed client, supported gateway families, governed capture request planner or command/export executor.",none,False,Prefer existing Hub ledger for canonical totals; add provider reconciliation snapshots only when they answer a missing business question.,Static code/spec audit only; current production activation and new provider response behavior not verified in this matrix.,https://docs.onlyfansapi.com/api-reference/analytics-financial/get-revenue-forecast
POST,/api/analytics/financial/profitability,Analytics - Financial,Get Profitability,getProfitability,,absent,none,,"No explicit operation in the OFAPI typed client, supported gateway families, governed capture request planner or command/export executor.",none,False,Prefer existing Hub ledger for canonical totals; add provider reconciliation snapshots only when they answer a missing business question.,Static code/spec audit only; current production activation and new provider response behavior not verified in this matrix.,https://docs.onlyfansapi.com/api-reference/analytics-financial/get-profitability
GET,/api/analytics/financial/profitability/{account}/history,Analytics - Financial,Get Profitability History,getProfitabilityHistory,account_prefixed_id | months,absent,none,,"No explicit operation in the OFAPI typed client, supported gateway families, governed capture request planner or command/export executor.",none,False,Prefer existing Hub ledger for canonical totals; add provider reconciliation snapshots only when they answer a missing business question.,Static code/spec audit only; current production activation and new provider response behavior not verified in this matrix.,https://docs.onlyfansapi.com/api-reference/analytics-financial/get-profitability-history
POST,/api/analytics/summary/earnings,Analytics - Summary,Get Earnings Overview,getEarningsOverview,,absent,none,,"No explicit operation in the OFAPI typed client, supported gateway families, governed capture request planner or command/export executor.",none,False,Use for reconciliation/comparison if needed; do not replace canonical Hub financial reports.,Static code/spec audit only; current production activation and new provider response behavior not verified in this matrix.,https://docs.onlyfansapi.com/api-reference/analytics-summary/get-earnings-overview
POST,/api/analytics/summary/historical,Analytics - Summary,Get Historical Performance,getHistoricalPerformance,,absent,none,,"No explicit operation in the OFAPI typed client, supported gateway families, governed capture request planner or command/export executor.",none,False,Use for reconciliation/comparison if needed; do not replace canonical Hub financial reports.,Static code/spec audit only; current production activation and new provider response behavior not verified in this matrix.,https://docs.onlyfansapi.com/api-reference/analytics-summary/get-historical-performance
POST,/api/analytics/summary/comparison,Analytics - Summary,Get Period Comparison,getPeriodComparison,,absent,none,,"No explicit operation in the OFAPI typed client, supported gateway families, governed capture request planner or command/export executor.",none,False,Use for reconciliation/comparison if needed; do not replace canonical Hub financial reports.,Static code/spec audit only; current production activation and new provider response behavior not verified in this matrix.,https://docs.onlyfansapi.com/api-reference/analytics-summary/get-period-comparison
GET,/api/{account}/banking/details/bank,Banking,Get Bank Payout Details,getBankPayoutDetails,,absent,none,,"No explicit operation in the OFAPI typed client, supported gateway families, governed capture request planner or command/export executor.",none,False,Defer provider banking/tax data unless owner needs a concrete back-office workflow.,Static code/spec audit only; current production activation and new provider response behavior not verified in this matrix.,https://docs.onlyfansapi.com/api-reference/banking/get-bank-payout-details
GET,/api/{account}/banking/details/legal-form,Banking,Get Legal Form Details,getLegalFormDetails,,absent,none,,"No explicit operation in the OFAPI typed client, supported gateway families, governed capture request planner or command/export executor.",none,False,Defer provider banking/tax data unless owner needs a concrete back-office workflow.,Static code/spec audit only; current production activation and new provider response behavior not verified in this matrix.,https://docs.onlyfansapi.com/api-reference/banking/get-legal-form-details
GET,/api/{account}/banking/details/legal-info,Banking,Get Legal and Tax Status,getLegalAndTaxStatus,,absent,none,,"No explicit operation in the OFAPI typed client, supported gateway families, governed capture request planner or command/export executor.",none,False,Defer provider banking/tax data unless owner needs a concrete back-office workflow.,Static code/spec audit only; current production activation and new provider response behavior not verified in this matrix.,https://docs.onlyfansapi.com/api-reference/banking/get-legal-and-tax-status
GET,/api/{account}/banking/details/dac7-form,Banking,Get DAC7 Form Details,getDAC7FormDetails,,absent,none,,"No explicit operation in the OFAPI typed client, supported gateway families, governed capture request planner or command/export executor.",none,False,Defer provider banking/tax data unless owner needs a concrete back-office workflow.,Static code/spec audit only; current production activation and new provider response behavior not verified in this matrix.,https://docs.onlyfansapi.com/api-reference/banking/get-dac7form-details
GET,/api/{account}/banking/details/account-country,Banking,Get Account Country Details,getAccountCountryDetails,,absent,none,,"No explicit operation in the OFAPI typed client, supported gateway families, governed capture request planner or command/export executor.",none,False,Defer provider banking/tax data unless owner needs a concrete back-office workflow.,Static code/spec audit only; current production activation and new provider response behavior not verified in this matrix.,https://docs.onlyfansapi.com/api-reference/banking/get-account-country-details
GET,/api/{account}/banking/countries,Banking,List Countries,listCountries,,absent,none,,"No explicit operation in the OFAPI typed client, supported gateway families, governed capture request planner or command/export executor.",none,False,Defer provider banking/tax data unless owner needs a concrete back-office workflow.,Static code/spec audit only; current production activation and new provider response behavior not verified in this matrix.,https://docs.onlyfansapi.com/api-reference/banking/list-countries
GET,/api/{account}/banking/available-payout-systems,Banking,List Available Payout Systems,listAvailablePayoutSystems,,absent,none,,"No explicit operation in the OFAPI typed client, supported gateway families, governed capture request planner or command/export executor.",none,False,Defer provider banking/tax data unless owner needs a concrete back-office workflow.,Static code/spec audit only; current production activation and new provider response behavior not verified in this matrix.,https://docs.onlyfansapi.com/api-reference/banking/list-available-payout-systems
GET,/api/banned-words,Banned Words,List Banned Words,listBannedWords,category | risk_level | search | per_page,absent,none,,"No explicit operation in the OFAPI typed client, supported gateway families, governed capture request planner or command/export executor.",none,False,Add cached provider list + version/freshness; integrate screening and blockBannedWords into versioned sends.,Static code/spec audit only; current production activation and new provider response behavior not verified in this matrix.,https://docs.onlyfansapi.com/api-reference/banned-words/list-banned-words
GET,/api/{account}/users/blocked,Blocked / Restricted Users,List Blocked Users,listBlockedUsers,limit | offset | query,absent,none,,"No explicit operation in the OFAPI typed client, supported gateway families, governed capture request planner or command/export executor.",none,False,"Add explicit static list endpoints, durable state and client moderation view; resolve generic users path collision.",Static code/spec audit only; current production activation and new provider response behavior not verified in this matrix.,https://docs.onlyfansapi.com/api-reference/blocked-restricted-users/list-blocked-users
GET,/api/{account}/users/restricted,Blocked / Restricted Users,List Restricted Users,listRestrictedUsers,limit | offset | query,absent,none,,"No explicit operation in the OFAPI typed client, supported gateway families, governed capture request planner or command/export executor.",none,False,"Add explicit static list endpoints, durable state and client moderation view; resolve generic users path collision.",Static code/spec audit only; current production activation and new provider response behavior not verified in this matrix.,https://docs.onlyfansapi.com/api-reference/blocked-restricted-users/list-restricted-users
GET,/api/{account}/chargebacks,Chargebacks,List Chargebacks,listChargebacks,start_date | end_date | limit | offset,full,reconciliation + financial projection,/Users/dmitriy/code/goose/hub/apps/runtime/src/services/ofapi.ts:1677 | /Users/dmitriy/code/goose/hub/apps/runtime/src/services/ofapi-chargebacks-sync.ts:298,"All documented list query fields have typed transport, bounded sync and canonical financial consumption. Statistics/ratio are separate absent endpoints.",complete,True,Keep transaction reconciliation; optionally add ratio/statistics snapshots for account-health reporting.,Static code/spec audit only; current production activation and new provider response behavior not verified in this matrix.,https://docs.onlyfansapi.com/api-reference/chargebacks/list-chargebacks
GET,/api/{account}/chargebacks/statistics,Chargebacks,List Chargeback Statistics,listChargebackStatistics,start_date | end_date,absent,none,,"No explicit operation in the OFAPI typed client, supported gateway families, governed capture request planner or command/export executor.",none,False,Keep transaction reconciliation; optionally add ratio/statistics snapshots for account-health reporting.,Static code/spec audit only; current production activation and new provider response behavior not verified in this matrix.,https://docs.onlyfansapi.com/api-reference/chargebacks/list-chargeback-statistics
GET,/api/{account}/chargebacks/ratio,Chargebacks,Calculate Chargeback Ratio,calculateChargebackRatio,start_date | end_date,absent,none,,"No explicit operation in the OFAPI typed client, supported gateway families, governed capture request planner or command/export executor.",none,False,Keep transaction reconciliation; optionally add ratio/statistics snapshots for account-health reporting.,Static code/spec audit only; current production activation and new provider response behavior not verified in this matrix.,https://docs.onlyfansapi.com/api-reference/chargebacks/calculate-chargeback-ratio
GET,/api/{account}/chats/{chat_id}/messages/{message_id},Chat Messages,Get Specific Chat Message,getSpecificChatMessage,,partial,gateway,/Users/dmitriy/code/goose/hub/apps/runtime/src/services/ofapi-read-gateway.ts:224 | /Users/dmitriy/code/goose/hub/apps/runtime/src/services/ofapi-read-gateway.ts:499,"Exact-message raw read with page ACL, credits and capture. Dedicated full DB-first endpoint/domain read flow remains incomplete.",complete,True,"Fix read parameter parity; add reply, reactions/pins and release-form-aware sends through explicit versioned commands; capture before parse.",Static code/spec audit only; current production activation and new provider response behavior not verified in this matrix.,https://docs.onlyfansapi.com/api-reference/chat-messages/get-specific-chat-message
DELETE,/api/{account}/chats/{chat_id}/messages/{message_id},Chat Messages,Delete Message,deleteMessage,,full,command outbox + executor,/Users/dmitriy/code/goose/hub/apps/runtime/src/services/ofapi.ts:1340 | /Users/dmitriy/code/goose/hub/apps/runtime/src/services/ofapi-command-executor.ts:467 | /Users/dmitriy/code/goose/hub/packages/contracts/src/routes.ts:4391,"Dedicated numeric-target unsend command, one attempt, explicit outcome and webhook confirmation implemented.",complete,True,"Fix read parameter parity; add reply, reactions/pins and release-form-aware sends through explicit versioned commands; capture before parse.",Static code/spec audit only; current production activation and new provider response behavior not verified in this matrix.,https://docs.onlyfansapi.com/api-reference/chat-messages/delete-message
POST,/api/{account}/chats/{chat_id}/messages/{message_id}/pin,Chat Messages,Pin Message,pinMessage,,absent,none,,"No explicit operation in the OFAPI typed client, supported gateway families, governed capture request planner or command/export executor.",none,False,"Fix read parameter parity; add reply, reactions/pins and release-form-aware sends through explicit versioned commands; capture before parse.",Static code/spec audit only; current production activation and new provider response behavior not verified in this matrix.,https://docs.onlyfansapi.com/api-reference/chat-messages/pin-message
DELETE,/api/{account}/chats/{chat_id}/messages/{message_id}/unpin,Chat Messages,Unpin Message,unpinMessage,,absent,none,,"No explicit operation in the OFAPI typed client, supported gateway families, governed capture request planner or command/export executor.",none,False,"Fix read parameter parity; add reply, reactions/pins and release-form-aware sends through explicit versioned commands; capture before parse.",Static code/spec audit only; current production activation and new provider response behavior not verified in this matrix.,https://docs.onlyfansapi.com/api-reference/chat-messages/unpin-message
POST,/api/{account}/chats/{chat_id}/messages/{message_id}/like,Chat Messages,Like Message,likeMessage,,absent,none,,"No explicit operation in the OFAPI typed client, supported gateway families, governed capture request planner or command/export executor.",none,False,"Fix read parameter parity; add reply, reactions/pins and release-form-aware sends through explicit versioned commands; capture before parse.",Static code/spec audit only; current production activation and new provider response behavior not verified in this matrix.,https://docs.onlyfansapi.com/api-reference/chat-messages/like-message
DELETE,/api/{account}/chats/{chat_id}/messages/{message_id}/unlike,Chat Messages,Unlike Message,unlikeMessage,,absent,none,,"No explicit operation in the OFAPI typed client, supported gateway families, governed capture request planner or command/export executor.",none,False,"Fix read parameter parity; add reply, reactions/pins and release-form-aware sends through explicit versioned commands; capture before parse.",Static code/spec audit only; current production activation and new provider response behavior not verified in this matrix.,https://docs.onlyfansapi.com/api-reference/chat-messages/unlike-message
GET,/api/{account}/chats/{chat_id}/messages/search,Chat Messages,Search Chat Messages,searchChatMessages,query,absent,none,,"No explicit operation in the OFAPI typed client, supported gateway families, governed capture request planner or command/export executor.",none,False,"Fix read parameter parity; add reply, reactions/pins and release-form-aware sends through explicit versioned commands; capture before parse.",Static code/spec audit only; current production activation and new provider response behavior not verified in this matrix.,https://docs.onlyfansapi.com/api-reference/chat-messages/search-chat-messages
POST,/api/{account}/messages/{queue_id}/attach-tags,Chat Messages,Attach Tags (Release Forms) to Message,attachTagsReleaseFormsToMessage,,absent,none,,"No explicit operation in the OFAPI typed client, supported gateway families, governed capture request planner or command/export executor.",none,False,"Fix read parameter parity; add reply, reactions/pins and release-form-aware sends through explicit versioned commands; capture before parse.",Static code/spec audit only; current production activation and new provider response behavior not verified in this matrix.,https://docs.onlyfansapi.com/api-reference/chat-messages/attach-tags-release-forms-to-message
GET,/api/{account}/chats/{chat_id}/messages,Chat Messages,List Chat Messages,listChatMessages,limit | filter | first_id | last_id | order | skip_users,partial,gateway + governed history mirror,/Users/dmitriy/code/goose/hub/apps/runtime/src/services/ofapi-read-gateway.ts:195 | /Users/dmitriy/code/goose/hub/apps/runtime/src/services/ofapi-capture-jobs.ts:1255 | /Users/dmitriy/code/goose/hub/apps/runtime/src/services/ofapi-capture-contract.ts:342,Durable history capture and certified-history fallback exist; filter is missing in gateway. Live message GET has mark-read side effects. Serving mode is gated/configuration-dependent; live activation not verified.,partial,True,"Fix read parameter parity; add reply, reactions/pins and release-form-aware sends through explicit versioned commands; capture before parse.",Static code/spec audit only; current production activation and new provider response behavior not verified in this matrix.,https://docs.onlyfansapi.com/api-reference/chat-messages/list-chat-messages
POST,/api/{account}/chats/{chat_id}/messages,Chat Messages,Send Message,sendMessage,,partial,command outbox + executor,/Users/dmitriy/code/goose/hub/apps/runtime/src/services/ofapi.ts:1227 | /Users/dmitriy/code/goose/hub/apps/runtime/src/services/ofapi.ts:1242 | /Users/dmitriy/code/goose/hub/packages/contracts/src/routes.ts:4302 | /Users/dmitriy/code/goose/hub/packages/contracts/src/routes.ts:4366 | /Users/dmitriy/code/goose/hub/apps/runtime/src/services/ofapi-command-executor.ts:445,"Text and existing-media/PPV sends implemented with one-attempt custody. Missing replyToMessageId, independently controlled lockedText, giphyId, rfTag/rfPartner/rfGuest, blockBannedWords and provider Idempotency-Key header. Hub price is integer-only; documented price example 6.97 is rejected. v1 intentionally rejects unknown body fields.",partial,True,"Fix read parameter parity; add reply, reactions/pins and release-form-aware sends through explicit versioned commands; capture before parse.",Static code/spec audit only; current production activation and new provider response behavior not verified in this matrix.,https://docs.onlyfansapi.com/api-reference/chat-messages/send-message
GET,/api/{account}/chats,Chats,List Chats,listChats,limit | offset | skip_users | order | filter | query,partial,gateway + conversation ingestion,/Users/dmitriy/code/goose/hub/apps/runtime/src/services/ofapi-read-gateway.ts:181 | /Users/dmitriy/code/goose/hub/apps/runtime/src/services/ofapi.ts:1589 | /Users/dmitriy/code/goose/hub/apps/runtime/src/services/sync/ofapi-dm-sync.ts:579,All documented query names are accepted by gateway. Sync uses a narrower query. Live gateway/capture and local conversation material exist; DB-first list serving is not complete.,complete,True,Fix gallery enum immediately; then explicit mark-unread/mute/hide commands and governed client state. Defer whole-chat deletion unless requested.,Static code/spec audit only; current production activation and new provider response behavior not verified in this matrix.,https://docs.onlyfansapi.com/api-reference/chats/list-chats
POST,/api/{account}/chats/mark-as-read,Chats,Mark All Chats as Read,markAllChatsAsRead,,absent,none,,"No explicit operation in the OFAPI typed client, supported gateway families, governed capture request planner or command/export executor.",none,False,Fix gallery enum immediately; then explicit mark-unread/mute/hide commands and governed client state. Defer whole-chat deletion unless requested.,Static code/spec audit only; current production activation and new provider response behavior not verified in this matrix.,https://docs.onlyfansapi.com/api-reference/chats/mark-all-chats-as-read
GET,/api/{account}/chats/{chat_id}/media,Chats,List Chat Media (Gallery),listChatMediaGallery,type | limit | offset | skip_users,partial,gateway,/Users/dmitriy/code/goose/hub/apps/runtime/src/services/ofapi-read-gateway.ts:238,Gateway raw gallery exists. BREAKING PARAMETER DRIFT: Hub type=photo/gif/video/audio; current OpenAPI type=photos/videos/audios. Documented values are rejected.,incompatible,True,Fix gallery enum immediately; then explicit mark-unread/mute/hide commands and governed client state. Defer whole-chat deletion unless requested.,Static code/spec audit only; current production activation and new provider response behavior not verified in this matrix.,https://docs.onlyfansapi.com/api-reference/chats/list-chat-media-gallery
POST,/api/{account}/chats/{chat_id}/typing,Chats,Start Typing Indicator,startTypingIndicator,,full,command outbox + executor,/Users/dmitriy/code/goose/hub/apps/runtime/src/services/ofapi.ts:1268 | /Users/dmitriy/code/goose/hub/apps/runtime/src/services/ofapi-command-executor.ts:461 | /Users/dmitriy/code/goose/hub/packages/contracts/src/routes.ts:4385,"Dedicated empty-payload command, one attempt, credit treatment and outcome handling implemented.",complete,True,Fix gallery enum immediately; then explicit mark-unread/mute/hide commands and governed client state. Defer whole-chat deletion unless requested.,Static code/spec audit only; current production activation and new provider response behavior not verified in this matrix.,https://docs.onlyfansapi.com/api-reference/chats/start-typing-indicator
POST,/api/{account}/chats/{chat_id}/mute,Chats,Mute Chat Notifications,muteChatNotifications,,absent,none,,"No explicit operation in the OFAPI typed client, supported gateway families, governed capture request planner or command/export executor.",none,False,Fix gallery enum immediately; then explicit mark-unread/mute/hide commands and governed client state. Defer whole-chat deletion unless requested.,Static code/spec audit only; current production activation and new provider response behavior not verified in this matrix.,https://docs.onlyfansapi.com/api-reference/chats/mute-chat-notifications
DELETE,/api/{account}/chats/{chat_id}/unmute,Chats,Unmute Chat Notifications,unmuteChatNotifications,,absent,none,,"No explicit operation in the OFAPI typed client, supported gateway families, governed capture request planner or command/export executor.",none,False,Fix gallery enum immediately; then explicit mark-unread/mute/hide commands and governed client state. Defer whole-chat deletion unless requested.,Static code/spec audit only; current production activation and new provider response behavior not verified in this matrix.,https://docs.onlyfansapi.com/api-reference/chats/unmute-chat-notifications
POST,/api/{account}/chats/{chat_id}/hide,Chats,Hide Chat,hideChat,,absent,none,,"No explicit operation in the OFAPI typed client, supported gateway families, governed capture request planner or command/export executor.",none,False,Fix gallery enum immediately; then explicit mark-unread/mute/hide commands and governed client state. Defer whole-chat deletion unless requested.,Static code/spec audit only; current production activation and new provider response behavior not verified in this matrix.,https://docs.onlyfansapi.com/api-reference/chats/hide-chat
DELETE,/api/{account}/chats/{chat_id},Chats,Delete Chat,deleteChat,,absent,none,,"No explicit operation in the OFAPI typed client, supported gateway families, governed capture request planner or command/export executor.",none,False,Fix gallery enum immediately; then explicit mark-unread/mute/hide commands and governed client state. Defer whole-chat deletion unless requested.,Static code/spec audit only; current production activation and new provider response behavior not verified in this matrix.,https://docs.onlyfansapi.com/api-reference/chats/delete-chat
POST,/api/{account}/chats/{chat_id}/mark-as-read,Chats,Mark Chat as Read,markChatAsRead,,full,command outbox + executor,/Users/dmitriy/code/goose/hub/apps/runtime/src/services/ofapi.ts:1421 | /Users/dmitriy/code/goose/hub/apps/runtime/src/services/ofapi-command-executor.ts:477 | /Users/dmitriy/code/goose/hub/packages/contracts/src/routes.ts:4399,"Dedicated empty-payload mark-read command, one attempt and explicit outcome implemented.",complete,True,Fix gallery enum immediately; then explicit mark-unread/mute/hide commands and governed client state. Defer whole-chat deletion unless requested.,Static code/spec audit only; current production activation and new provider response behavior not verified in this matrix.,https://docs.onlyfansapi.com/api-reference/chats/mark-chat-as-read
POST,/api/{account}/chats/{chat_id}/mark-as-unread,Chats,Mark Chat as Unread,markChatAsUnread,,absent,none,,"No explicit operation in the OFAPI typed client, supported gateway families, governed capture request planner or command/export executor.",none,False,Fix gallery enum immediately; then explicit mark-unread/mute/hide commands and governed client state. Defer whole-chat deletion unless requested.,Static code/spec audit only; current production activation and new provider response behavior not verified in this matrix.,https://docs.onlyfansapi.com/api-reference/chats/mark-chat-as-unread
POST,/api/client-sessions,Client Sessions,Create Client Session,createClientSession,,absent,none,,"No explicit operation in the OFAPI typed client, supported gateway families, governed capture request planner or command/export executor.",none,False,Defer hosted/embedded client sessions unless an explicit account-onboarding/support flow needs them.,Static code/spec audit only; current production activation and new provider response behavior not verified in this matrix.,https://docs.onlyfansapi.com/api-reference/client-sessions/create-client-session
POST,/api/authenticate,Connect OnlyFans Account,Start Authentication,startAuthentication,,absent,none,,"No explicit operation in the OFAPI typed client, supported gateway families, governed capture request planner or command/export executor.",none,False,"Optional owner-only onboarding/re-auth status flow, with durable auth attempts and no credentials in clients.",Static code/spec audit only; current production activation and new provider response behavior not verified in this matrix.,https://docs.onlyfansapi.com/api-reference/connect-onlyfans-account/start-authentication
GET,/api/authenticate/{attempt_id},Connect OnlyFans Account,Poll Authentication Status,pollAuthenticationStatus,,absent,none,,"No explicit operation in the OFAPI typed client, supported gateway families, governed capture request planner or command/export executor.",none,False,"Optional owner-only onboarding/re-auth status flow, with durable auth attempts and no credentials in clients.",Static code/spec audit only; current production activation and new provider response behavior not verified in this matrix.,https://docs.onlyfansapi.com/api-reference/connect-onlyfans-account/poll-authentication-status
PUT,/api/authenticate/{attempt_id},Connect OnlyFans Account,Submit 2FA,submit2FA,,absent,none,,"No explicit operation in the OFAPI typed client, supported gateway families, governed capture request planner or command/export executor.",none,False,"Optional owner-only onboarding/re-auth status flow, with durable auth attempts and no credentials in clients.",Static code/spec audit only; current production activation and new provider response behavior not verified in this matrix.,https://docs.onlyfansapi.com/api-reference/connect-onlyfans-account/submit2fa
POST,/api/authenticate/{attempt_id}/send-email-to-creator,Connect OnlyFans Account,Send 2FA E-mail to Creator,send2FAEMailToCreator,,absent,none,,"No explicit operation in the OFAPI typed client, supported gateway families, governed capture request planner or command/export executor.",none,False,"Optional owner-only onboarding/re-auth status flow, with durable auth attempts and no credentials in clients.",Static code/spec audit only; current production activation and new provider response behavior not verified in this matrix.,https://docs.onlyfansapi.com/api-reference/connect-onlyfans-account/send2fae-mail-to-creator
POST,/api/authenticate/{account_id}/reauthenticate,Connect OnlyFans Account,Re-authenticate Account,reAuthenticateAccount,,absent,none,,"No explicit operation in the OFAPI typed client, supported gateway families, governed capture request planner or command/export executor.",none,False,"Optional owner-only onboarding/re-auth status flow, with durable auth attempts and no credentials in clients.",Static code/spec audit only; current production activation and new provider response behavior not verified in this matrix.,https://docs.onlyfansapi.com/api-reference/connect-onlyfans-account/re-authenticate-account
PUT,/api/authenticate/{account_id}/credentials,Connect OnlyFans Account,Update Authentication Credentials,updateAuthenticationCredentials,,absent,none,,"No explicit operation in the OFAPI typed client, supported gateway families, governed capture request planner or command/export executor.",none,False,"Optional owner-only onboarding/re-auth status flow, with durable auth attempts and no credentials in clients.",Static code/spec audit only; current production activation and new provider response behavior not verified in this matrix.,https://docs.onlyfansapi.com/api-reference/connect-onlyfans-account/update-authentication-credentials
GET,/api/data-exports,Data Exports,List Data Exports,listDataExports,per_page | page | status | type | download_url_expires_in,absent,none,,"No explicit operation in the OFAPI typed client, supported gateway families, governed capture request planner or command/export executor.",none,False,"Generalize typed bounded jobs for valuable export kinds, especially profile visitors, posts and campaign data; checksum/register/import artifacts; cancellation/retry need explicit stateful semantics.",Static code/spec audit only; current production activation and new provider response behavior not verified in this matrix.,https://docs.onlyfansapi.com/api-reference/data-exports/list-data-exports
POST,/api/data-exports,Data Exports,Create Data Export,createDataExport,,partial,governed quote + narrowly approved pilot,/Users/dmitriy/code/goose/hub/apps/runtime/src/services/ofapi-export-quotes.ts:531 | /Users/dmitriy/code/goose/hub/packages/contracts/src/routes.ts:3751 | /Users/dmitriy/code/goose/hub/docs/decisions.md:4770,"Only chat_messages CSV, one page, pilot_chats/fleet_tail profiles, auto_start=false and fixed columns/options. New export types incl profile visitors absent.",partial,True,"Generalize typed bounded jobs for valuable export kinds, especially profile visitors, posts and campaign data; checksum/register/import artifacts; cancellation/retry need explicit stateful semantics.",Static code/spec audit only; current production activation and new provider response behavior not verified in this matrix.,https://docs.onlyfansapi.com/api-reference/data-exports/create-data-export
GET,/api/data-exports/{data_export_id},Data Exports,Get Data Export Status,getDataExportStatus,download_url_expires_in,partial,governed export status,/Users/dmitriy/code/goose/hub/apps/runtime/src/services/ofapi-export-quotes.ts:593 | /Users/dmitriy/code/goose/hub/packages/contracts/src/routes.ts:3840,"Status of Hub-owned narrow chat-message export jobs, including 60-minute URL request in progress. No general provider export inventory/status interface.",partial,True,"Generalize typed bounded jobs for valuable export kinds, especially profile visitors, posts and campaign data; checksum/register/import artifacts; cancellation/retry need explicit stateful semantics.",Static code/spec audit only; current production activation and new provider response behavior not verified in this matrix.,https://docs.onlyfansapi.com/api-reference/data-exports/get-data-export-status
DELETE,/api/data-exports/{data_export_id},Data Exports,Cancel Data Export,cancelDataExport,,absent,none,,"No explicit operation in the OFAPI typed client, supported gateway families, governed capture request planner or command/export executor.",none,False,"Generalize typed bounded jobs for valuable export kinds, especially profile visitors, posts and campaign data; checksum/register/import artifacts; cancellation/retry need explicit stateful semantics.",Static code/spec audit only; current production activation and new provider response behavior not verified in this matrix.,https://docs.onlyfansapi.com/api-reference/data-exports/cancel-data-export
POST,/api/data-exports/{data_export_id}/start,Data Exports,Start Data Export,startDataExport,,partial,one approved chat-message pilot,/Users/dmitriy/code/goose/hub/apps/runtime/src/services/ofapi-export-quotes.ts:560 | /Users/dmitriy/code/goose/hub/packages/contracts/src/routes.ts:3794 | /Users/dmitriy/code/goose/hub/docs/decisions.md:4770,"One stateful start after owner CAS, capped at 50 credits/1000 messages/three chats. Other export types and fleet start are outside current flow.",partial,True,"Generalize typed bounded jobs for valuable export kinds, especially profile visitors, posts and campaign data; checksum/register/import artifacts; cancellation/retry need explicit stateful semantics.",Static code/spec audit only; current production activation and new provider response behavior not verified in this matrix.,https://docs.onlyfansapi.com/api-reference/data-exports/start-data-export
POST,/api/data-exports/{data_export_id}/retry,Data Exports,Retry Failed Data Export,retryFailedDataExport,,absent,none,,"No explicit operation in the OFAPI typed client, supported gateway families, governed capture request planner or command/export executor.",none,False,"Generalize typed bounded jobs for valuable export kinds, especially profile visitors, posts and campaign data; checksum/register/import artifacts; cancellation/retry need explicit stateful semantics.",Static code/spec audit only; current production activation and new provider response behavior not verified in this matrix.,https://docs.onlyfansapi.com/api-reference/data-exports/retry-failed-data-export
POST,/api/webhooks/vatstack,Endpoints,"Handle a Vatstack webhook delivery. These report the outcome of
validations that could not complete synchronously because the
government registry was down at the time of the request.",handleAVatstackWebhookDeliveryTheseReportTheOutcomeOfValidationsThatCouldNotCompleteSynchronouslyBecauseTheGovernmentRegistryWasDownAtTheTimeOfTheRequest,,intentional exclusion,out of client scope,,Provider-internal tax-validation callback; not an agency client operation.,none,False,Exclude provider-internal callbacks.,Static code/spec audit only; current production activation and new provider response behavior not verified in this matrix.,
POST,/api/webhooks/coingate,Endpoints,Handle a CoinGate payment callback.,handleACoinGatePaymentCallback,,intentional exclusion,out of client scope,,Provider-internal payment callback; not an agency client operation.,none,False,Exclude provider-internal callbacks.,Static code/spec audit only; current production activation and new provider response behavior not verified in this matrix.,
GET,/api/{account}/engagement/messages/mass-messages,Engagement / Messages,Mass Messages,massMessages,startDate | endDate | limit | query,absent,none,,"No explicit operation in the OFAPI typed client, supported gateway families, governed capture request planner or command/export executor.",none,False,"High value: message buyers, direct/mass PPV performance and chart snapshots; preserve campaign identity, windows, cost and attribution.",Static code/spec audit only; current production activation and new provider response behavior not verified in this matrix.,https://docs.onlyfansapi.com/api-reference/engagement-messages/mass-messages
GET,/api/{account}/engagement/messages/direct-messages,Engagement / Messages,Direct Messages,directMessages,startDate | endDate | limit | query | offset,absent,none,,"No explicit operation in the OFAPI typed client, supported gateway families, governed capture request planner or command/export executor.",none,False,"High value: message buyers, direct/mass PPV performance and chart snapshots; preserve campaign identity, windows, cost and attribution.",Static code/spec audit only; current production activation and new provider response behavior not verified in this matrix.,https://docs.onlyfansapi.com/api-reference/engagement-messages/direct-messages
GET,/api/{account}/engagement/messages/mass-messages/chart,Engagement / Messages,Mass Messages Chart,massMessagesChart,startDate | endDate | withTotal,absent,none,,"No explicit operation in the OFAPI typed client, supported gateway families, governed capture request planner or command/export executor.",none,False,"High value: message buyers, direct/mass PPV performance and chart snapshots; preserve campaign identity, windows, cost and attribution.",Static code/spec audit only; current production activation and new provider response behavior not verified in this matrix.,https://docs.onlyfansapi.com/api-reference/engagement-messages/mass-messages-chart
GET,/api/{account}/engagement/messages/direct-messages/chart,Engagement / Messages,Direct Messages Chart,directMessagesChart,startDate | endDate | withTotal,absent,none,,"No explicit operation in the OFAPI typed client, supported gateway families, governed capture request planner or command/export executor.",none,False,"High value: message buyers, direct/mass PPV performance and chart snapshots; preserve campaign identity, windows, cost and attribution.",Static code/spec audit only; current production activation and new provider response behavior not verified in this matrix.,https://docs.onlyfansapi.com/api-reference/engagement-messages/direct-messages-chart
GET,/api/{account}/engagement/messages/top-message,Engagement / Messages,Top Message,topMessage,startDate | endDate,absent,none,,"No explicit operation in the OFAPI typed client, supported gateway families, governed capture request planner or command/export executor.",none,False,"High value: message buyers, direct/mass PPV performance and chart snapshots; preserve campaign identity, windows, cost and attribution.",Static code/spec audit only; current production activation and new provider response behavior not verified in this matrix.,https://docs.onlyfansapi.com/api-reference/engagement-messages/top-message
GET,/api/{account}/engagement/messages/{message_id}/buyers,Engagement / Messages,Message Buyers,messageBuyers,limit | offset | skip_users_dups | skip_users | marker,absent,none,,"No explicit operation in the OFAPI typed client, supported gateway families, governed capture request planner or command/export executor.",none,False,"High value: message buyers, direct/mass PPV performance and chart snapshots; preserve campaign identity, windows, cost and attribution.",Static code/spec audit only; current production activation and new provider response behavior not verified in this matrix.,https://docs.onlyfansapi.com/api-reference/engagement-messages/message-buyers
GET,/api/{account}/fans/all,Fans,List All Fans,listAllFans,limit | offset | type | filter | filter.online | filter.total_spent | filter.tips | filter.duration | filter.max_total_spent | query,partial,gateway,/Users/dmitriy/code/goose/hub/apps/runtime/src/services/ofapi-read-gateway.ts:275,"Only limit/offset/query/online=1/min-total-spent exposed. Missing type, online=0, tips, duration, max_total_spent. Index-backed max-spend coverage metadata is not modeled.",partial,True,Add expired/latest/subscription history and complete supported filters; separate index coverage from factual zero; reconcile webhook subscription expiry.,Static code/spec audit only; current production activation and new provider response behavior not verified in this matrix.,https://docs.onlyfansapi.com/api-reference/fans/list-all-fans
GET,/api/{account}/fans/active,Fans,List Active Fans,listActiveFans,limit | offset | type | filter | filter.online | filter.total_spent | filter.tips | filter.duration | filter.max_total_spent | query,partial,gateway + audience/subscription sync,/Users/dmitriy/code/goose/hub/apps/runtime/src/services/ofapi-read-gateway.ts:275 | /Users/dmitriy/code/goose/hub/apps/runtime/src/services/ofapi.ts:1636 | /Users/dmitriy/code/goose/hub/apps/runtime/src/services/sync/ofapi-audience-sync.ts:440,"Only limit/offset/query/online=1/min-total-spent exposed. Missing type, online=0, tips, duration, max_total_spent. Index-backed max-spend coverage metadata is not modeled. Audience consumer ignores nextPageUrl and advances by returned item count; 19 items with next offset 20 saves offset 19. Empty+hasMore resets sweep despite withheld generation expiry.",partial,True,Add expired/latest/subscription history and complete supported filters; separate index coverage from factual zero; reconcile webhook subscription expiry.,Executed current source mapping/cursor with local DB stubs and documented/synthetic fixtures; see comparison-probes.mjs/json. Live incidence not measured.,https://docs.onlyfansapi.com/api-reference/fans/list-active-fans
GET,/api/{account}/fans/expired,Fans,List Expired Fans,listExpiredFans,limit | offset | type | filter | filter.online | filter.total_spent | filter.tips | filter.duration | filter.max_total_spent | query,absent,none,,"No explicit operation in the OFAPI typed client, supported gateway families, governed capture request planner or command/export executor.",none,False,Add expired/latest/subscription history and complete supported filters; separate index coverage from factual zero; reconcile webhook subscription expiry.,Static code/spec audit only; current production activation and new provider response behavior not verified in this matrix.,https://docs.onlyfansapi.com/api-reference/fans/list-expired-fans
GET,/api/{account}/fans/latest,Fans,List Latest Fans,listLatestFans,start_date | end_date | type | offset | limit,absent,none,,"No explicit operation in the OFAPI typed client, supported gateway families, governed capture request planner or command/export executor.",none,False,Add expired/latest/subscription history and complete supported filters; separate index coverage from factual zero; reconcile webhook subscription expiry.,Static code/spec audit only; current production activation and new provider response behavior not verified in this matrix.,https://docs.onlyfansapi.com/api-reference/fans/list-latest-fans
GET,/api/{account}/fans/top,Fans,List Top Fans,listTopFans,start_date | end_date | by,absent,none,,"No explicit operation in the OFAPI typed client, supported gateway families, governed capture request planner or command/export executor.",none,False,Add expired/latest/subscription history and complete supported filters; separate index coverage from factual zero; reconcile webhook subscription expiry.,Static code/spec audit only; current production activation and new provider response behavior not verified in this matrix.,https://docs.onlyfansapi.com/api-reference/fans/list-top-fans
PUT,/api/{account}/fans/{fan_id}/custom-name,Fans,Set Fan's Custom Name,setFansCustomName,,absent,none,,"No explicit operation in the OFAPI typed client, supported gateway families, governed capture request planner or command/export executor.",none,False,Add expired/latest/subscription history and complete supported filters; separate index coverage from factual zero; reconcile webhook subscription expiry.,Static code/spec audit only; current production activation and new provider response behavior not verified in this matrix.,https://docs.onlyfansapi.com/api-reference/fans/set-fans-custom-name
GET,/api/{account}/fans/{fan_id}/notes,Fans,Get Fan Notes,getFanNotes,,absent,none,,"No explicit operation in the OFAPI typed client, supported gateway families, governed capture request planner or command/export executor.",none,False,Add expired/latest/subscription history and complete supported filters; separate index coverage from factual zero; reconcile webhook subscription expiry.,Static code/spec audit only; current production activation and new provider response behavior not verified in this matrix.,https://docs.onlyfansapi.com/api-reference/fans/get-fan-notes
PUT,/api/{account}/fans/{fan_id}/notes,Fans,Create/Edit Fan Notes,createEditFanNotes,,absent,none,,"No explicit operation in the OFAPI typed client, supported gateway families, governed capture request planner or command/export executor.",none,False,Add expired/latest/subscription history and complete supported filters; separate index coverage from factual zero; reconcile webhook subscription expiry.,Static code/spec audit only; current production activation and new provider response behavior not verified in this matrix.,https://docs.onlyfansapi.com/api-reference/fans/create-edit-fan-notes
DELETE,/api/{account}/fans/{fan_id}/notes,Fans,Clear Fan Notes,clearFanNotes,,absent,none,,"No explicit operation in the OFAPI typed client, supported gateway families, governed capture request planner or command/export executor.",none,False,Add expired/latest/subscription history and complete supported filters; separate index coverage from factual zero; reconcile webhook subscription expiry.,Static code/spec audit only; current production activation and new provider response behavior not verified in this matrix.,https://docs.onlyfansapi.com/api-reference/fans/clear-fan-notes
GET,/api/{account}/fans/{user_id}/subscriptions-history,Fans,Get Subscription History,getSubscriptionHistory,,absent,none,,"No explicit operation in the OFAPI typed client, supported gateway families, governed capture request planner or command/export executor.",none,False,Add expired/latest/subscription history and complete supported filters; separate index coverage from factual zero; reconcile webhook subscription expiry.,Static code/spec audit only; current production activation and new provider response behavior not verified in this matrix.,https://docs.onlyfansapi.com/api-reference/fans/get-subscription-history
GET,/api/fan-summary-categories,Fans - AI Summary,List Custom Summary Categories,listCustomSummaryCategories,,absent,none,,"No explicit operation in the OFAPI typed client, supported gateway families, governed capture request planner or command/export executor.",none,False,"Defer: Hub already owns fan dossiers, prompts, AI spend and provenance; provider summaries would duplicate the authority unless used as separately sourced enrichment.",Static code/spec audit only; current production activation and new provider response behavior not verified in this matrix.,https://docs.onlyfansapi.com/api-reference/fans-ai-summary/list-custom-summary-categories
POST,/api/fan-summary-categories,Fans - AI Summary,Create Custom Summary Category,createCustomSummaryCategory,,absent,none,,"No explicit operation in the OFAPI typed client, supported gateway families, governed capture request planner or command/export executor.",none,False,"Defer: Hub already owns fan dossiers, prompts, AI spend and provenance; provider summaries would duplicate the authority unless used as separately sourced enrichment.",Static code/spec audit only; current production activation and new provider response behavior not verified in this matrix.,https://docs.onlyfansapi.com/api-reference/fans-ai-summary/create-custom-summary-category
PUT,/api/fan-summary-categories/{category_id},Fans - AI Summary,Update Custom Summary Category,updateCustomSummaryCategory,,absent,none,,"No explicit operation in the OFAPI typed client, supported gateway families, governed capture request planner or command/export executor.",none,False,"Defer: Hub already owns fan dossiers, prompts, AI spend and provenance; provider summaries would duplicate the authority unless used as separately sourced enrichment.",Static code/spec audit only; current production activation and new provider response behavior not verified in this matrix.,https://docs.onlyfansapi.com/api-reference/fans-ai-summary/update-custom-summary-category
DELETE,/api/fan-summary-categories/{category_id},Fans - AI Summary,Delete Custom Summary Category,deleteCustomSummaryCategory,,absent,none,,"No explicit operation in the OFAPI typed client, supported gateway families, governed capture request planner or command/export executor.",none,False,"Defer: Hub already owns fan dossiers, prompts, AI spend and provenance; provider summaries would duplicate the authority unless used as separately sourced enrichment.",Static code/spec audit only; current production activation and new provider response behavior not verified in this matrix.,https://docs.onlyfansapi.com/api-reference/fans-ai-summary/delete-custom-summary-category
GET,/api/{account}/fans/{fan_id}/summary,Fans - AI Summary,Get Fan Summary,getFanSummary,,absent,none,,"No explicit operation in the OFAPI typed client, supported gateway families, governed capture request planner or command/export executor.",none,False,"Defer: Hub already owns fan dossiers, prompts, AI spend and provenance; provider summaries would duplicate the authority unless used as separately sourced enrichment.",Static code/spec audit only; current production activation and new provider response behavior not verified in this matrix.,https://docs.onlyfansapi.com/api-reference/fans-ai-summary/get-fan-summary
POST,/api/{account}/fans/{fan_id}/summary,Fans - AI Summary,Generate Fan Summary,generateFanSummary,,absent,none,,"No explicit operation in the OFAPI typed client, supported gateway families, governed capture request planner or command/export executor.",none,False,"Defer: Hub already owns fan dossiers, prompts, AI spend and provenance; provider summaries would duplicate the authority unless used as separately sourced enrichment.",Static code/spec audit only; current production activation and new provider response behavior not verified in this matrix.,https://docs.onlyfansapi.com/api-reference/fans-ai-summary/generate-fan-summary
GET,/api/{account}/following/all,Following,List All Followings,listAllFollowings,limit | offset | query | filter | filter.online | filter.paid | sort | sortDirection,absent,none,,"No explicit operation in the OFAPI typed client, supported gateway families, governed capture request planner or command/export executor.",none,False,Defer unless account-relationship/support workflows need it.,Static code/spec audit only; current production activation and new provider response behavior not verified in this matrix.,https://docs.onlyfansapi.com/api-reference/following/list-all-followings
GET,/api/{account}/following/active,Following,List Active Followings,listActiveFollowings,limit | offset | query | filter | filter.online | filter.paid | sort | sortDirection,absent,none,,"No explicit operation in the OFAPI typed client, supported gateway families, governed capture request planner or command/export executor.",none,False,Defer unless account-relationship/support workflows need it.,Static code/spec audit only; current production activation and new provider response behavior not verified in this matrix.,https://docs.onlyfansapi.com/api-reference/following/list-active-followings
GET,/api/{account}/following/expired,Following,List Expired Followings,listExpiredFollowings,limit | offset | query | filter | filter.online | filter.paid | sort | sortDirection,absent,none,,"No explicit operation in the OFAPI typed client, supported gateway families, governed capture request planner or command/export executor.",none,False,Defer unless account-relationship/support workflows need it.,Static code/spec audit only; current production activation and new provider response behavior not verified in this matrix.,https://docs.onlyfansapi.com/api-reference/following/list-expired-followings
GET,/api/{account}/trial-links,Free Trial Links,List Free Trial Links,listFreeTrialLinks,startDate | endDate | limit | offset | sort | field | synchronous,partial,identity sync,/Users/dmitriy/code/goose/hub/apps/runtime/src/services/ofapi.ts:1738 | /Users/dmitriy/code/goose/hub/apps/runtime/src/services/sync/ofapi-fan-identities.ts:311,"List + bounded identity discovery exist. Only limit/offset; missing date range, sort/field and synchronous.",partial,True,"Add spenders/stats/cohort ARPS/tags, get/create/revoke after read-side data is modeled.",Static code/spec audit only; current production activation and new provider response behavior not verified in this matrix.,https://docs.onlyfansapi.com/api-reference/free-trial-links/list-free-trial-links
POST,/api/{account}/trial-links,Free Trial Links,Create Free Trial Link,createFreeTrialLink,,absent,none,,"No explicit operation in the OFAPI typed client, supported gateway families, governed capture request planner or command/export executor.",none,False,"Add spenders/stats/cohort ARPS/tags, get/create/revoke after read-side data is modeled.",Static code/spec audit only; current production activation and new provider response behavior not verified in this matrix.,https://docs.onlyfansapi.com/api-reference/free-trial-links/create-free-trial-link
GET,/api/{account}/trial-links/{trial_link_id},Free Trial Links,Get Free Trial Link,getFreeTrialLink,,absent,none,,"No explicit operation in the OFAPI typed client, supported gateway families, governed capture request planner or command/export executor.",none,False,"Add spenders/stats/cohort ARPS/tags, get/create/revoke after read-side data is modeled.",Static code/spec audit only; current production activation and new provider response behavior not verified in this matrix.,https://docs.onlyfansapi.com/api-reference/free-trial-links/get-free-trial-link
DELETE,/api/{account}/trial-links/{trial_link_id},Free Trial Links,Delete Free Trial Link,deleteFreeTrialLink,,absent,none,,"No explicit operation in the OFAPI typed client, supported gateway families, governed capture request planner or command/export executor.",none,False,"Add spenders/stats/cohort ARPS/tags, get/create/revoke after read-side data is modeled.",Static code/spec audit only; current production activation and new provider response behavior not verified in this matrix.,https://docs.onlyfansapi.com/api-reference/free-trial-links/delete-free-trial-link
GET,/api/{account}/trial-links/{trial_link_id}/subscribers,Free Trial Links,List Free Trial Link Subscribers,listFreeTrialLinkSubscribers,limit | offset,full,identity sync,/Users/dmitriy/code/goose/hub/apps/runtime/src/services/ofapi.ts:1754 | /Users/dmitriy/code/goose/hub/apps/runtime/src/services/sync/ofapi-fan-identities.ts:375,List with limit/offset consumed by checkpointed identity discovery.,complete,True,"Add spenders/stats/cohort ARPS/tags, get/create/revoke after read-side data is modeled.",Static code/spec audit only; current production activation and new provider response behavior not verified in this matrix.,https://docs.onlyfansapi.com/api-reference/free-trial-links/list-free-trial-link-subscribers
GET,/api/{account}/trial-links/{trial_link_id}/spenders,Free Trial Links,List Free Trial Link Spenders,listFreeTrialLinkSpenders,limit | offset | minSpend,absent,none,,"No explicit operation in the OFAPI typed client, supported gateway families, governed capture request planner or command/export executor.",none,False,"Add spenders/stats/cohort ARPS/tags, get/create/revoke after read-side data is modeled.",Static code/spec audit only; current production activation and new provider response behavior not verified in this matrix.,https://docs.onlyfansapi.com/api-reference/free-trial-links/list-free-trial-link-spenders
GET,/api/{account}/trial-links/{trial_link_id}/stats,Free Trial Links,Get Free Trial Link Stats,getFreeTrialLinkStats,date_start | date_end,absent,none,,"No explicit operation in the OFAPI typed client, supported gateway families, governed capture request planner or command/export executor.",none,False,"Add spenders/stats/cohort ARPS/tags, get/create/revoke after read-side data is modeled.",Static code/spec audit only; current production activation and new provider response behavior not verified in this matrix.,https://docs.onlyfansapi.com/api-reference/free-trial-links/get-free-trial-link-stats
GET,/api/{account}/trial-links/{trial_link_id}/cohort-arps,Free Trial Links,Get Free Trial Link Cohort ARPS,getFreeTrialLinkCohortARPS,acquisition_start | acquisition_end | revenue_basis,absent,none,,"No explicit operation in the OFAPI typed client, supported gateway families, governed capture request planner or command/export executor.",none,False,"Add spenders/stats/cohort ARPS/tags, get/create/revoke after read-side data is modeled.",Static code/spec audit only; current production activation and new provider response behavior not verified in this matrix.,https://docs.onlyfansapi.com/api-reference/free-trial-links/get-free-trial-link-cohort-arps
GET,/api/{account}/trial-links/{trial_link_id}/tags,Free Trial Links,List Free Trial Link Tags,listFreeTrialLinkTags,,absent,none,,"No explicit operation in the OFAPI typed client, supported gateway families, governed capture request planner or command/export executor.",none,False,"Add spenders/stats/cohort ARPS/tags, get/create/revoke after read-side data is modeled.",Static code/spec audit only; current production activation and new provider response behavior not verified in this matrix.,https://docs.onlyfansapi.com/api-reference/free-trial-links/list-free-trial-link-tags
POST,/api/{account}/trial-links/{trial_link_id}/tags,Free Trial Links,Add Free Trial Link Tags,addFreeTrialLinkTags,,absent,none,,"No explicit operation in the OFAPI typed client, supported gateway families, governed capture request planner or command/export executor.",none,False,"Add spenders/stats/cohort ARPS/tags, get/create/revoke after read-side data is modeled.",Static code/spec audit only; current production activation and new provider response behavior not verified in this matrix.,https://docs.onlyfansapi.com/api-reference/free-trial-links/add-free-trial-link-tags
DELETE,/api/{account}/trial-links/{trial_link_id}/tags,Free Trial Links,Remove Free Trial Link Tags,removeFreeTrialLinkTags,,absent,none,,"No explicit operation in the OFAPI typed client, supported gateway families, governed capture request planner or command/export executor.",none,False,"Add spenders/stats/cohort ARPS/tags, get/create/revoke after read-side data is modeled.",Static code/spec audit only; current production activation and new provider response behavior not verified in this matrix.,https://docs.onlyfansapi.com/api-reference/free-trial-links/remove-free-trial-link-tags
GET,/api/{account}/giphy/trending,Giphy,List Trending GIFs,listTrendingGIFs,limit | offset,absent,none,,"No explicit operation in the OFAPI typed client, supported gateway families, governed capture request planner or command/export executor.",none,False,Optional user-facing GIF picker and versioned giphyId send support.,Static code/spec audit only; current production activation and new provider response behavior not verified in this matrix.,https://docs.onlyfansapi.com/api-reference/giphy/list-trending-gi-fs
GET,/api/{account}/giphy/search,Giphy,Search GIFs,searchGIFs,q | limit | offset,absent,none,,"No explicit operation in the OFAPI typed client, supported gateway families, governed capture request planner or command/export executor.",none,False,Optional user-facing GIF picker and versioned giphyId send support.,Static code/spec audit only; current production activation and new provider response behavior not verified in this matrix.,https://docs.onlyfansapi.com/api-reference/giphy/search-gi-fs
GET,/api/link-tags,Link Tags,List All Link Tags,listAllLinkTags,type,absent,none,,"No explicit operation in the OFAPI typed client, supported gateway families, governed capture request planner or command/export executor.",none,False,"Shared taxonomy for tracking/trial/smart-link attribution, with cached read before mutations.",Static code/spec audit only; current production activation and new provider response behavior not verified in this matrix.,https://docs.onlyfansapi.com/api-reference/link-tags/list-all-link-tags
GET,/api/{account}/mass-messaging/overview,Mass Messaging,Get Mass Message Overview,getMassMessageOverview,startDate | endDate | limit | query,absent,none,,"No explicit operation in the OFAPI typed client, supported gateway families, governed capture request planner or command/export executor.",none,False,First preserve queue/campaign status and recipients/results; then a dedicated preview->approve->one-attempt scheduler flow for writes.,Static code/spec audit only; current production activation and new provider response behavior not verified in this matrix.,https://docs.onlyfansapi.com/api-reference/mass-messaging/get-mass-message-overview
GET,/api/{account}/mass-messaging,Mass Messaging,List Mass Message Queue,listMassMessageQueue,,absent,none,,"No explicit operation in the OFAPI typed client, supported gateway families, governed capture request planner or command/export executor.",none,False,First preserve queue/campaign status and recipients/results; then a dedicated preview->approve->one-attempt scheduler flow for writes.,Static code/spec audit only; current production activation and new provider response behavior not verified in this matrix.,https://docs.onlyfansapi.com/api-reference/mass-messaging/list-mass-message-queue
POST,/api/{account}/mass-messaging,Mass Messaging,Send Mass Message,sendMassMessage,,absent,none,,"No explicit operation in the OFAPI typed client, supported gateway families, governed capture request planner or command/export executor.",none,False,First preserve queue/campaign status and recipients/results; then a dedicated preview->approve->one-attempt scheduler flow for writes.,Static code/spec audit only; current production activation and new provider response behavior not verified in this matrix.,https://docs.onlyfansapi.com/api-reference/mass-messaging/send-mass-message
GET,/api/{account}/mass-messaging/{id},Mass Messaging,Get Mass Message,getMassMessage,,absent,none,,"No explicit operation in the OFAPI typed client, supported gateway families, governed capture request planner or command/export executor.",none,False,First preserve queue/campaign status and recipients/results; then a dedicated preview->approve->one-attempt scheduler flow for writes.,Static code/spec audit only; current production activation and new provider response behavior not verified in this matrix.,https://docs.onlyfansapi.com/api-reference/mass-messaging/get-mass-message
PUT,/api/{account}/mass-messaging/{id},Mass Messaging,Update Mass Message,updateMassMessage,,absent,none,,"No explicit operation in the OFAPI typed client, supported gateway families, governed capture request planner or command/export executor.",none,False,First preserve queue/campaign status and recipients/results; then a dedicated preview->approve->one-attempt scheduler flow for writes.,Static code/spec audit only; current production activation and new provider response behavior not verified in this matrix.,https://docs.onlyfansapi.com/api-reference/mass-messaging/update-mass-message
DELETE,/api/{account}/mass-messaging/{id},Mass Messaging,Unsend/Delete Mass Message,unsendDeleteMassMessage,,absent,none,,"No explicit operation in the OFAPI typed client, supported gateway families, governed capture request planner or command/export executor.",none,False,First preserve queue/campaign status and recipients/results; then a dedicated preview->approve->one-attempt scheduler flow for writes.,Static code/spec audit only; current production activation and new provider response behavior not verified in this matrix.,https://docs.onlyfansapi.com/api-reference/mass-messaging/unsend-delete-mass-message
POST,/api/{account}/media/upload,Media,Upload media to the OnlyFans CDN,uploadMediaToTheOnlyFansCDN,,absent,none,,"No explicit operation in the OFAPI typed client, supported gateway families, governed capture request planner or command/export executor.",none,False,"High value: governed durable upload lifecycle, status+webhooks, provenance/release forms and safe reuse in sends/posts; signed URLs are not durable assets.",Static code/spec audit only; current production activation and new provider response behavior not verified in this matrix.,https://docs.onlyfansapi.com/api-reference/media/upload-media-to-the-only-fans-cdn
POST,/api/{account}/media/scrape,Media,[Deprecated] Scrape media from the OnlyFans CDN,DeprecatedScrapeMediaFromTheOnlyFansCDN,,intentional exclusion,out of client scope,,Explicitly deprecated provider operation; replace with supported media/upload/download workflows if needed.,none,False,"High value: governed durable upload lifecycle, status+webhooks, provenance/release forms and safe reuse in sends/posts; signed URLs are not durable assets.",Static code/spec audit only; current production activation and new provider response behavior not verified in this matrix.,https://docs.onlyfansapi.com/api-reference/media/deprecated-scrape-media-from-the-only-fans-cdn
GET,/api/{account}/media/download/drm/{media_id},Media,Download DRM-protected Media,downloadDRMProtectedMedia,,absent,none,,"No explicit operation in the OFAPI typed client, supported gateway families, governed capture request planner or command/export executor.",none,False,"High value: governed durable upload lifecycle, status+webhooks, provenance/release forms and safe reuse in sends/posts; signed URLs are not durable assets.",Static code/spec audit only; current production activation and new provider response behavior not verified in this matrix.,https://docs.onlyfansapi.com/api-reference/media/download-drm-protected-media
GET,/api/{account}/media/download/{cdnUrl},Media,Download Media from the OnlyFans CDN,downloadMediaFromTheOnlyFansCDN,,absent,none,,"No explicit operation in the OFAPI typed client, supported gateway families, governed capture request planner or command/export executor.",none,False,"High value: governed durable upload lifecycle, status+webhooks, provenance/release forms and safe reuse in sends/posts; signed URLs are not durable assets.",Static code/spec audit only; current production activation and new provider response behavior not verified in this matrix.,https://docs.onlyfansapi.com/api-reference/media/download-media-from-the-only-fans-cdn
GET,/api/{account}/media/uploads/{upload}/status,Media,Get Upload Status,getUploadStatus,,partial,gateway,/Users/dmitriy/code/goose/hub/apps/runtime/src/services/ofapi-read-gateway.ts:342 | /Users/dmitriy/code/goose/hub/apps/runtime/src/services/ofapi-capture-contract.ts:81,"Read-only status is supported; upload creation, durable upload job and media_uploads webhook lifecycle are absent.",complete,True,"High value: governed durable upload lifecycle, status+webhooks, provenance/release forms and safe reuse in sends/posts; signed URLs are not durable assets.",Static code/spec audit only; current production activation and new provider response behavior not verified in this matrix.,https://docs.onlyfansapi.com/api-reference/media/get-upload-status
DELETE,/api/{account}/media/vault/delete-media,Media Vault,Delete Vault Media,deleteVaultMedia,,absent,none,,"No explicit operation in the OFAPI typed client, supported gateway families, governed capture request planner or command/export executor.",none,False,Add OF vault catalog reconciliation/details and durable upload flow; destructive removal separate from catalog facts.,Static code/spec audit only; current production activation and new provider response behavior not verified in this matrix.,https://docs.onlyfansapi.com/api-reference/media-vault/delete-vault-media
GET,/api/{account}/media/vault,Media Vault,List Vault Media,listVaultMedia,query | field | type | list | sort | limit | offset,partial,gateway,/Users/dmitriy/code/goose/hub/apps/runtime/src/services/ofapi-read-gateway.ts:305,Read-only raw vault listing/capture. No complete OF vault catalog/synchronization or upload lifecycle.,complete,True,Add OF vault catalog reconciliation/details and durable upload flow; destructive removal separate from catalog facts.,Static code/spec audit only; current production activation and new provider response behavior not verified in this matrix.,https://docs.onlyfansapi.com/api-reference/media-vault/list-vault-media
POST,/api/{account}/media/vault,Media Vault,Upload Media to Vault,uploadMediaToVault,,absent,none,,"No explicit operation in the OFAPI typed client, supported gateway families, governed capture request planner or command/export executor.",none,False,Add OF vault catalog reconciliation/details and durable upload flow; destructive removal separate from catalog facts.,Static code/spec audit only; current production activation and new provider response behavior not verified in this matrix.,https://docs.onlyfansapi.com/api-reference/media-vault/upload-media-to-vault
GET,/api/{account}/media/vault/{media_id},Media Vault,Get Vault Media,getVaultMedia,,partial,gateway,/Users/dmitriy/code/goose/hub/apps/runtime/src/services/ofapi-read-gateway.ts:330,Raw media details/capture. No complete OF media-asset lifecycle.,complete,True,Add OF vault catalog reconciliation/details and durable upload flow; destructive removal separate from catalog facts.,Static code/spec audit only; current production activation and new provider response behavior not verified in this matrix.,https://docs.onlyfansapi.com/api-reference/media-vault/get-vault-media
GET,/api/{account}/media/vault/lists,Media Vault Lists,List Vault Lists,listVaultLists,query | limit | offset | lightweight,partial,gateway,/Users/dmitriy/code/goose/hub/apps/runtime/src/services/ofapi-read-gateway.ts:320,Raw lists only. Missing lightweight query and all provider list mutation workflows.,partial,True,Add list details/memberships and bounded create/rename/add/remove commands; preserve source identifiers.,Static code/spec audit only; current production activation and new provider response behavior not verified in this matrix.,https://docs.onlyfansapi.com/api-reference/media-vault-lists/list-vault-lists
POST,/api/{account}/media/vault/lists,Media Vault Lists,Create Vault List,createVaultList,,absent,none,,"No explicit operation in the OFAPI typed client, supported gateway families, governed capture request planner or command/export executor.",none,False,Add list details/memberships and bounded create/rename/add/remove commands; preserve source identifiers.,Static code/spec audit only; current production activation and new provider response behavior not verified in this matrix.,https://docs.onlyfansapi.com/api-reference/media-vault-lists/create-vault-list
GET,/api/{account}/media/vault/lists/{list_id},Media Vault Lists,Show Vault List,showVaultList,,absent,none,,"No explicit operation in the OFAPI typed client, supported gateway families, governed capture request planner or command/export executor.",none,False,Add list details/memberships and bounded create/rename/add/remove commands; preserve source identifiers.,Static code/spec audit only; current production activation and new provider response behavior not verified in this matrix.,https://docs.onlyfansapi.com/api-reference/media-vault-lists/show-vault-list
PUT,/api/{account}/media/vault/lists/{list_id},Media Vault Lists,Rename Vault List,renameVaultList,,absent,none,,"No explicit operation in the OFAPI typed client, supported gateway families, governed capture request planner or command/export executor.",none,False,Add list details/memberships and bounded create/rename/add/remove commands; preserve source identifiers.,Static code/spec audit only; current production activation and new provider response behavior not verified in this matrix.,https://docs.onlyfansapi.com/api-reference/media-vault-lists/rename-vault-list
DELETE,/api/{account}/media/vault/lists/{list_id},Media Vault Lists,Delete Vault List,deleteVaultList,,absent,none,,"No explicit operation in the OFAPI typed client, supported gateway families, governed capture request planner or command/export executor.",none,False,Add list details/memberships and bounded create/rename/add/remove commands; preserve source identifiers.,Static code/spec audit only; current production activation and new provider response behavior not verified in this matrix.,https://docs.onlyfansapi.com/api-reference/media-vault-lists/delete-vault-list
POST,/api/{account}/media/vault/lists/{list_id}/media,Media Vault Lists,Add Media To List,addMediaToList,,absent,none,,"No explicit operation in the OFAPI typed client, supported gateway families, governed capture request planner or command/export executor.",none,False,Add list details/memberships and bounded create/rename/add/remove commands; preserve source identifiers.,Static code/spec audit only; current production activation and new provider response behavior not verified in this matrix.,https://docs.onlyfansapi.com/api-reference/media-vault-lists/add-media-to-list
DELETE,/api/{account}/media/vault/lists/{list_id}/media,Media Vault Lists,Remove Media From List,removeMediaFromList,,absent,none,,"No explicit operation in the OFAPI typed client, supported gateway families, governed capture request planner or command/export executor.",none,False,Add list details/memberships and bounded create/rename/add/remove commands; preserve source identifiers.,Static code/spec audit only; current production activation and new provider response behavior not verified in this matrix.,https://docs.onlyfansapi.com/api-reference/media-vault-lists/remove-media-from-list
GET,/api/{account}/notifications,Notifications,List Notifications,listNotifications,type | limit | from_id | skip_users,absent,none,,"No explicit operation in the OFAPI typed client, supported gateway families, governed capture request planner or command/export executor.",none,False,"Optional account-level notification counts/read model, explicit mark-read operations; webhook history is a different resource.",Static code/spec audit only; current production activation and new provider response behavior not verified in this matrix.,https://docs.onlyfansapi.com/api-reference/notifications/list-notifications
GET,/api/{account}/notifications/search-users,Notifications,Search Users In Notifications,searchUsersInNotifications,query,absent,none,,"No explicit operation in the OFAPI typed client, supported gateway families, governed capture request planner or command/export executor.",none,False,"Optional account-level notification counts/read model, explicit mark-read operations; webhook history is a different resource.",Static code/spec audit only; current production activation and new provider response behavior not verified in this matrix.,https://docs.onlyfansapi.com/api-reference/notifications/search-users-in-notifications
GET,/api/{account}/notifications/counts,Notifications,Get Notification Counts,getNotificationCounts,,absent,none,,"No explicit operation in the OFAPI typed client, supported gateway families, governed capture request planner or command/export executor.",none,False,"Optional account-level notification counts/read model, explicit mark-read operations; webhook history is a different resource.",Static code/spec audit only; current production activation and new provider response behavior not verified in this matrix.,https://docs.onlyfansapi.com/api-reference/notifications/get-notification-counts
POST,/api/{account}/notifications/mark-all-as-read,Notifications,Mark All Notifications As Read,markAllNotificationsAsRead,,absent,none,,"No explicit operation in the OFAPI typed client, supported gateway families, governed capture request planner or command/export executor.",none,False,"Optional account-level notification counts/read model, explicit mark-read operations; webhook history is a different resource.",Static code/spec audit only; current production activation and new provider response behavior not verified in this matrix.,https://docs.onlyfansapi.com/api-reference/notifications/mark-all-notifications-as-read
GET,/api/{account}/notifications/tabs-order,Notifications,Get Notification Tabs Order,getNotificationTabsOrder,,absent,none,,"No explicit operation in the OFAPI typed client, supported gateway families, governed capture request planner or command/export executor.",none,False,"Optional account-level notification counts/read model, explicit mark-read operations; webhook history is a different resource.",Static code/spec audit only; current production activation and new provider response behavior not verified in this matrix.,https://docs.onlyfansapi.com/api-reference/notifications/get-notification-tabs-order
PUT,/api/{account}/notifications/tabs-order,Notifications,Update Notification Tabs Order,updateNotificationTabsOrder,,absent,none,,"No explicit operation in the OFAPI typed client, supported gateway families, governed capture request planner or command/export executor.",none,False,"Optional account-level notification counts/read model, explicit mark-read operations; webhook history is a different resource.",Static code/spec audit only; current production activation and new provider response behavior not verified in this matrix.,https://docs.onlyfansapi.com/api-reference/notifications/update-notification-tabs-order
GET,/api/{account}/payouts/balances,Payouts,Get Account Balances,getAccountBalances,,absent,none,,"No explicit operation in the OFAPI typed client, supported gateway families, governed capture request planner or command/export executor.",none,False,Read-only balances/payout status may help owner operations; defer provider withdrawal/frequency mutations.,Static code/spec audit only; current production activation and new provider response behavior not verified in this matrix.,https://docs.onlyfansapi.com/api-reference/payouts/get-account-balances
GET,/api/{account}/payouts/eligibility,Payouts,Get Eligibility,getEligibility,,absent,none,,"No explicit operation in the OFAPI typed client, supported gateway families, governed capture request planner or command/export executor.",none,False,Read-only balances/payout status may help owner operations; defer provider withdrawal/frequency mutations.,Static code/spec audit only; current production activation and new provider response behavior not verified in this matrix.,https://docs.onlyfansapi.com/api-reference/payouts/get-eligibility
GET,/api/{account}/payouts/earning-statistics,Payouts,Get Earning Statistics,getEarningStatistics,startDate | endDate,absent,none,,"No explicit operation in the OFAPI typed client, supported gateway families, governed capture request planner or command/export executor.",none,False,Read-only balances/payout status may help owner operations; defer provider withdrawal/frequency mutations.,Static code/spec audit only; current production activation and new provider response behavior not verified in this matrix.,https://docs.onlyfansapi.com/api-reference/payouts/get-earning-statistics
GET,/api/{account}/payouts/payout-requests,Payouts,List Payout Requests,listPayoutRequests,limit | offset,absent,none,,"No explicit operation in the OFAPI typed client, supported gateway families, governed capture request planner or command/export executor.",none,False,Read-only balances/payout status may help owner operations; defer provider withdrawal/frequency mutations.,Static code/spec audit only; current production activation and new provider response behavior not verified in this matrix.,https://docs.onlyfansapi.com/api-reference/payouts/list-payout-requests
PATCH,/api/{account}/payouts/payout-frequency,Payouts,Update Payout Frequency,updatePayoutFrequency,,absent,none,,"No explicit operation in the OFAPI typed client, supported gateway families, governed capture request planner or command/export executor.",none,False,Read-only balances/payout status may help owner operations; defer provider withdrawal/frequency mutations.,Static code/spec audit only; current production activation and new provider response behavior not verified in this matrix.,https://docs.onlyfansapi.com/api-reference/payouts/update-payout-frequency
POST,/api/{account}/payouts/request-manual-withdrawal,Payouts,Request Manual Withdrawal,requestManualWithdrawal,,absent,none,,"No explicit operation in the OFAPI typed client, supported gateway families, governed capture request planner or command/export executor.",none,False,Read-only balances/payout status may help owner operations; defer provider withdrawal/frequency mutations.,Static code/spec audit only; current production activation and new provider response behavior not verified in this matrix.,https://docs.onlyfansapi.com/api-reference/payouts/request-manual-withdrawal
GET,/api/{account}/posts/{post_id}/comments,Post Comments,List Post Comments,listPostComments,limit | offset | sort,absent,none,,"No explicit operation in the OFAPI typed client, supported gateway families, governed capture request planner or command/export executor.",none,False,Add retained comments/reactions and moderation if content operations need it; writes via command custody.,Static code/spec audit only; current production activation and new provider response behavior not verified in this matrix.,https://docs.onlyfansapi.com/api-reference/post-comments/list-post-comments
POST,/api/{account}/posts/{post_id}/comments,Post Comments,Create Post Comment,createPostComment,text | answerTo | giphyId,absent,none,,"No explicit operation in the OFAPI typed client, supported gateway families, governed capture request planner or command/export executor.",none,False,Add retained comments/reactions and moderation if content operations need it; writes via command custody.,Static code/spec audit only; current production activation and new provider response behavior not verified in this matrix.,https://docs.onlyfansapi.com/api-reference/post-comments/create-post-comment
DELETE,/api/{account}/posts/{post_id}/comments/{comment_id},Post Comments,Delete Post Comment,deletePostComment,,absent,none,,"No explicit operation in the OFAPI typed client, supported gateway families, governed capture request planner or command/export executor.",none,False,Add retained comments/reactions and moderation if content operations need it; writes via command custody.,Static code/spec audit only; current production activation and new provider response behavior not verified in this matrix.,https://docs.onlyfansapi.com/api-reference/post-comments/delete-post-comment
POST,/api/{account}/posts/{post_id}/comments/{comment_id}/pin,Post Comments,Pin Post Comment,pinPostComment,,absent,none,,"No explicit operation in the OFAPI typed client, supported gateway families, governed capture request planner or command/export executor.",none,False,Add retained comments/reactions and moderation if content operations need it; writes via command custody.,Static code/spec audit only; current production activation and new provider response behavior not verified in this matrix.,https://docs.onlyfansapi.com/api-reference/post-comments/pin-post-comment
DELETE,/api/{account}/posts/{post_id}/comments/{comment_id}/pin,Post Comments,Unpin Post Comment,unpinPostComment,,absent,none,,"No explicit operation in the OFAPI typed client, supported gateway families, governed capture request planner or command/export executor.",none,False,Add retained comments/reactions and moderation if content operations need it; writes via command custody.,Static code/spec audit only; current production activation and new provider response behavior not verified in this matrix.,https://docs.onlyfansapi.com/api-reference/post-comments/unpin-post-comment
POST,/api/{account}/posts/{post_id}/comments/{comment_id}/like,Post Comments,Like Post Comment,likePostComment,,absent,none,,"No explicit operation in the OFAPI typed client, supported gateway families, governed capture request planner or command/export executor.",none,False,Add retained comments/reactions and moderation if content operations need it; writes via command custody.,Static code/spec audit only; current production activation and new provider response behavior not verified in this matrix.,https://docs.onlyfansapi.com/api-reference/post-comments/like-post-comment
DELETE,/api/{account}/posts/{post_id}/comments/{comment_id}/like,Post Comments,Unlike Post Comment,unlikePostComment,,absent,none,,"No explicit operation in the OFAPI typed client, supported gateway families, governed capture request planner or command/export executor.",none,False,Add retained comments/reactions and moderation if content operations need it; writes via command custody.,Static code/spec audit only; current production activation and new provider response behavior not verified in this matrix.,https://docs.onlyfansapi.com/api-reference/post-comments/unlike-post-comment
GET,/api/{account}/posts/labels,Post Labels,List Labels,listLabels,limit | offset,absent,none,,"No explicit operation in the OFAPI typed client, supported gateway families, governed capture request planner or command/export executor.",none,False,"Add labels as catalog metadata, then optional create.",Static code/spec audit only; current production activation and new provider response behavior not verified in this matrix.,https://docs.onlyfansapi.com/api-reference/post-labels/list-labels
POST,/api/{account}/posts/labels,Post Labels,Create Label,createLabel,,absent,none,,"No explicit operation in the OFAPI typed client, supported gateway families, governed capture request planner or command/export executor.",none,False,"Add labels as catalog metadata, then optional create.",Static code/spec audit only; current production activation and new provider response behavior not verified in this matrix.,https://docs.onlyfansapi.com/api-reference/post-labels/create-label
GET,/api/{account}/posts,Posts,List Posts,listPosts,query | limit | offset | order | sort | pinned | counters | minimumPublishDate,partial,governed background capture + content projection,/Users/dmitriy/code/goose/hub/apps/runtime/src/services/ofapi-capture-jobs.ts:1272 | /Users/dmitriy/code/goose/hub/apps/runtime/src/services/ofapi-capture-contract.ts:198 | /Users/dmitriy/code/goose/hub/apps/runtime/src/services/canonicalize/onlyfans-post-media.ts:1,Real post list capture/materialization exists: limit/offset/publish-date-desc with overlap validation. Missing query/pinned/counters/minimumPublishDate/alternate order; no interactive post CRUD/stats/comments workflow.,partial,True,Extend existing post mirror first: details/stats/comments/media identities; then draft/preview/publish/edit/archive through explicit commands.,Static code/spec audit only; current production activation and new provider response behavior not verified in this matrix.,https://docs.onlyfansapi.com/api-reference/posts/list-posts
POST,/api/{account}/posts,Posts,Send Post,sendPost,,absent,none,,"No explicit operation in the OFAPI typed client, supported gateway families, governed capture request planner or command/export executor.",none,False,Extend existing post mirror first: details/stats/comments/media identities; then draft/preview/publish/edit/archive through explicit commands.,Static code/spec audit only; current production activation and new provider response behavior not verified in this matrix.,https://docs.onlyfansapi.com/api-reference/posts/send-post
GET,/api/{account}/posts/{post_id},Posts,Get Post,getPost,,absent,none,,"No explicit operation in the OFAPI typed client, supported gateway families, governed capture request planner or command/export executor.",none,False,Extend existing post mirror first: details/stats/comments/media identities; then draft/preview/publish/edit/archive through explicit commands.,Static code/spec audit only; current production activation and new provider response behavior not verified in this matrix.,https://docs.onlyfansapi.com/api-reference/posts/get-post
PUT,/api/{account}/posts/{post_id},Posts,Update Post,updatePost,,absent,none,,"No explicit operation in the OFAPI typed client, supported gateway families, governed capture request planner or command/export executor.",none,False,Extend existing post mirror first: details/stats/comments/media identities; then draft/preview/publish/edit/archive through explicit commands.,Static code/spec audit only; current production activation and new provider response behavior not verified in this matrix.,https://docs.onlyfansapi.com/api-reference/posts/update-post
DELETE,/api/{account}/posts/{post_id},Posts,Delete Post,deletePost,,absent,none,,"No explicit operation in the OFAPI typed client, supported gateway families, governed capture request planner or command/export executor.",none,False,Extend existing post mirror first: details/stats/comments/media identities; then draft/preview/publish/edit/archive through explicit commands.,Static code/spec audit only; current production activation and new provider response behavior not verified in this matrix.,https://docs.onlyfansapi.com/api-reference/posts/delete-post
POST,/api/{account}/posts/{post_id}/archive,Posts,Archive Post,archivePost,private_archive,absent,none,,"No explicit operation in the OFAPI typed client, supported gateway families, governed capture request planner or command/export executor.",none,False,Extend existing post mirror first: details/stats/comments/media identities; then draft/preview/publish/edit/archive through explicit commands.,Static code/spec audit only; current production activation and new provider response behavior not verified in this matrix.,https://docs.onlyfansapi.com/api-reference/posts/archive-post
POST,/api/{account}/posts/{post_id}/unarchive,Posts,Unarchive Post,unarchivePost,private_archive,absent,none,,"No explicit operation in the OFAPI typed client, supported gateway families, governed capture request planner or command/export executor.",none,False,Extend existing post mirror first: details/stats/comments/media identities; then draft/preview/publish/edit/archive through explicit commands.,Static code/spec audit only; current production activation and new provider response behavior not verified in this matrix.,https://docs.onlyfansapi.com/api-reference/posts/unarchive-post
POST,/api/{account}/posts/{post_id}/pin,Posts,Pin/Unpin Post,pinUnpinPost,,absent,none,,"No explicit operation in the OFAPI typed client, supported gateway families, governed capture request planner or command/export executor.",none,False,Extend existing post mirror first: details/stats/comments/media identities; then draft/preview/publish/edit/archive through explicit commands.,Static code/spec audit only; current production activation and new provider response behavior not verified in this matrix.,https://docs.onlyfansapi.com/api-reference/posts/pin-unpin-post
GET,/api/{account}/posts/{post_id}/stats,Posts,Show Post Statistics,showPostStatistics,with_historical_data,absent,none,,"No explicit operation in the OFAPI typed client, supported gateway families, governed capture request planner or command/export executor.",none,False,Extend existing post mirror first: details/stats/comments/media identities; then draft/preview/publish/edit/archive through explicit commands.,Static code/spec audit only; current production activation and new provider response behavior not verified in this matrix.,https://docs.onlyfansapi.com/api-reference/posts/show-post-statistics
GET,/api/{account}/promotions,Promotions,List Promotions,listPromotions,limit | offset,absent,none,,"No explicit operation in the OFAPI typed client, supported gateway families, governed capture request planner or command/export executor.",none,False,Read promotion state and outcomes; optional validated create/stop with owner/page roles.,Static code/spec audit only; current production activation and new provider response behavior not verified in this matrix.,https://docs.onlyfansapi.com/api-reference/promotions/list-promotions
POST,/api/{account}/promotions,Promotions,Create Promotion,createPromotion,,absent,none,,"No explicit operation in the OFAPI typed client, supported gateway families, governed capture request planner or command/export executor.",none,False,Read promotion state and outcomes; optional validated create/stop with owner/page roles.,Static code/spec audit only; current production activation and new provider response behavior not verified in this matrix.,https://docs.onlyfansapi.com/api-reference/promotions/create-promotion
DELETE,/api/{account}/promotions/{promotion_id},Promotions,Delete Promotion,deletePromotion,,absent,none,,"No explicit operation in the OFAPI typed client, supported gateway families, governed capture request planner or command/export executor.",none,False,Read promotion state and outcomes; optional validated create/stop with owner/page roles.,Static code/spec audit only; current production activation and new provider response behavior not verified in this matrix.,https://docs.onlyfansapi.com/api-reference/promotions/delete-promotion
POST,/api/{account}/promotions/{promotion_id}/stop,Promotions,Stop Promotion,stopPromotion,,absent,none,,"No explicit operation in the OFAPI typed client, supported gateway families, governed capture request planner or command/export executor.",none,False,Read promotion state and outcomes; optional validated create/stop with owner/page roles.,Static code/spec audit only; current production activation and new provider response behavior not verified in this matrix.,https://docs.onlyfansapi.com/api-reference/promotions/stop-promotion
GET,/api/profiles/{username},Public Profiles,Get Profile Details,getProfileDetails,fresh,absent,none,,"No explicit operation in the OFAPI typed client, supported gateway families, governed capture request planner or command/export executor.",none,False,Optional provider profile lookup to replace separate browser resolver only after quality/cost validation; search is a separate product requirement.,Static code/spec audit only; current production activation and new provider response behavior not verified in this matrix.,https://docs.onlyfansapi.com/api-reference/public-profiles/get-profile-details
GET,/api/search,Public Profiles,Search Profiles,searchProfiles,query | min_subscribe_price | max_subscribe_price | location | website | instagram | tiktok | limit | cursor | sort | sortDirection | filter | filter.gender,absent,none,,"No explicit operation in the OFAPI typed client, supported gateway families, governed capture request planner or command/export executor.",none,False,Optional provider profile lookup to replace separate browser resolver only after quality/cost validation; search is a separate product requirement.,Static code/spec audit only; current production activation and new provider response behavior not verified in this matrix.,https://docs.onlyfansapi.com/api-reference/public-profiles/search-profiles
GET,/api/{account}/queue,Queue,List Queue Items,listQueueItems,publishDateStart | publishDateEnd | timezone | limit | type,absent,none,,"No explicit operation in the OFAPI typed client, supported gateway families, governed capture request planner or command/export executor.",none,False,Cross-content scheduling/status view; preserve queue IDs and explicit publish command.,Static code/spec audit only; current production activation and new provider response behavior not verified in this matrix.,https://docs.onlyfansapi.com/api-reference/queue/list-queue-items
PUT,/api/{account}/queue/{queue_id}/publish,Queue,Publish Queue Item,publishQueueItem,,absent,none,,"No explicit operation in the OFAPI typed client, supported gateway families, governed capture request planner or command/export executor.",none,False,Cross-content scheduling/status view; preserve queue IDs and explicit publish command.,Static code/spec audit only; current production activation and new provider response behavior not verified in this matrix.,https://docs.onlyfansapi.com/api-reference/queue/publish-queue-item
GET,/api/{account}/queue/counts,Queue,Count Queue Items,countQueueItems,publishDateStart | publishDateEnd | timezone,absent,none,,"No explicit operation in the OFAPI typed client, supported gateway families, governed capture request planner or command/export executor.",none,False,Cross-content scheduling/status view; preserve queue IDs and explicit publish command.,Static code/spec audit only; current production activation and new provider response behavior not verified in this matrix.,https://docs.onlyfansapi.com/api-reference/queue/count-queue-items
GET,/api/{account}/release-forms,Release Forms,List Release Forms,listReleaseForms,limit | offset | filter | sort | sortDirection | name,absent,none,,"No explicit operation in the OFAPI typed client, supported gateway families, governed capture request planner or command/export executor.",none,False,Capture forms/taggable users before expanding media publishing; validate referenced identities in sends/posts.,Static code/spec audit only; current production activation and new provider response behavior not verified in this matrix.,https://docs.onlyfansapi.com/api-reference/release-forms/list-release-forms
POST,/api/{account}/release-forms/create-invitation-link,Release Forms,Create Invitation Link,createInvitationLink,,absent,none,,"No explicit operation in the OFAPI typed client, supported gateway families, governed capture request planner or command/export executor.",none,False,Capture forms/taggable users before expanding media publishing; validate referenced identities in sends/posts.,Static code/spec audit only; current production activation and new provider response behavior not verified in this matrix.,https://docs.onlyfansapi.com/api-reference/release-forms/create-invitation-link
POST,/api/{account}/release-forms/create-release-form,Release Forms,Create Release Form,createReleaseForm,,absent,none,,"No explicit operation in the OFAPI typed client, supported gateway families, governed capture request planner or command/export executor.",none,False,Capture forms/taggable users before expanding media publishing; validate referenced identities in sends/posts.,Static code/spec audit only; current production activation and new provider response behavior not verified in this matrix.,https://docs.onlyfansapi.com/api-reference/release-forms/create-release-form
GET,/api/{account}/release-forms/taggable-users,Release Forms,List Taggable Users,listTaggableUsers,limit | offset | filter | sort | sortDirection | name,absent,none,,"No explicit operation in the OFAPI typed client, supported gateway families, governed capture request planner or command/export executor.",none,False,Capture forms/taggable users before expanding media publishing; validate referenced identities in sends/posts.,Static code/spec audit only; current production activation and new provider response behavior not verified in this matrix.,https://docs.onlyfansapi.com/api-reference/release-forms/list-taggable-users
GET,/api/{account}/release-forms/mentions,Release Forms,List Mentions,listMentions,limit | offset | fromId,absent,none,,"No explicit operation in the OFAPI typed client, supported gateway families, governed capture request planner or command/export executor.",none,False,Capture forms/taggable users before expanding media publishing; validate referenced identities in sends/posts.,Static code/spec audit only; current production activation and new provider response behavior not verified in this matrix.,https://docs.onlyfansapi.com/api-reference/release-forms/list-mentions
PATCH,/api/{account}/release-forms/toggle-show,Release Forms,Hide / Unhide Release Form,hideUnhideReleaseForm,,absent,none,,"No explicit operation in the OFAPI typed client, supported gateway families, governed capture request planner or command/export executor.",none,False,Capture forms/taggable users before expanding media publishing; validate referenced identities in sends/posts.,Static code/spec audit only; current production activation and new provider response behavior not verified in this matrix.,https://docs.onlyfansapi.com/api-reference/release-forms/hide-unhide-release-form
PATCH,/api/{account}/release-forms/rename,Release Forms,Rename Release Form,renameReleaseForm,,absent,none,,"No explicit operation in the OFAPI typed client, supported gateway families, governed capture request planner or command/export executor.",none,False,Capture forms/taggable users before expanding media publishing; validate referenced identities in sends/posts.,Static code/spec audit only; current production activation and new provider response behavior not verified in this matrix.,https://docs.onlyfansapi.com/api-reference/release-forms/rename-release-form
GET,/api/{account}/saved-for-later/messages,Saved For Later (Messages),List Saved For Later Messages,listSavedForLaterMessages,limit | offset,absent,none,,"No explicit operation in the OFAPI typed client, supported gateway families, governed capture request planner or command/export executor.",none,False,Defer vendor automatic-message control until a concrete editorial workflow and scheduler ownership are chosen.,Static code/spec audit only; current production activation and new provider response behavior not verified in this matrix.,https://docs.onlyfansapi.com/api-reference/saved-for-later-messages/list-saved-for-later-messages
GET,/api/{account}/saved-for-later/messages/settings,Saved For Later (Messages),Get Message Settings,getMessageSettings,,absent,none,,"No explicit operation in the OFAPI typed client, supported gateway families, governed capture request planner or command/export executor.",none,False,Defer vendor automatic-message control until a concrete editorial workflow and scheduler ownership are chosen.,Static code/spec audit only; current production activation and new provider response behavior not verified in this matrix.,https://docs.onlyfansapi.com/api-reference/saved-for-later-messages/get-message-settings
PATCH,/api/{account}/saved-for-later/messages/settings/enable-or-update-automatic-messaging,Saved For Later (Messages),Enable/Update Automatic Messaging,enableUpdateAutomaticMessaging,,absent,none,,"No explicit operation in the OFAPI typed client, supported gateway families, governed capture request planner or command/export executor.",none,False,Defer vendor automatic-message control until a concrete editorial workflow and scheduler ownership are chosen.,Static code/spec audit only; current production activation and new provider response behavior not verified in this matrix.,https://docs.onlyfansapi.com/api-reference/saved-for-later-messages/enable-update-automatic-messaging
PATCH,/api/{account}/saved-for-later/messages/settings/disable-automatic-messaging,Saved For Later (Messages),Disable Automatic Messaging,disableAutomaticMessaging,,absent,none,,"No explicit operation in the OFAPI typed client, supported gateway families, governed capture request planner or command/export executor.",none,False,Defer vendor automatic-message control until a concrete editorial workflow and scheduler ownership are chosen.,Static code/spec audit only; current production activation and new provider response behavior not verified in this matrix.,https://docs.onlyfansapi.com/api-reference/saved-for-later-messages/disable-automatic-messaging
GET,/api/{account}/saved-for-later/posts,Saved For Later (Posts),List Saved For Later Posts,listSavedForLaterPosts,limit | offset,absent,none,,"No explicit operation in the OFAPI typed client, supported gateway families, governed capture request planner or command/export executor.",none,False,Defer vendor automatic-post control until a concrete editorial workflow and scheduler ownership are chosen.,Static code/spec audit only; current production activation and new provider response behavior not verified in this matrix.,https://docs.onlyfansapi.com/api-reference/saved-for-later-posts/list-saved-for-later-posts
GET,/api/{account}/saved-for-later/posts/settings,Saved For Later (Posts),Get Post Settings,getPostSettings,,absent,none,,"No explicit operation in the OFAPI typed client, supported gateway families, governed capture request planner or command/export executor.",none,False,Defer vendor automatic-post control until a concrete editorial workflow and scheduler ownership are chosen.,Static code/spec audit only; current production activation and new provider response behavior not verified in this matrix.,https://docs.onlyfansapi.com/api-reference/saved-for-later-posts/get-post-settings
PATCH,/api/{account}/saved-for-later/posts/settings/enable-or-update-automatic-posting,Saved For Later (Posts),Enable/Update Automatic Posting,enableUpdateAutomaticPosting,,absent,none,,"No explicit operation in the OFAPI typed client, supported gateway families, governed capture request planner or command/export executor.",none,False,Defer vendor automatic-post control until a concrete editorial workflow and scheduler ownership are chosen.,Static code/spec audit only; current production activation and new provider response behavior not verified in this matrix.,https://docs.onlyfansapi.com/api-reference/saved-for-later-posts/enable-update-automatic-posting
PATCH,/api/{account}/saved-for-later/posts/settings/disable-automatic-posting,Saved For Later (Posts),Disable Automatic Posting,disableAutomaticPosting,,absent,none,,"No explicit operation in the OFAPI typed client, supported gateway families, governed capture request planner or command/export executor.",none,False,Defer vendor automatic-post control until a concrete editorial workflow and scheduler ownership are chosen.,Static code/spec audit only; current production activation and new provider response behavior not verified in this matrix.,https://docs.onlyfansapi.com/api-reference/saved-for-later-posts/disable-automatic-posting
GET,/api/{account}/settings,Settings,Get Settings,getSettings,,absent,none,,"No explicit operation in the OFAPI typed client, supported gateway families, governed capture request planner or command/export executor.",none,False,Owner/page-scoped settings snapshots; selective welcome/profile/subscription changes only with explicit product requirements.,Static code/spec audit only; current production activation and new provider response behavior not verified in this matrix.,https://docs.onlyfansapi.com/api-reference/settings/get-settings
POST,/api/{account}/settings/profile,Settings,Update Profile,updateProfile,,absent,none,,"No explicit operation in the OFAPI typed client, supported gateway families, governed capture request planner or command/export executor.",none,False,Owner/page-scoped settings snapshots; selective welcome/profile/subscription changes only with explicit product requirements.,Static code/spec audit only; current production activation and new provider response behavior not verified in this matrix.,https://docs.onlyfansapi.com/api-reference/settings/update-profile
PATCH,/api/{account}/settings/subscription-price,Settings,Update Subscription Price,updateSubscriptionPrice,,absent,none,,"No explicit operation in the OFAPI typed client, supported gateway families, governed capture request planner or command/export executor.",none,False,Owner/page-scoped settings snapshots; selective welcome/profile/subscription changes only with explicit product requirements.,Static code/spec audit only; current production activation and new provider response behavior not verified in this matrix.,https://docs.onlyfansapi.com/api-reference/settings/update-subscription-price
GET,/api/{account}/settings/blocked-countries,Settings,Get Blocked Countries,getBlockedCountries,,absent,none,,"No explicit operation in the OFAPI typed client, supported gateway families, governed capture request planner or command/export executor.",none,False,Owner/page-scoped settings snapshots; selective welcome/profile/subscription changes only with explicit product requirements.,Static code/spec audit only; current production activation and new provider response behavior not verified in this matrix.,https://docs.onlyfansapi.com/api-reference/settings/get-blocked-countries
PUT,/api/{account}/settings/blocked-countries,Settings,Update Blocked Countries,updateBlockedCountries,,absent,none,,"No explicit operation in the OFAPI typed client, supported gateway families, governed capture request planner or command/export executor.",none,False,Owner/page-scoped settings snapshots; selective welcome/profile/subscription changes only with explicit product requirements.,Static code/spec audit only; current production activation and new provider response behavior not verified in this matrix.,https://docs.onlyfansapi.com/api-reference/settings/update-blocked-countries
GET,/api/{account}/settings/welcome-message,Settings,Get Welcome Message,getWelcomeMessage,,absent,none,,"No explicit operation in the OFAPI typed client, supported gateway families, governed capture request planner or command/export executor.",none,False,Owner/page-scoped settings snapshots; selective welcome/profile/subscription changes only with explicit product requirements.,Static code/spec audit only; current production activation and new provider response behavior not verified in this matrix.,https://docs.onlyfansapi.com/api-reference/settings/get-welcome-message
PATCH,/api/{account}/settings/welcome-message,Settings,Enable/Disable Welcome Message,enableDisableWelcomeMessage,,absent,none,,"No explicit operation in the OFAPI typed client, supported gateway families, governed capture request planner or command/export executor.",none,False,Owner/page-scoped settings snapshots; selective welcome/profile/subscription changes only with explicit product requirements.,Static code/spec audit only; current production activation and new provider response behavior not verified in this matrix.,https://docs.onlyfansapi.com/api-reference/settings/enable-disable-welcome-message
POST,/api/{account}/settings/welcome-message,Settings,Update Welcome Message,updateWelcomeMessage,,absent,none,,"No explicit operation in the OFAPI typed client, supported gateway families, governed capture request planner or command/export executor.",none,False,Owner/page-scoped settings snapshots; selective welcome/profile/subscription changes only with explicit product requirements.,Static code/spec audit only; current production activation and new provider response behavior not verified in this matrix.,https://docs.onlyfansapi.com/api-reference/settings/update-welcome-message
GET,/api/{account}/settings/drm,Settings,Get DRM Status,getDRMStatus,,absent,none,,"No explicit operation in the OFAPI typed client, supported gateway families, governed capture request planner or command/export executor.",none,False,Owner/page-scoped settings snapshots; selective welcome/profile/subscription changes only with explicit product requirements.,Static code/spec audit only; current production activation and new provider response behavior not verified in this matrix.,https://docs.onlyfansapi.com/api-reference/settings/get-drm-status
PATCH,/api/{account}/settings/drm,Settings,Enable/Disable DRM,enableDisableDRM,,absent,none,,"No explicit operation in the OFAPI typed client, supported gateway families, governed capture request planner or command/export executor.",none,False,Owner/page-scoped settings snapshots; selective welcome/profile/subscription changes only with explicit product requirements.,Static code/spec audit only; current production activation and new provider response behavior not verified in this matrix.,https://docs.onlyfansapi.com/api-reference/settings/enable-disable-drm
POST,/api/{account}/settings/username-exists,Settings,Check Username Availability,checkUsernameAvailability,,absent,none,,"No explicit operation in the OFAPI typed client, supported gateway families, governed capture request planner or command/export executor.",none,False,Owner/page-scoped settings snapshots; selective welcome/profile/subscription changes only with explicit product requirements.,Static code/spec audit only; current production activation and new provider response behavior not verified in this matrix.,https://docs.onlyfansapi.com/api-reference/settings/check-username-availability
POST,/api/{account}/settings/social-media-buttons/reorder,Settings,Reorder Social Media Buttons,reorderSocialMediaButtons,,absent,none,,"No explicit operation in the OFAPI typed client, supported gateway families, governed capture request planner or command/export executor.",none,False,Owner/page-scoped settings snapshots; selective welcome/profile/subscription changes only with explicit product requirements.,Static code/spec audit only; current production activation and new provider response behavior not verified in this matrix.,https://docs.onlyfansapi.com/api-reference/settings/reorder-social-media-buttons
GET,/api/{account}/settings/social-media-buttons,Settings,List Social Media Buttons,listSocialMediaButtons,,absent,none,,"No explicit operation in the OFAPI typed client, supported gateway families, governed capture request planner or command/export executor.",none,False,Owner/page-scoped settings snapshots; selective welcome/profile/subscription changes only with explicit product requirements.,Static code/spec audit only; current production activation and new provider response behavior not verified in this matrix.,https://docs.onlyfansapi.com/api-reference/settings/list-social-media-buttons
POST,/api/{account}/settings/social-media-buttons,Settings,Add Social Media Button,addSocialMediaButton,,absent,none,,"No explicit operation in the OFAPI typed client, supported gateway families, governed capture request planner or command/export executor.",none,False,Owner/page-scoped settings snapshots; selective welcome/profile/subscription changes only with explicit product requirements.,Static code/spec audit only; current production activation and new provider response behavior not verified in this matrix.,https://docs.onlyfansapi.com/api-reference/settings/add-social-media-button
PUT,/api/{account}/settings/social-media-buttons/{button_id},Settings,Update Social Media Button,updateSocialMediaButton,,absent,none,,"No explicit operation in the OFAPI typed client, supported gateway families, governed capture request planner or command/export executor.",none,False,Owner/page-scoped settings snapshots; selective welcome/profile/subscription changes only with explicit product requirements.,Static code/spec audit only; current production activation and new provider response behavior not verified in this matrix.,https://docs.onlyfansapi.com/api-reference/settings/update-social-media-button
DELETE,/api/{account}/settings/social-media-buttons/{button_id},Settings,Delete Social Media Button,deleteSocialMediaButton,,absent,none,,"No explicit operation in the OFAPI typed client, supported gateway families, governed capture request planner or command/export executor.",none,False,Owner/page-scoped settings snapshots; selective welcome/profile/subscription changes only with explicit product requirements.,Static code/spec audit only; current production activation and new provider response behavior not verified in this matrix.,https://docs.onlyfansapi.com/api-reference/settings/delete-social-media-button
GET,/api/{account}/shared-trial-links,Shared Free Trial Links,List Shared Free Trial Links,listSharedFreeTrialLinks,limit | offset | pagination | synchronous,absent,none,,"No explicit operation in the OFAPI typed client, supported gateway families, governed capture request planner or command/export executor.",none,False,Useful attribution read-side; grant/revoke/tag mutations later.,Static code/spec audit only; current production activation and new provider response behavior not verified in this matrix.,https://docs.onlyfansapi.com/api-reference/shared-free-trial-links/list-shared-free-trial-links
DELETE,/api/{account}/shared-trial-links/{shared_trial_link_id},Shared Free Trial Links,Revoke Shared Free Trial Link Access,revokeSharedFreeTrialLinkAccess,,absent,none,,"No explicit operation in the OFAPI typed client, supported gateway families, governed capture request planner or command/export executor.",none,False,Useful attribution read-side; grant/revoke/tag mutations later.,Static code/spec audit only; current production activation and new provider response behavior not verified in this matrix.,https://docs.onlyfansapi.com/api-reference/shared-free-trial-links/revoke-shared-free-trial-link-access
GET,/api/{account}/shared-trial-links/{shared_trial_link_id}/tags,Shared Free Trial Links,List Shared Free Trial Link Tags,listSharedFreeTrialLinkTags,,absent,none,,"No explicit operation in the OFAPI typed client, supported gateway families, governed capture request planner or command/export executor.",none,False,Useful attribution read-side; grant/revoke/tag mutations later.,Static code/spec audit only; current production activation and new provider response behavior not verified in this matrix.,https://docs.onlyfansapi.com/api-reference/shared-free-trial-links/list-shared-free-trial-link-tags
POST,/api/{account}/shared-trial-links/{shared_trial_link_id}/tags,Shared Free Trial Links,Add Shared Free Trial Link Tags,addSharedFreeTrialLinkTags,,absent,none,,"No explicit operation in the OFAPI typed client, supported gateway families, governed capture request planner or command/export executor.",none,False,Useful attribution read-side; grant/revoke/tag mutations later.,Static code/spec audit only; current production activation and new provider response behavior not verified in this matrix.,https://docs.onlyfansapi.com/api-reference/shared-free-trial-links/add-shared-free-trial-link-tags
DELETE,/api/{account}/shared-trial-links/{shared_trial_link_id}/tags,Shared Free Trial Links,Remove Shared Free Trial Link Tags,removeSharedFreeTrialLinkTags,,absent,none,,"No explicit operation in the OFAPI typed client, supported gateway families, governed capture request planner or command/export executor.",none,False,Useful attribution read-side; grant/revoke/tag mutations later.,Static code/spec audit only; current production activation and new provider response behavior not verified in this matrix.,https://docs.onlyfansapi.com/api-reference/shared-free-trial-links/remove-shared-free-trial-link-tags
GET,/api/{account}/shared-tracking-links,Shared Tracking Links,List Shared Tracking Links,listSharedTrackingLinks,limit | offset | pagination | with_deleted | sorting_deleted | stats | synchronous,absent,none,,"No explicit operation in the OFAPI typed client, supported gateway families, governed capture request planner or command/export executor.",none,False,Useful attribution read-side; grant/revoke/tag mutations later.,Static code/spec audit only; current production activation and new provider response behavior not verified in this matrix.,https://docs.onlyfansapi.com/api-reference/shared-tracking-links/list-shared-tracking-links
DELETE,/api/{account}/shared-tracking-links/{shared_tracking_link_id},Shared Tracking Links,Revoke Shared Tracking Link Access,revokeSharedTrackingLinkAccess,,absent,none,,"No explicit operation in the OFAPI typed client, supported gateway families, governed capture request planner or command/export executor.",none,False,Useful attribution read-side; grant/revoke/tag mutations later.,Static code/spec audit only; current production activation and new provider response behavior not verified in this matrix.,https://docs.onlyfansapi.com/api-reference/shared-tracking-links/revoke-shared-tracking-link-access
GET,/api/{account}/shared-tracking-links/{shared_tracking_link_id}/tags,Shared Tracking Links,List Shared Tracking Link Tags,listSharedTrackingLinkTags,,absent,none,,"No explicit operation in the OFAPI typed client, supported gateway families, governed capture request planner or command/export executor.",none,False,Useful attribution read-side; grant/revoke/tag mutations later.,Static code/spec audit only; current production activation and new provider response behavior not verified in this matrix.,https://docs.onlyfansapi.com/api-reference/shared-tracking-links/list-shared-tracking-link-tags
POST,/api/{account}/shared-tracking-links/{shared_tracking_link_id}/tags,Shared Tracking Links,Add Shared Tracking Link Tags,addSharedTrackingLinkTags,,absent,none,,"No explicit operation in the OFAPI typed client, supported gateway families, governed capture request planner or command/export executor.",none,False,Useful attribution read-side; grant/revoke/tag mutations later.,Static code/spec audit only; current production activation and new provider response behavior not verified in this matrix.,https://docs.onlyfansapi.com/api-reference/shared-tracking-links/add-shared-tracking-link-tags
DELETE,/api/{account}/shared-tracking-links/{shared_tracking_link_id}/tags,Shared Tracking Links,Remove Shared Tracking Link Tags,removeSharedTrackingLinkTags,,absent,none,,"No explicit operation in the OFAPI typed client, supported gateway families, governed capture request planner or command/export executor.",none,False,Useful attribution read-side; grant/revoke/tag mutations later.,Static code/spec audit only; current production activation and new provider response behavior not verified in this matrix.,https://docs.onlyfansapi.com/api-reference/shared-tracking-links/remove-shared-tracking-link-tags
GET,/api/smart-link-postbacks,Smart Link Postbacks,List Smart Link Postbacks,listSmartLinkPostbacks,,absent,none,,"No explicit operation in the OFAPI typed client, supported gateway families, governed capture request planner or command/export executor.",none,False,"After smart-link attribution, optionally manage postbacks with secret custody and delivery diagnostics.",Static code/spec audit only; current production activation and new provider response behavior not verified in this matrix.,https://docs.onlyfansapi.com/api-reference/smart-link-postbacks/list-smart-link-postbacks
POST,/api/smart-link-postbacks,Smart Link Postbacks,Create Smart Link Postback,createSmartLinkPostback,,absent,none,,"No explicit operation in the OFAPI typed client, supported gateway families, governed capture request planner or command/export executor.",none,False,"After smart-link attribution, optionally manage postbacks with secret custody and delivery diagnostics.",Static code/spec audit only; current production activation and new provider response behavior not verified in this matrix.,https://docs.onlyfansapi.com/api-reference/smart-link-postbacks/create-smart-link-postback
GET,/api/smart-link-postbacks/{postback_id},Smart Link Postbacks,Show Smart Link Postback,showSmartLinkPostback,,absent,none,,"No explicit operation in the OFAPI typed client, supported gateway families, governed capture request planner or command/export executor.",none,False,"After smart-link attribution, optionally manage postbacks with secret custody and delivery diagnostics.",Static code/spec audit only; current production activation and new provider response behavior not verified in this matrix.,https://docs.onlyfansapi.com/api-reference/smart-link-postbacks/show-smart-link-postback
PATCH,/api/smart-link-postbacks/{postback_id},Smart Link Postbacks,Update Smart Link Postback,updateSmartLinkPostback,,absent,none,,"No explicit operation in the OFAPI typed client, supported gateway families, governed capture request planner or command/export executor.",none,False,"After smart-link attribution, optionally manage postbacks with secret custody and delivery diagnostics.",Static code/spec audit only; current production activation and new provider response behavior not verified in this matrix.,https://docs.onlyfansapi.com/api-reference/smart-link-postbacks/update-smart-link-postback
DELETE,/api/smart-link-postbacks/{postback_id},Smart Link Postbacks,Delete Smart Link Postback,deleteSmartLinkPostback,,absent,none,,"No explicit operation in the OFAPI typed client, supported gateway families, governed capture request planner or command/export executor.",none,False,"After smart-link attribution, optionally manage postbacks with secret custody and delivery diagnostics.",Static code/spec audit only; current production activation and new provider response behavior not verified in this matrix.,https://docs.onlyfansapi.com/api-reference/smart-link-postbacks/delete-smart-link-postback
GET,/api/smart-links,Smart Links,List Smart Links,listSmartLinks,limit | offset | name | account_ids | pixel_ids | filter | filter.tags,absent,none,,"No explicit operation in the OFAPI typed client, supported gateway families, governed capture request planner or command/export executor.",none,False,High value for paid traffic: links/clicks/conversions/fans/spenders/stats/cohorts then pixels/test events. Keep token secrets in Hub and separate event delivery from attributed revenue.,Static code/spec audit only; current production activation and new provider response behavior not verified in this matrix.,https://docs.onlyfansapi.com/api-reference/smart-links/list-smart-links
POST,/api/smart-links,Smart Links,Create Smart Link,createSmartLink,,absent,none,,"No explicit operation in the OFAPI typed client, supported gateway families, governed capture request planner or command/export executor.",none,False,High value for paid traffic: links/clicks/conversions/fans/spenders/stats/cohorts then pixels/test events. Keep token secrets in Hub and separate event delivery from attributed revenue.,Static code/spec audit only; current production activation and new provider response behavior not verified in this matrix.,https://docs.onlyfansapi.com/api-reference/smart-links/create-smart-link
GET,/api/smart-links/{smart_link_id},Smart Links,Get Smart Link,getSmartLink,,absent,none,,"No explicit operation in the OFAPI typed client, supported gateway families, governed capture request planner or command/export executor.",none,False,High value for paid traffic: links/clicks/conversions/fans/spenders/stats/cohorts then pixels/test events. Keep token secrets in Hub and separate event delivery from attributed revenue.,Static code/spec audit only; current production activation and new provider response behavior not verified in this matrix.,https://docs.onlyfansapi.com/api-reference/smart-links/get-smart-link
DELETE,/api/smart-links/{smart_link_id},Smart Links,Delete Smart Link,deleteSmartLink,,absent,none,,"No explicit operation in the OFAPI typed client, supported gateway families, governed capture request planner or command/export executor.",none,False,High value for paid traffic: links/clicks/conversions/fans/spenders/stats/cohorts then pixels/test events. Keep token secrets in Hub and separate event delivery from attributed revenue.,Static code/spec audit only; current production activation and new provider response behavior not verified in this matrix.,https://docs.onlyfansapi.com/api-reference/smart-links/delete-smart-link
GET,/api/smart-links/{smart_link_id}/pixels,Smart Links,List Smart Link Pixels,listSmartLinkPixels,,absent,none,,"No explicit operation in the OFAPI typed client, supported gateway families, governed capture request planner or command/export executor.",none,False,High value for paid traffic: links/clicks/conversions/fans/spenders/stats/cohorts then pixels/test events. Keep token secrets in Hub and separate event delivery from attributed revenue.,Static code/spec audit only; current production activation and new provider response behavior not verified in this matrix.,https://docs.onlyfansapi.com/api-reference/smart-links/list-smart-link-pixels
POST,/api/smart-links/{smart_link_id}/pixels,Smart Links,Create Smart Link Pixel,createSmartLinkPixel,,absent,none,,"No explicit operation in the OFAPI typed client, supported gateway families, governed capture request planner or command/export executor.",none,False,High value for paid traffic: links/clicks/conversions/fans/spenders/stats/cohorts then pixels/test events. Keep token secrets in Hub and separate event delivery from attributed revenue.,Static code/spec audit only; current production activation and new provider response behavior not verified in this matrix.,https://docs.onlyfansapi.com/api-reference/smart-links/create-smart-link-pixel
PATCH,/api/smart-links/{smart_link_id}/pixels/{pixel_id},Smart Links,Update Smart Link Pixel,updateSmartLinkPixel,,absent,none,,"No explicit operation in the OFAPI typed client, supported gateway families, governed capture request planner or command/export executor.",none,False,High value for paid traffic: links/clicks/conversions/fans/spenders/stats/cohorts then pixels/test events. Keep token secrets in Hub and separate event delivery from attributed revenue.,Static code/spec audit only; current production activation and new provider response behavior not verified in this matrix.,https://docs.onlyfansapi.com/api-reference/smart-links/update-smart-link-pixel
DELETE,/api/smart-links/{smart_link_id}/pixels/{pixel_id},Smart Links,Disconnect Smart Link Pixel,disconnectSmartLinkPixel,,absent,none,,"No explicit operation in the OFAPI typed client, supported gateway families, governed capture request planner or command/export executor.",none,False,High value for paid traffic: links/clicks/conversions/fans/spenders/stats/cohorts then pixels/test events. Keep token secrets in Hub and separate event delivery from attributed revenue.,Static code/spec audit only; current production activation and new provider response behavior not verified in this matrix.,https://docs.onlyfansapi.com/api-reference/smart-links/disconnect-smart-link-pixel
POST,/api/smart-links/{smart_link_id}/pixels/{pixel_id}/test-event,Smart Links,Send Smart Link Pixel Test Event,sendSmartLinkPixelTestEvent,,absent,none,,"No explicit operation in the OFAPI typed client, supported gateway families, governed capture request planner or command/export executor.",none,False,High value for paid traffic: links/clicks/conversions/fans/spenders/stats/cohorts then pixels/test events. Keep token secrets in Hub and separate event delivery from attributed revenue.,Static code/spec audit only; current production activation and new provider response behavior not verified in this matrix.,https://docs.onlyfansapi.com/api-reference/smart-links/send-smart-link-pixel-test-event
GET,/api/smart-links/{smart_link_id}/tags,Smart Links,List Smart Link Tags,listSmartLinkTags,,absent,none,,"No explicit operation in the OFAPI typed client, supported gateway families, governed capture request planner or command/export executor.",none,False,High value for paid traffic: links/clicks/conversions/fans/spenders/stats/cohorts then pixels/test events. Keep token secrets in Hub and separate event delivery from attributed revenue.,Static code/spec audit only; current production activation and new provider response behavior not verified in this matrix.,https://docs.onlyfansapi.com/api-reference/smart-links/list-smart-link-tags
POST,/api/smart-links/{smart_link_id}/tags,Smart Links,Add Smart Link Tags,addSmartLinkTags,,absent,none,,"No explicit operation in the OFAPI typed client, supported gateway families, governed capture request planner or command/export executor.",none,False,High value for paid traffic: links/clicks/conversions/fans/spenders/stats/cohorts then pixels/test events. Keep token secrets in Hub and separate event delivery from attributed revenue.,Static code/spec audit only; current production activation and new provider response behavior not verified in this matrix.,https://docs.onlyfansapi.com/api-reference/smart-links/add-smart-link-tags
DELETE,/api/smart-links/{smart_link_id}/tags,Smart Links,Remove Smart Link Tags,removeSmartLinkTags,,absent,none,,"No explicit operation in the OFAPI typed client, supported gateway families, governed capture request planner or command/export executor.",none,False,High value for paid traffic: links/clicks/conversions/fans/spenders/stats/cohorts then pixels/test events. Keep token secrets in Hub and separate event delivery from attributed revenue.,Static code/spec audit only; current production activation and new provider response behavior not verified in this matrix.,https://docs.onlyfansapi.com/api-reference/smart-links/remove-smart-link-tags
GET,/api/smart-links/{smart_link_id}/stats,Smart Links,Get Smart Link Stats,getSmartLinkStats,date_start | date_end,absent,none,,"No explicit operation in the OFAPI typed client, supported gateway families, governed capture request planner or command/export executor.",none,False,High value for paid traffic: links/clicks/conversions/fans/spenders/stats/cohorts then pixels/test events. Keep token secrets in Hub and separate event delivery from attributed revenue.,Static code/spec audit only; current production activation and new provider response behavior not verified in this matrix.,https://docs.onlyfansapi.com/api-reference/smart-links/get-smart-link-stats
GET,/api/smart-links/{smart_link_id}/cohort-arps,Smart Links,Get Smart Link Cohort ARPS,getSmartLinkCohortARPS,acquisition_start | acquisition_end | revenue_basis,absent,none,,"No explicit operation in the OFAPI typed client, supported gateway families, governed capture request planner or command/export executor.",none,False,High value for paid traffic: links/clicks/conversions/fans/spenders/stats/cohorts then pixels/test events. Keep token secrets in Hub and separate event delivery from attributed revenue.,Static code/spec audit only; current production activation and new provider response behavior not verified in this matrix.,https://docs.onlyfansapi.com/api-reference/smart-links/get-smart-link-cohort-arps
GET,/api/smart-links/{smart_link_id}/spenders,Smart Links,List Smart Link Spenders,listSmartLinkSpenders,limit | offset | minSpend,absent,none,,"No explicit operation in the OFAPI typed client, supported gateway families, governed capture request planner or command/export executor.",none,False,High value for paid traffic: links/clicks/conversions/fans/spenders/stats/cohorts then pixels/test events. Keep token secrets in Hub and separate event delivery from attributed revenue.,Static code/spec audit only; current production activation and new provider response behavior not verified in this matrix.,https://docs.onlyfansapi.com/api-reference/smart-links/list-smart-link-spenders
GET,/api/smart-links/{smart_link_id}/fans,Smart Links,List Smart Link Fans,listSmartLinkFans,limit | offset | sort | has_messages | min_messages_sent_by_fan | min_revenue_net | min_tips_net | previously_subscribed | subscribed_using_promo,absent,none,,"No explicit operation in the OFAPI typed client, supported gateway families, governed capture request planner or command/export executor.",none,False,High value for paid traffic: links/clicks/conversions/fans/spenders/stats/cohorts then pixels/test events. Keep token secrets in Hub and separate event delivery from attributed revenue.,Static code/spec audit only; current production activation and new provider response behavior not verified in this matrix.,https://docs.onlyfansapi.com/api-reference/smart-links/list-smart-link-fans
GET,/api/smart-links/{smart_link_id}/clicks,Smart Links,List Smart Link Clicks,listSmartLinkClicks,date_start | date_end | limit | offset | include_bots | include_duplicates,absent,none,,"No explicit operation in the OFAPI typed client, supported gateway families, governed capture request planner or command/export executor.",none,False,High value for paid traffic: links/clicks/conversions/fans/spenders/stats/cohorts then pixels/test events. Keep token secrets in Hub and separate event delivery from attributed revenue.,Static code/spec audit only; current production activation and new provider response behavior not verified in this matrix.,https://docs.onlyfansapi.com/api-reference/smart-links/list-smart-link-clicks
GET,/api/smart-links/{smart_link_id}/conversions,Smart Links,List Smart Link Conversions,listSmartLinkConversions,date_start | date_end | limit | offset | include_bots | include_duplicates | conversion_type | onlyfans_user_id,absent,none,,"No explicit operation in the OFAPI typed client, supported gateway families, governed capture request planner or command/export executor.",none,False,High value for paid traffic: links/clicks/conversions/fans/spenders/stats/cohorts then pixels/test events. Keep token secrets in Hub and separate event delivery from attributed revenue.,Static code/spec audit only; current production activation and new provider response behavior not verified in this matrix.,https://docs.onlyfansapi.com/api-reference/smart-links/list-smart-link-conversions
GET,/api/{account}/statistics/total-transactions,Statistics,Calculate Total Transactions,calculateTotalTransactions,start_date | end_date,absent,none,,"No explicit operation in the OFAPI typed client, supported gateway families, governed capture request planner or command/export executor.",none,False,Add profile-visitor/subscriber/earnings snapshots for funnel/account diagnostics; keep canonical ledger and source/window semantics explicit.,Static code/spec audit only; current production activation and new provider response behavior not verified in this matrix.,https://docs.onlyfansapi.com/api-reference/statistics/calculate-total-transactions
GET,/api/{account}/statistics/overview,Statistics,Statistics Overview,statisticsOverview,start_date | end_date | type,absent,none,,"No explicit operation in the OFAPI typed client, supported gateway families, governed capture request planner or command/export executor.",none,False,Add profile-visitor/subscriber/earnings snapshots for funnel/account diagnostics; keep canonical ledger and source/window semantics explicit.,Static code/spec audit only; current production activation and new provider response behavior not verified in this matrix.,https://docs.onlyfansapi.com/api-reference/statistics/statistics-overview
GET,/api/{account}/statistics/subscriber-metrics,Statistics,Get Subscriber Metrics,getSubscriberMetrics,start_date | end_date | detailed_type | detailed,absent,none,,"No explicit operation in the OFAPI typed client, supported gateway families, governed capture request planner or command/export executor.",none,False,Add profile-visitor/subscriber/earnings snapshots for funnel/account diagnostics; keep canonical ledger and source/window semantics explicit.,Static code/spec audit only; current production activation and new provider response behavior not verified in this matrix.,https://docs.onlyfansapi.com/api-reference/statistics/get-subscriber-metrics
GET,/api/{account}/statistics/statements/earnings,Statistics,Get Earnings,getEarnings,start_date | end_date | type,absent,none,,"No explicit operation in the OFAPI typed client, supported gateway families, governed capture request planner or command/export executor.",none,False,Add profile-visitor/subscriber/earnings snapshots for funnel/account diagnostics; keep canonical ledger and source/window semantics explicit.,Static code/spec audit only; current production activation and new provider response behavior not verified in this matrix.,https://docs.onlyfansapi.com/api-reference/statistics/get-earnings
GET,/api/{account}/statistics/reach/profile-visitors,Statistics,Get Profile Visitors,getProfileVisitors,start_date | end_date | type | filter | limit,absent,none,,"No explicit operation in the OFAPI typed client, supported gateway families, governed capture request planner or command/export executor.",none,False,Add profile-visitor/subscriber/earnings snapshots for funnel/account diagnostics; keep canonical ledger and source/window semantics explicit.,Static code/spec audit only; current production activation and new provider response behavior not verified in this matrix.,https://docs.onlyfansapi.com/api-reference/statistics/get-profile-visitors
GET,/api/{account}/subscribers/statistics,Statistics,Get Subscriber Statistics,getSubscriberStatistics,start_date | end_date | type,absent,none,,"No explicit operation in the OFAPI typed client, supported gateway families, governed capture request planner or command/export executor.",none,False,Add profile-visitor/subscriber/earnings snapshots for funnel/account diagnostics; keep canonical ledger and source/window semantics explicit.,Static code/spec audit only; current production activation and new provider response behavior not verified in this matrix.,https://docs.onlyfansapi.com/api-reference/statistics/get-subscriber-statistics
GET,/api/{account}/stored/trial-links,Stored Free Trial Links,List Stored Free Trial Links,listStoredFreeTrialLinks,limit | offset | filter | filter.include_smart_links | filter.search | filter.tags,partial,free cached link-statistics reconciliation,/Users/dmitriy/code/goose/hub/apps/runtime/src/services/ofapi.ts:1788 | /Users/dmitriy/code/goose/hub/apps/runtime/src/services/ofapi-link-stats-sync.ts:401,"Stored list used by reconciliation; missing include_smart_links/search/tags filters and full trial attribution APIs. cost/tags are retained in raw items but omitted from typed link-stat projection. Related subscriber/spender URLs are ordinary paid endpoints, not free stored people lists.",partial,True,"Extend existing free reconciliation with filters and smart-link inclusion, preserving provider totals/provenance.",Static code/spec audit only; current production activation and new provider response behavior not verified in this matrix.,https://docs.onlyfansapi.com/api-reference/stored-free-trial-links/list-stored-free-trial-links
GET,/api/{account}/stored/shared-trial-links,Stored Shared Free Trial Links,List Stored Shared Free Trial Links,listStoredSharedFreeTrialLinks,limit | offset | filter | filter.search | filter.tags,absent,none,,"No explicit operation in the OFAPI typed client, supported gateway families, governed capture request planner or command/export executor.",none,False,Add cached shared-link attribution inventory before costly live polls.,Static code/spec audit only; current production activation and new provider response behavior not verified in this matrix.,https://docs.onlyfansapi.com/api-reference/stored-shared-free-trial-links/list-stored-shared-free-trial-links
GET,/api/{account}/stored/shared-tracking-links,Stored Shared Tracking Links,List Stored Shared Tracking Links,listStoredSharedTrackingLinks,limit | offset | filter | filter.search | filter.tags,absent,none,,"No explicit operation in the OFAPI typed client, supported gateway families, governed capture request planner or command/export executor.",none,False,Add cached shared-link attribution inventory before costly live polls.,Static code/spec audit only; current production activation and new provider response behavior not verified in this matrix.,https://docs.onlyfansapi.com/api-reference/stored-shared-tracking-links/list-stored-shared-tracking-links
GET,/api/{account}/stored/tracking-links,Stored Tracking Links,List Stored Tracking Links,listStoredTrackingLinks,limit | offset | filter | filter.include_smart_links | filter.search | filter.tags,partial,free cached link-statistics reconciliation,/Users/dmitriy/code/goose/hub/apps/runtime/src/services/ofapi.ts:1772 | /Users/dmitriy/code/goose/hub/apps/runtime/src/services/ofapi-link-stats-sync.ts:400,"Stored list used by reconciliation; missing include_smart_links/search/tags filters and explicit per-link stats/cohort operations. cost/tags are retained in raw items but omitted from typed link-stat projection. Related subscriber/spender URLs are ordinary paid endpoints, not free stored people lists.",partial,True,"Extend existing free reconciliation with filters and smart-link inclusion, preserving provider totals/provenance.",Static code/spec audit only; current production activation and new provider response behavior not verified in this matrix.,https://docs.onlyfansapi.com/api-reference/stored-tracking-links/list-stored-tracking-links
GET,/api/{account}/stories/archive,Stories,List Story Archive,listStoryArchive,limit | marker,absent,none,,"No explicit operation in the OFAPI typed client, supported gateway families, governed capture request planner or command/export executor.",none,False,"Add active/archive/details/stats/viewers as preserved content facts, then optional publish/delete with bounded commands.",Static code/spec audit only; current production activation and new provider response behavior not verified in this matrix.,https://docs.onlyfansapi.com/api-reference/stories/list-story-archive
GET,/api/{account}/stories/{story_id}/stats,Stories,Get Story Stats,getStoryStats,,absent,none,,"No explicit operation in the OFAPI typed client, supported gateway families, governed capture request planner or command/export executor.",none,False,"Add active/archive/details/stats/viewers as preserved content facts, then optional publish/delete with bounded commands.",Static code/spec audit only; current production activation and new provider response behavior not verified in this matrix.,https://docs.onlyfansapi.com/api-reference/stories/get-story-stats
GET,/api/{account}/stories/{story_id}/viewers,Stories,List Story Viewers,listStoryViewers,limit | offset,absent,none,,"No explicit operation in the OFAPI typed client, supported gateway families, governed capture request planner or command/export executor.",none,False,"Add active/archive/details/stats/viewers as preserved content facts, then optional publish/delete with bounded commands.",Static code/spec audit only; current production activation and new provider response behavior not verified in this matrix.,https://docs.onlyfansapi.com/api-reference/stories/list-story-viewers
POST,/api/{account}/stories/{story_id}/mark-as-watched,Stories,Mark Story as Watched,markStoryAsWatched,,absent,none,,"No explicit operation in the OFAPI typed client, supported gateway families, governed capture request planner or command/export executor.",none,False,"Add active/archive/details/stats/viewers as preserved content facts, then optional publish/delete with bounded commands.",Static code/spec audit only; current production activation and new provider response behavior not verified in this matrix.,https://docs.onlyfansapi.com/api-reference/stories/mark-story-as-watched
GET,/api/{account}/stories,Stories,List Active Stories,listActiveStories,,absent,none,,"No explicit operation in the OFAPI typed client, supported gateway families, governed capture request planner or command/export executor.",none,False,"Add active/archive/details/stats/viewers as preserved content facts, then optional publish/delete with bounded commands.",Static code/spec audit only; current production activation and new provider response behavior not verified in this matrix.,https://docs.onlyfansapi.com/api-reference/stories/list-active-stories
POST,/api/{account}/stories,Stories,Add to Story,addToStory,,absent,none,,"No explicit operation in the OFAPI typed client, supported gateway families, governed capture request planner or command/export executor.",none,False,"Add active/archive/details/stats/viewers as preserved content facts, then optional publish/delete with bounded commands.",Static code/spec audit only; current production activation and new provider response behavior not verified in this matrix.,https://docs.onlyfansapi.com/api-reference/stories/add-to-story
GET,/api/{account}/stories/{story_id},Stories,Show Story,showStory,,absent,none,,"No explicit operation in the OFAPI typed client, supported gateway families, governed capture request planner or command/export executor.",none,False,"Add active/archive/details/stats/viewers as preserved content facts, then optional publish/delete with bounded commands.",Static code/spec audit only; current production activation and new provider response behavior not verified in this matrix.,https://docs.onlyfansapi.com/api-reference/stories/show-story
DELETE,/api/{account}/stories/{story_id},Stories,Delete Story,deleteStory,,absent,none,,"No explicit operation in the OFAPI typed client, supported gateway families, governed capture request planner or command/export executor.",none,False,"Add active/archive/details/stats/viewers as preserved content facts, then optional publish/delete with bounded commands.",Static code/spec audit only; current production activation and new provider response behavior not verified in this matrix.,https://docs.onlyfansapi.com/api-reference/stories/delete-story
GET,/api/{account}/stories/highlights,Story Highlights,List Story Highlights,listStoryHighlights,limit | offset,absent,none,,"No explicit operation in the OFAPI typed client, supported gateway families, governed capture request planner or command/export executor.",none,False,"After stories, add highlight inventory and membership operations if editorial workflow needs them.",Static code/spec audit only; current production activation and new provider response behavior not verified in this matrix.,https://docs.onlyfansapi.com/api-reference/story-highlights/list-story-highlights
POST,/api/{account}/stories/highlights,Story Highlights,Create Story Highlight,createStoryHighlight,,absent,none,,"No explicit operation in the OFAPI typed client, supported gateway families, governed capture request planner or command/export executor.",none,False,"After stories, add highlight inventory and membership operations if editorial workflow needs them.",Static code/spec audit only; current production activation and new provider response behavior not verified in this matrix.,https://docs.onlyfansapi.com/api-reference/story-highlights/create-story-highlight
GET,/api/{account}/stories/highlights/{highlight_id},Story Highlights,Show Story Highlight,showStoryHighlight,,absent,none,,"No explicit operation in the OFAPI typed client, supported gateway families, governed capture request planner or command/export executor.",none,False,"After stories, add highlight inventory and membership operations if editorial workflow needs them.",Static code/spec audit only; current production activation and new provider response behavior not verified in this matrix.,https://docs.onlyfansapi.com/api-reference/story-highlights/show-story-highlight
PUT,/api/{account}/stories/highlights/{highlight_id},Story Highlights,Update Story Highlight,updateStoryHighlight,,absent,none,,"No explicit operation in the OFAPI typed client, supported gateway families, governed capture request planner or command/export executor.",none,False,"After stories, add highlight inventory and membership operations if editorial workflow needs them.",Static code/spec audit only; current production activation and new provider response behavior not verified in this matrix.,https://docs.onlyfansapi.com/api-reference/story-highlights/update-story-highlight
DELETE,/api/{account}/stories/highlights/{highlight_id},Story Highlights,Delete Story Highlight,deleteStoryHighlight,,absent,none,,"No explicit operation in the OFAPI typed client, supported gateway families, governed capture request planner or command/export executor.",none,False,"After stories, add highlight inventory and membership operations if editorial workflow needs them.",Static code/spec audit only; current production activation and new provider response behavior not verified in this matrix.,https://docs.onlyfansapi.com/api-reference/story-highlights/delete-story-highlight
PATCH,/api/{account}/stories/highlights/{highlight_id}/{story_id},Story Highlights,Add Story to Highlight,addStoryToHighlight,,absent,none,,"No explicit operation in the OFAPI typed client, supported gateway families, governed capture request planner or command/export executor.",none,False,"After stories, add highlight inventory and membership operations if editorial workflow needs them.",Static code/spec audit only; current production activation and new provider response behavior not verified in this matrix.,https://docs.onlyfansapi.com/api-reference/story-highlights/add-story-to-highlight
DELETE,/api/{account}/stories/highlights/{highlight_id}/{story_id},Story Highlights,Remove Story from Highlight,removeStoryFromHighlight,,absent,none,,"No explicit operation in the OFAPI typed client, supported gateway families, governed capture request planner or command/export executor.",none,False,"After stories, add highlight inventory and membership operations if editorial workflow needs them.",Static code/spec audit only; current production activation and new provider response behavior not verified in this matrix.,https://docs.onlyfansapi.com/api-reference/story-highlights/remove-story-from-highlight
GET,/api/{account}/bundles,Subscription Bundles,List Bundles,listBundles,,absent,none,,"No explicit operation in the OFAPI typed client, supported gateway families, governed capture request planner or command/export executor.",none,False,Optional owner offer management after read-side subscription/offer state.,Static code/spec audit only; current production activation and new provider response behavior not verified in this matrix.,https://docs.onlyfansapi.com/api-reference/subscription-bundles/list-bundles
POST,/api/{account}/bundles,Subscription Bundles,Create Bundle,createBundle,discount | duration,absent,none,,"No explicit operation in the OFAPI typed client, supported gateway families, governed capture request planner or command/export executor.",none,False,Optional owner offer management after read-side subscription/offer state.,Static code/spec audit only; current production activation and new provider response behavior not verified in this matrix.,https://docs.onlyfansapi.com/api-reference/subscription-bundles/create-bundle
DELETE,/api/{account}/bundles/{bundle_id},Subscription Bundles,Delete Bundle,deleteBundle,,absent,none,,"No explicit operation in the OFAPI typed client, supported gateway families, governed capture request planner or command/export executor.",none,False,Optional owner offer management after read-side subscription/offer state.,Static code/spec audit only; current production activation and new provider response behavior not verified in this matrix.,https://docs.onlyfansapi.com/api-reference/subscription-bundles/delete-bundle
GET,/api/{account}/tracking-links/{tracking_link_id}/subscribers,Tracking Links,List Tracking Link Subscribers,listTrackingLinkSubscribers,limit | offset,full,identity sync,/Users/dmitriy/code/goose/hub/apps/runtime/src/services/ofapi.ts:1720 | /Users/dmitriy/code/goose/hub/apps/runtime/src/services/sync/ofapi-fan-identities.ts:364,List with limit/offset consumed by checkpointed identity discovery.,complete,True,"High value: complete filters, daily stats/cohort ARPS/tags and lifecycle, building on current source-link/identity tables.",Static code/spec audit only; current production activation and new provider response behavior not verified in this matrix.,https://docs.onlyfansapi.com/api-reference/tracking-links/list-tracking-link-subscribers
GET,/api/{account}/tracking-links/{tracking_link_id}/spenders,Tracking Links,List Tracking Link Spenders,listTrackingLinkSpenders,limit | offset | minSpend,partial,identity sync,/Users/dmitriy/code/goose/hub/apps/runtime/src/services/ofapi.ts:1720 | /Users/dmitriy/code/goose/hub/apps/runtime/src/services/sync/ofapi-fan-identities.ts:364,"Spender list consumed by identity discovery; new minSpend filter absent. Confirmed mapping defect: identity mapper reads item.id, while spender schema uses onlyfans_id; official 3-row example produces zero identity inserts.",partial,True,"High value: complete filters, daily stats/cohort ARPS/tags and lifecycle, building on current source-link/identity tables.",Executed current source mapping/cursor with local DB stubs and documented/synthetic fixtures; see comparison-probes.mjs/json. Live incidence not measured.,https://docs.onlyfansapi.com/api-reference/tracking-links/list-tracking-link-spenders
GET,/api/{account}/tracking-links/{tracking_link_id}/stats,Tracking Links,Get Tracking Link Stats,getTrackingLinkStats,date_start | date_end,absent,none,,"No explicit operation in the OFAPI typed client, supported gateway families, governed capture request planner or command/export executor.",none,False,"High value: complete filters, daily stats/cohort ARPS/tags and lifecycle, building on current source-link/identity tables.",Static code/spec audit only; current production activation and new provider response behavior not verified in this matrix.,https://docs.onlyfansapi.com/api-reference/tracking-links/get-tracking-link-stats
GET,/api/{account}/tracking-links/{tracking_link_id}/cohort-arps,Tracking Links,Get Tracking Link Cohort ARPS,getTrackingLinkCohortARPS,acquisition_start | acquisition_end | revenue_basis,absent,none,,"No explicit operation in the OFAPI typed client, supported gateway families, governed capture request planner or command/export executor.",none,False,"High value: complete filters, daily stats/cohort ARPS/tags and lifecycle, building on current source-link/identity tables.",Static code/spec audit only; current production activation and new provider response behavior not verified in this matrix.,https://docs.onlyfansapi.com/api-reference/tracking-links/get-tracking-link-cohort-arps
GET,/api/{account}/tracking-links/{tracking_link_id}/tags,Tracking Links,List Tracking Link Tags,listTrackingLinkTags,,absent,none,,"No explicit operation in the OFAPI typed client, supported gateway families, governed capture request planner or command/export executor.",none,False,"High value: complete filters, daily stats/cohort ARPS/tags and lifecycle, building on current source-link/identity tables.",Static code/spec audit only; current production activation and new provider response behavior not verified in this matrix.,https://docs.onlyfansapi.com/api-reference/tracking-links/list-tracking-link-tags
POST,/api/{account}/tracking-links/{tracking_link_id}/tags,Tracking Links,Add Tracking Link Tags,addTrackingLinkTags,,absent,none,,"No explicit operation in the OFAPI typed client, supported gateway families, governed capture request planner or command/export executor.",none,False,"High value: complete filters, daily stats/cohort ARPS/tags and lifecycle, building on current source-link/identity tables.",Static code/spec audit only; current production activation and new provider response behavior not verified in this matrix.,https://docs.onlyfansapi.com/api-reference/tracking-links/add-tracking-link-tags
DELETE,/api/{account}/tracking-links/{tracking_link_id}/tags,Tracking Links,Remove Tracking Link Tags,removeTrackingLinkTags,,absent,none,,"No explicit operation in the OFAPI typed client, supported gateway families, governed capture request planner or command/export executor.",none,False,"High value: complete filters, daily stats/cohort ARPS/tags and lifecycle, building on current source-link/identity tables.",Static code/spec audit only; current production activation and new provider response behavior not verified in this matrix.,https://docs.onlyfansapi.com/api-reference/tracking-links/remove-tracking-link-tags
GET,/api/{account}/tracking-links,Tracking Links,List Tracking Links,listTrackingLinks,startDate | endDate | with_deleted | sortby | sort | limit | offset | pagination | synchronous,partial,identity sync,/Users/dmitriy/code/goose/hub/apps/runtime/src/services/ofapi.ts:1704 | /Users/dmitriy/code/goose/hub/apps/runtime/src/services/sync/ofapi-fan-identities.ts:307,"List + bounded identity discovery exist. Only limit/offset; missing date range, with_deleted, sortby/sort, pagination and synchronous.",partial,True,"High value: complete filters, daily stats/cohort ARPS/tags and lifecycle, building on current source-link/identity tables.",Static code/spec audit only; current production activation and new provider response behavior not verified in this matrix.,https://docs.onlyfansapi.com/api-reference/tracking-links/list-tracking-links
POST,/api/{account}/tracking-links,Tracking Links,Create Tracking Link,createTrackingLink,,absent,none,,"No explicit operation in the OFAPI typed client, supported gateway families, governed capture request planner or command/export executor.",none,False,"High value: complete filters, daily stats/cohort ARPS/tags and lifecycle, building on current source-link/identity tables.",Static code/spec audit only; current production activation and new provider response behavior not verified in this matrix.,https://docs.onlyfansapi.com/api-reference/tracking-links/create-tracking-link
GET,/api/{account}/tracking-links/{tracking_link_id},Tracking Links,Get Tracking Link,getTrackingLink,,absent,none,,"No explicit operation in the OFAPI typed client, supported gateway families, governed capture request planner or command/export executor.",none,False,"High value: complete filters, daily stats/cohort ARPS/tags and lifecycle, building on current source-link/identity tables.",Static code/spec audit only; current production activation and new provider response behavior not verified in this matrix.,https://docs.onlyfansapi.com/api-reference/tracking-links/get-tracking-link
DELETE,/api/{account}/tracking-links/{tracking_link_id},Tracking Links,Delete Tracking Link,deleteTrackingLink,,absent,none,,"No explicit operation in the OFAPI typed client, supported gateway families, governed capture request planner or command/export executor.",none,False,"High value: complete filters, daily stats/cohort ARPS/tags and lifecycle, building on current source-link/identity tables.",Static code/spec audit only; current production activation and new provider response behavior not verified in this matrix.,https://docs.onlyfansapi.com/api-reference/tracking-links/delete-tracking-link
GET,/api/{account}/transactions,Transactions,List Transactions,listTransactions,limit | startDate | marker | type | tipsSource,partial,sync/backfill + gateway + projections,/Users/dmitriy/code/goose/hub/apps/runtime/src/services/ofapi.ts:1656 | /Users/dmitriy/code/goose/hub/apps/runtime/src/services/ofapi-read-gateway.ts:260 | /Users/dmitriy/code/goose/hub/apps/runtime/src/services/ofapi-transactions-backfill.ts:511,Transaction data pipeline exists. Gateway lacks tipsSource; sync/backfill lacks type and tipsSource. Financial normalization exists independently of provider analytics APIs.,partial,True,Repair tipsSource/type parity and reconciliation; preserve raw->canonical money and pending/chargeback rules.,Static code/spec audit only; current production activation and new provider response behavior not verified in this matrix.,https://docs.onlyfansapi.com/api-reference/transactions/list-transactions
GET,/api/usage/credits,Usage,Get Credit Usage,getCreditUsage,from | to | group_by | account_id | include_today,absent,none,,"No explicit operation in the OFAPI typed client, supported gateway families, governed capture request planner or command/export executor.",none,False,High value: provider credit usage baseline plus reconciliation against per-physical-attempt local ledger; handle external spend and API-key scopes.,Static code/spec audit only; current production activation and new provider response behavior not verified in this matrix.,https://docs.onlyfansapi.com/api-reference/usage/get-credit-usage
GET,/api/{account}/user-lists,User List Collections,List User Lists,listUserLists,limit | offset | view,partial,gateway,/Users/dmitriy/code/goose/hub/apps/runtime/src/services/ofapi-read-gateway.ts:287,Read-only raw list. Missing view query; no provider list CRUD or durable list/membership management workflow.,partial,True,"Add durable list/membership model and view/pinned parity, then explicit list CRUD/member commands for CRM targeting.",Static code/spec audit only; current production activation and new provider response behavior not verified in this matrix.,https://docs.onlyfansapi.com/api-reference/user-list-collections/list-user-lists
POST,/api/{account}/user-lists,User List Collections,Create User List,createUserList,,absent,none,,"No explicit operation in the OFAPI typed client, supported gateway families, governed capture request planner or command/export executor.",none,False,"Add durable list/membership model and view/pinned parity, then explicit list CRUD/member commands for CRM targeting.",Static code/spec audit only; current production activation and new provider response behavior not verified in this matrix.,https://docs.onlyfansapi.com/api-reference/user-list-collections/create-user-list
GET,/api/{account}/user-lists/{userListId},User List Collections,Get User List,getUserList,,absent,none,,"No explicit operation in the OFAPI typed client, supported gateway families, governed capture request planner or command/export executor.",none,False,"Add durable list/membership model and view/pinned parity, then explicit list CRUD/member commands for CRM targeting.",Static code/spec audit only; current production activation and new provider response behavior not verified in this matrix.,https://docs.onlyfansapi.com/api-reference/user-list-collections/get-user-list
PUT,/api/{account}/user-lists/{userListId},User List Collections,Update User List,updateUserList,,absent,none,,"No explicit operation in the OFAPI typed client, supported gateway families, governed capture request planner or command/export executor.",none,False,"Add durable list/membership model and view/pinned parity, then explicit list CRUD/member commands for CRM targeting.",Static code/spec audit only; current production activation and new provider response behavior not verified in this matrix.,https://docs.onlyfansapi.com/api-reference/user-list-collections/update-user-list
DELETE,/api/{account}/user-lists/{userListId},User List Collections,Delete User List,deleteUserList,,absent,none,,"No explicit operation in the OFAPI typed client, supported gateway families, governed capture request planner or command/export executor.",none,False,"Add durable list/membership model and view/pinned parity, then explicit list CRUD/member commands for CRM targeting.",Static code/spec audit only; current production activation and new provider response behavior not verified in this matrix.,https://docs.onlyfansapi.com/api-reference/user-list-collections/delete-user-list
GET,/api/{account}/user-lists/{userListId}/users,User List Collections,List User List Users,listUserListUsers,limit | offset,partial,gateway,/Users/dmitriy/code/goose/hub/apps/runtime/src/services/ofapi-read-gateway.ts:294,Read-only raw members list; no durable list/membership sync or management workflow.,complete,True,"Add durable list/membership model and view/pinned parity, then explicit list CRUD/member commands for CRM targeting.",Static code/spec audit only; current production activation and new provider response behavior not verified in this matrix.,https://docs.onlyfansapi.com/api-reference/user-list-collections/list-user-list-users
POST,/api/{account}/user-lists/{userListId}/users,User List Collections,Add Users to User List,addUsersToUserList,,absent,none,,"No explicit operation in the OFAPI typed client, supported gateway families, governed capture request planner or command/export executor.",none,False,"Add durable list/membership model and view/pinned parity, then explicit list CRUD/member commands for CRM targeting.",Static code/spec audit only; current production activation and new provider response behavior not verified in this matrix.,https://docs.onlyfansapi.com/api-reference/user-list-collections/add-users-to-user-list
DELETE,/api/{account}/user-lists/{userListId}/users,User List Collections,Clear User List,clearUserList,,absent,none,,"No explicit operation in the OFAPI typed client, supported gateway families, governed capture request planner or command/export executor.",none,False,"Add durable list/membership model and view/pinned parity, then explicit list CRUD/member commands for CRM targeting.",Static code/spec audit only; current production activation and new provider response behavior not verified in this matrix.,https://docs.onlyfansapi.com/api-reference/user-list-collections/clear-user-list
GET,/api/{account}/user-lists/{userListId}/users/pinned,User List Collections,List Pinned Users in User List,listPinnedUsersInUserList,limit | offset,absent,none,,"No explicit operation in the OFAPI typed client, supported gateway families, governed capture request planner or command/export executor.",none,False,"Add durable list/membership model and view/pinned parity, then explicit list CRUD/member commands for CRM targeting.",Static code/spec audit only; current production activation and new provider response behavior not verified in this matrix.,https://docs.onlyfansapi.com/api-reference/user-list-collections/list-pinned-users-in-user-list
DELETE,/api/{account}/user-lists/{userListId}/users/{userId},User List Collections,Remove User from a User List,removeUserFromAUserList,,absent,none,,"No explicit operation in the OFAPI typed client, supported gateway families, governed capture request planner or command/export executor.",none,False,"Add durable list/membership model and view/pinned parity, then explicit list CRUD/member commands for CRM targeting.",Static code/spec audit only; current production activation and new provider response behavior not verified in this matrix.,https://docs.onlyfansapi.com/api-reference/user-list-collections/remove-user-from-a-user-list
POST,/api/{account}/user-lists/{userListId}/users/{userId}/pin,User List Collections,Pin/Unpin User in User List,pinUnpinUserInUserList,,absent,none,,"No explicit operation in the OFAPI typed client, supported gateway families, governed capture request planner or command/export executor.",none,False,"Add durable list/membership model and view/pinned parity, then explicit list CRUD/member commands for CRM targeting.",Static code/spec audit only; current production activation and new provider response behavior not verified in this matrix.,https://docs.onlyfansapi.com/api-reference/user-list-collections/pin-unpin-user-in-user-list
GET,/api/{account}/users/list,Users,Mass-List User Details,massListUserDetails,ids,partial,gateway,/Users/dmitriy/code/goose/hub/apps/runtime/src/services/ofapi-read-gateway.ts:245 | /Users/dmitriy/code/goose/hub/apps/runtime/src/services/ofapi-capture-contract.ts:73,Raw batch-user lookup and capture (up to ten ids). Not a full durable identity-refresh/CRM workflow.,complete,True,Explicit moderation state/commands and user metadata refresh; subscribe/unsubscribe is a separate account action.,Static code/spec audit only; current production activation and new provider response behavior not verified in this matrix.,https://docs.onlyfansapi.com/api-reference/users/mass-list-user-details
GET,/api/{account}/users/{username},Users,Get User Details,getUserDetails,,partial,gateway,/Users/dmitriy/code/goose/hub/apps/runtime/src/services/ofapi-read-gateway.ts:251,Raw user lookup and capture. Does not by itself prove complete durable user-model support. Reserved static paths blocked/restricted can collide with this matcher.,complete,True,Explicit moderation state/commands and user metadata refresh; subscribe/unsubscribe is a separate account action.,Static code/spec audit only; current production activation and new provider response behavior not verified in this matrix.,https://docs.onlyfansapi.com/api-reference/users/get-user-details
POST,/api/{account}/users/{user_id}/restrict,Users,Restrict User,restrictUser,,absent,none,,"No explicit operation in the OFAPI typed client, supported gateway families, governed capture request planner or command/export executor.",none,False,Explicit moderation state/commands and user metadata refresh; subscribe/unsubscribe is a separate account action.,Static code/spec audit only; current production activation and new provider response behavior not verified in this matrix.,https://docs.onlyfansapi.com/api-reference/users/restrict-user
DELETE,/api/{account}/users/{user_id}/restrict,Users,Unrestrict User,unrestrictUser,,absent,none,,"No explicit operation in the OFAPI typed client, supported gateway families, governed capture request planner or command/export executor.",none,False,Explicit moderation state/commands and user metadata refresh; subscribe/unsubscribe is a separate account action.,Static code/spec audit only; current production activation and new provider response behavior not verified in this matrix.,https://docs.onlyfansapi.com/api-reference/users/unrestrict-user
POST,/api/{account}/users/{user_id}/block,Users,Block User,blockUser,,absent,none,,"No explicit operation in the OFAPI typed client, supported gateway families, governed capture request planner or command/export executor.",none,False,Explicit moderation state/commands and user metadata refresh; subscribe/unsubscribe is a separate account action.,Static code/spec audit only; current production activation and new provider response behavior not verified in this matrix.,https://docs.onlyfansapi.com/api-reference/users/block-user
DELETE,/api/{account}/users/{user_id}/block,Users,Unblock User,unblockUser,,absent,none,,"No explicit operation in the OFAPI typed client, supported gateway families, governed capture request planner or command/export executor.",none,False,Explicit moderation state/commands and user metadata refresh; subscribe/unsubscribe is a separate account action.,Static code/spec audit only; current production activation and new provider response behavior not verified in this matrix.,https://docs.onlyfansapi.com/api-reference/users/unblock-user
POST,/api/{account}/users/{user_id}/subscribe,Users,Subscribe to User,subscribeToUser,,absent,none,,"No explicit operation in the OFAPI typed client, supported gateway families, governed capture request planner or command/export executor.",none,False,Explicit moderation state/commands and user metadata refresh; subscribe/unsubscribe is a separate account action.,Static code/spec audit only; current production activation and new provider response behavior not verified in this matrix.,https://docs.onlyfansapi.com/api-reference/users/subscribe-to-user
DELETE,/api/{account}/users/{user_id}/subscribe,Users,Unsubscribe from User,unsubscribeFromUser,,absent,none,,"No explicit operation in the OFAPI typed client, supported gateway families, governed capture request planner or command/export executor.",none,False,Explicit moderation state/commands and user metadata refresh; subscribe/unsubscribe is a separate account action.,Static code/spec audit only; current production activation and new provider response behavior not verified in this matrix.,https://docs.onlyfansapi.com/api-reference/users/unsubscribe-from-user
GET,/api/webhooks/events,Webhooks,List Available Events,listAvailableEvents,,absent,none,,"No explicit operation in the OFAPI typed client, supported gateway families, governed capture request planner or command/export executor.",none,False,"Catalog/event drift detection, new events, delivery history/redelivery, provider registration inventory/status; preserve idempotency and raw capture.",Static code/spec audit only; current production activation and new provider response behavior not verified in this matrix.,https://docs.onlyfansapi.com/api-reference/webhooks/list-available-events
GET,/api/webhooks/{webhook_id}/deliveries,Webhooks,List Webhook Deliveries,listWebhookDeliveries,date_start | date_end | event | succeeded | limit | offset,absent,none,,"No explicit operation in the OFAPI typed client, supported gateway families, governed capture request planner or command/export executor.",none,False,"Catalog/event drift detection, new events, delivery history/redelivery, provider registration inventory/status; preserve idempotency and raw capture.",Static code/spec audit only; current production activation and new provider response behavior not verified in this matrix.,https://docs.onlyfansapi.com/api-reference/webhooks/list-webhook-deliveries
POST,/api/webhooks/{webhook_id}/deliveries/{delivery_id}/redeliver,Webhooks,Redeliver Webhook Delivery,redeliverWebhookDelivery,,absent,none,,"No explicit operation in the OFAPI typed client, supported gateway families, governed capture request planner or command/export executor.",none,False,"Catalog/event drift detection, new events, delivery history/redelivery, provider registration inventory/status; preserve idempotency and raw capture.",Static code/spec audit only; current production activation and new provider response behavior not verified in this matrix.,https://docs.onlyfansapi.com/api-reference/webhooks/redeliver-webhook-delivery
GET,/api/webhooks,Webhooks,List Webhooks,listWebhooks,,absent,none,,"No explicit operation in the OFAPI typed client, supported gateway families, governed capture request planner or command/export executor.",none,False,"Catalog/event drift detection, new events, delivery history/redelivery, provider registration inventory/status; preserve idempotency and raw capture.",Static code/spec audit only; current production activation and new provider response behavior not verified in this matrix.,https://docs.onlyfansapi.com/api-reference/webhooks/list-webhooks
POST,/api/webhooks,Webhooks,Create Webhook,createWebhook,,partial,admin registration,/Users/dmitriy/code/goose/hub/apps/runtime/src/services/ofapi.ts:1570 | /Users/dmitriy/code/goose/hub/apps/runtime/src/services/ofapi-webhooks.ts:283 | /Users/dmitriy/code/goose/hub/packages/contracts/src/routes.ts:5684,"Create exists, with fixed event selection and accountScope but no account_ids. New provider events are not yet selected.",partial,True,"Catalog/event drift detection, new events, delivery history/redelivery, provider registration inventory/status; preserve idempotency and raw capture.",Static code/spec audit only; current production activation and new provider response behavior not verified in this matrix.,https://docs.onlyfansapi.com/api-reference/webhooks/create-webhook
GET,/api/webhooks/{webhook_id},Webhooks,Show Webhook,showWebhook,,absent,none,,"No explicit operation in the OFAPI typed client, supported gateway families, governed capture request planner or command/export executor.",none,False,"Catalog/event drift detection, new events, delivery history/redelivery, provider registration inventory/status; preserve idempotency and raw capture.",Static code/spec audit only; current production activation and new provider response behavior not verified in this matrix.,https://docs.onlyfansapi.com/api-reference/webhooks/show-webhook
PUT,/api/webhooks/{webhook_id},Webhooks,Update Webhook,updateWebhook,,partial,admin registration,/Users/dmitriy/code/goose/hub/apps/runtime/src/services/ofapi.ts:1578 | /Users/dmitriy/code/goose/hub/apps/runtime/src/services/ofapi-webhooks.ts:314 | /Users/dmitriy/code/goose/hub/packages/contracts/src/routes.ts:5699,Update exists for registration reconciliation; enabled/account_ids and full event-catalog support absent.,partial,True,"Catalog/event drift detection, new events, delivery history/redelivery, provider registration inventory/status; preserve idempotency and raw capture.",Static code/spec audit only; current production activation and new provider response behavior not verified in this matrix.,https://docs.onlyfansapi.com/api-reference/webhooks/update-webhook
DELETE,/api/webhooks/{webhook_id},Webhooks,Delete Webhook,deleteWebhook,,absent,none,,"No explicit operation in the OFAPI typed client, supported gateway families, governed capture request planner or command/export executor.",none,False,"Catalog/event drift detection, new events, delivery history/redelivery, provider registration inventory/status; preserve idempotency and raw capture.",Static code/spec audit only; current production activation and new provider response behavior not verified in this matrix.,https://docs.onlyfansapi.com/api-reference/webhooks/delete-webhook
