"method","path","summary","tags","status","baselineStatus","selection","category","coverage","evidence","captureEvidence","projectionEvidence","consumer","regression","vendorQuery","implementedQuery","intentionalExclusion","docsUrl"
"GET","/api/whoami","Whoami","API Keys","implemented_scoped","implemented_scoped","","","typed_transport","apps/runtime/src/services/ofapi.ts:813","apps/runtime/src/services/ofapi-credential-policy.ts","apps/runtime/src/services/ofapi-vendor-usage.ts | apps/runtime/src/services/ofapi-account-health.ts (administrative diagnostics)","Owner collection credit/key/account diagnostics","tests/ofapi-vendor-usage.integration.test.ts","","","","https://docs.onlyfansapi.com/api-reference/api-keys/whoami"
"GET","/api/accounts","List Accounts","Account","implemented_scoped","implemented_scoped","","","typed_transport","apps/runtime/src/services/ofapi.ts:1989 | apps/runtime/src/services/ofapi.ts:1993","apps/runtime/src/services/ofapi-credential-policy.ts","apps/runtime/src/services/ofapi-vendor-usage.ts | apps/runtime/src/services/ofapi-account-health.ts (administrative diagnostics)","Owner collection credit/key/account diagnostics","tests/ofapi-vendor-usage.integration.test.ts","onlyfans_id | onlyfans_username | onlyfans_email","","","https://docs.onlyfansapi.com/api-reference/account/list-accounts"
"DELETE","/api/accounts/{id}","Disconnect Account","Account","excluded_by_plan","not_implemented","","","","","","","","","","","Only the named S12 read snapshots and existing financial pipeline selected; adjacent aggregates/onboarding/withdrawal need a concrete consumer.","https://docs.onlyfansapi.com/api-reference/account/disconnect-account"
"GET","/api/{account}/me","Get Current Account","Account","implemented_scoped","not_implemented","me","profile_notifications","durable_read_catalog | gateway_read","packages/shared/src/ofapi-read-catalog.ts:90 | apps/runtime/src/services/ofapi-read-gateway.ts:179","apps/runtime/src/services/ofapi-collection-read-transport.ts","apps/runtime/src/services/canonicalize/ofapi-read-collections.ts | apps/runtime/src/services/projections/ofapi-read-snapshots.ts","apps/dashboard/src/pages/settings/OfapiStoredReads.tsx | Desktop generated SDK read gateway","tests/ofapi-read-collections.integration.test.ts | tests/ofapi-read-gateway.test.ts","","","","https://docs.onlyfansapi.com/api-reference/account/get-current-account"
"GET","/api/{account}/me/model-start-date","Get Model Start Date","Account","excluded_by_plan","not_implemented","","","","","","","","","","","Only the named S12 read snapshots and existing financial pipeline selected; adjacent aggregates/onboarding/withdrawal need a concrete consumer.","https://docs.onlyfansapi.com/api-reference/account/get-model-start-date"
"GET","/api/{account}/me/top-percentage","Get Top Percentage","Account","excluded_by_plan","not_implemented","","","","","","","","","","","Only the named S12 read snapshots and existing financial pipeline selected; adjacent aggregates/onboarding/withdrawal need a concrete consumer.","https://docs.onlyfansapi.com/api-reference/account/get-top-percentage"
"POST","/api/analytics/financial/transactions/summary","Get Transaction Summary","Analytics - Financial","excluded_by_plan","not_implemented","","","","","","","","","","","Only the named S12 read snapshots and existing financial pipeline selected; adjacent aggregates/onboarding/withdrawal need a concrete consumer.","https://docs.onlyfansapi.com/api-reference/analytics-financial/get-transaction-summary"
"POST","/api/analytics/financial/transactions/by-type","Get Transactions By Type","Analytics - Financial","excluded_by_plan","not_implemented","","","","","","","","","","","Only the named S12 read snapshots and existing financial pipeline selected; adjacent aggregates/onboarding/withdrawal need a concrete consumer.","https://docs.onlyfansapi.com/api-reference/analytics-financial/get-transactions-by-type"
"POST","/api/analytics/financial/forecast","Get Revenue Forecast","Analytics - Financial","excluded_by_plan","not_implemented","","","","","","","","","","","Only the named S12 read snapshots and existing financial pipeline selected; adjacent aggregates/onboarding/withdrawal need a concrete consumer.","https://docs.onlyfansapi.com/api-reference/analytics-financial/get-revenue-forecast"
"POST","/api/analytics/financial/profitability","Get Profitability","Analytics - Financial","excluded_by_plan","not_implemented","","","","","","","","","","","Only the named S12 read snapshots and existing financial pipeline selected; adjacent aggregates/onboarding/withdrawal need a concrete consumer.","https://docs.onlyfansapi.com/api-reference/analytics-financial/get-profitability"
"GET","/api/analytics/financial/profitability/{account}/history","Get Profitability History","Analytics - Financial","excluded_by_plan","not_implemented","","","","","","","","","account_prefixed_id | months","","Only the named S12 read snapshots and existing financial pipeline selected; adjacent aggregates/onboarding/withdrawal need a concrete consumer.","https://docs.onlyfansapi.com/api-reference/analytics-financial/get-profitability-history"
"POST","/api/analytics/summary/earnings","Get Earnings Overview","Analytics - Summary","excluded_by_plan","not_implemented","","","","","","","","","","","Only the named S12 read snapshots and existing financial pipeline selected; adjacent aggregates/onboarding/withdrawal need a concrete consumer.","https://docs.onlyfansapi.com/api-reference/analytics-summary/get-earnings-overview"
"POST","/api/analytics/summary/historical","Get Historical Performance","Analytics - Summary","excluded_by_plan","not_implemented","","","","","","","","","","","Only the named S12 read snapshots and existing financial pipeline selected; adjacent aggregates/onboarding/withdrawal need a concrete consumer.","https://docs.onlyfansapi.com/api-reference/analytics-summary/get-historical-performance"
"POST","/api/analytics/summary/comparison","Get Period Comparison","Analytics - Summary","excluded_by_plan","not_implemented","","","","","","","","","","","Only the named S12 read snapshots and existing financial pipeline selected; adjacent aggregates/onboarding/withdrawal need a concrete consumer.","https://docs.onlyfansapi.com/api-reference/analytics-summary/get-period-comparison"
"GET","/api/{account}/banking/details/bank","Get Bank Payout Details","Banking","excluded_by_plan","not_implemented","","","","","","","","","","","Banking, tax/legal and platform settings changes are outside this coverage release (S12).","https://docs.onlyfansapi.com/api-reference/banking/get-bank-payout-details"
"GET","/api/{account}/banking/details/legal-form","Get Legal Form Details","Banking","excluded_by_plan","not_implemented","","","","","","","","","","","Banking, tax/legal and platform settings changes are outside this coverage release (S12).","https://docs.onlyfansapi.com/api-reference/banking/get-legal-form-details"
"GET","/api/{account}/banking/details/legal-info","Get Legal and Tax Status","Banking","excluded_by_plan","not_implemented","","","","","","","","","","","Banking, tax/legal and platform settings changes are outside this coverage release (S12).","https://docs.onlyfansapi.com/api-reference/banking/get-legal-and-tax-status"
"GET","/api/{account}/banking/details/dac7-form","Get DAC7 Form Details","Banking","excluded_by_plan","not_implemented","","","","","","","","","","","Banking, tax/legal and platform settings changes are outside this coverage release (S12).","https://docs.onlyfansapi.com/api-reference/banking/get-dac7form-details"
"GET","/api/{account}/banking/details/account-country","Get Account Country Details","Banking","excluded_by_plan","not_implemented","","","","","","","","","","","Banking, tax/legal and platform settings changes are outside this coverage release (S12).","https://docs.onlyfansapi.com/api-reference/banking/get-account-country-details"
"GET","/api/{account}/banking/countries","List Countries","Banking","excluded_by_plan","not_implemented","","","","","","","","","","","Banking, tax/legal and platform settings changes are outside this coverage release (S12).","https://docs.onlyfansapi.com/api-reference/banking/list-countries"
"GET","/api/{account}/banking/available-payout-systems","List Available Payout Systems","Banking","excluded_by_plan","not_implemented","","","","","","","","","","","Banking, tax/legal and platform settings changes are outside this coverage release (S12).","https://docs.onlyfansapi.com/api-reference/banking/list-available-payout-systems"
"GET","/api/banned-words","List Banned Words","Banned Words","implemented_scoped","not_implemented","","","typed_transport","apps/runtime/src/services/ofapi.ts:1933","apps/runtime/src/services/ofapi-credential-policy.ts","apps/runtime/src/services/ofapi-banned-words.ts (local dictionary state)","Desktop v2 composer banned-word preview","tests/ofapi-command-composer.integration.test.ts","category | risk_level | search | per_page","","","https://docs.onlyfansapi.com/api-reference/banned-words/list-banned-words"
"GET","/api/{account}/users/blocked","List Blocked Users","Blocked / Restricted Users","implemented_scoped","not_implemented","users_blocked","profile_notifications","durable_read_catalog | gateway_read","packages/shared/src/ofapi-read-catalog.ts:100 | apps/runtime/src/services/ofapi-read-gateway.ts:179","apps/runtime/src/services/ofapi-collection-read-transport.ts","apps/runtime/src/services/canonicalize/ofapi-read-collections.ts | apps/runtime/src/services/projections/ofapi-read-snapshots.ts","apps/dashboard/src/pages/settings/OfapiStoredReads.tsx | Desktop generated SDK read gateway","tests/ofapi-read-collections.integration.test.ts | tests/ofapi-read-gateway.test.ts","limit | offset | query","limit | offset | query","","https://docs.onlyfansapi.com/api-reference/blocked-restricted-users/list-blocked-users"
"GET","/api/{account}/users/restricted","List Restricted Users","Blocked / Restricted Users","implemented_scoped","not_implemented","users_restricted","profile_notifications","durable_read_catalog | gateway_read","packages/shared/src/ofapi-read-catalog.ts:100 | apps/runtime/src/services/ofapi-read-gateway.ts:179","apps/runtime/src/services/ofapi-collection-read-transport.ts","apps/runtime/src/services/canonicalize/ofapi-read-collections.ts | apps/runtime/src/services/projections/ofapi-read-snapshots.ts","apps/dashboard/src/pages/settings/OfapiStoredReads.tsx | Desktop generated SDK read gateway","tests/ofapi-read-collections.integration.test.ts | tests/ofapi-read-gateway.test.ts","limit | offset | query","limit | offset | query","","https://docs.onlyfansapi.com/api-reference/blocked-restricted-users/list-restricted-users"
"GET","/api/{account}/chargebacks","List Chargebacks","Chargebacks","implemented_scoped","implemented_scoped","","","capture_or_typed_read","apps/runtime/src/services/ofapi.ts:2093","apps/runtime/src/services/ofapi-capture-transport.ts","apps/runtime/src/services/canonicalize/sync-pull.ts | apps/runtime/src/services/projections/registry.ts","apps/runtime/src/services/ofapi-chargebacks-sync.ts","tests/ofapi-chargebacks-sync.integration.test.ts","start_date | end_date | limit | offset","limit | offset | start_date | end_date","","https://docs.onlyfansapi.com/api-reference/chargebacks/list-chargebacks"
"GET","/api/{account}/chargebacks/statistics","List Chargeback Statistics","Chargebacks","excluded_by_plan","not_implemented","","","","","","","","","start_date | end_date","","Only the named S12 read snapshots and existing financial pipeline selected; adjacent aggregates/onboarding/withdrawal need a concrete consumer.","https://docs.onlyfansapi.com/api-reference/chargebacks/list-chargeback-statistics"
"GET","/api/{account}/chargebacks/ratio","Calculate Chargeback Ratio","Chargebacks","excluded_by_plan","not_implemented","","","","","","","","","start_date | end_date","","Only the named S12 read snapshots and existing financial pipeline selected; adjacent aggregates/onboarding/withdrawal need a concrete consumer.","https://docs.onlyfansapi.com/api-reference/chargebacks/calculate-chargeback-ratio"
"GET","/api/{account}/chats/{chat_id}/messages/{message_id}","Get Specific Chat Message","Chat Messages","implemented_scoped","implemented_scoped","","","gateway_read","apps/runtime/src/services/ofapi-read-gateway.ts:248","apps/runtime/src/services/ofapi-capture-transport.ts | apps/runtime/src/services/ofapi-read-gateway-capture.ts","apps/runtime/src/services/canonicalize/index.ts (registered legacy read families); Desktop response consumer","Desktop generated SDK read gateway","tests/ofapi-read-gateway.test.ts","","","","https://docs.onlyfansapi.com/api-reference/chat-messages/get-specific-chat-message"
"DELETE","/api/{account}/chats/{chat_id}/messages/{message_id}","Delete Message","Chat Messages","implemented_scoped","implemented_scoped","","","command_outbox","apps/runtime/src/services/ofapi.ts:1674","apps/runtime/src/services/ofapi.ts | apps/runtime/src/services/ofapi-command-outbox.ts","apps/runtime/src/services/ofapi-command-executor.ts (durable result/verification state)","Desktop durable one-attempt outbox","tests/ofapi-command-outbox.integration.test.ts","","","","https://docs.onlyfansapi.com/api-reference/chat-messages/delete-message"
"POST","/api/{account}/chats/{chat_id}/messages/{message_id}/pin","Pin Message","Chat Messages","implemented_scoped","not_implemented","","","closed_command","apps/runtime/src/services/ofapi-command-composer.ts:21","apps/runtime/src/services/ofapi.ts | apps/runtime/src/services/ofapi-command-outbox.ts","apps/runtime/src/services/ofapi-command-executor.ts (durable result/verification state)","Desktop PR27 persisted composer/actions","tests/ofapi-command-composer.integration.test.ts","","","","https://docs.onlyfansapi.com/api-reference/chat-messages/pin-message"
"DELETE","/api/{account}/chats/{chat_id}/messages/{message_id}/unpin","Unpin Message","Chat Messages","implemented_scoped","not_implemented","","","closed_command","apps/runtime/src/services/ofapi-command-composer.ts:21","apps/runtime/src/services/ofapi.ts | apps/runtime/src/services/ofapi-command-outbox.ts","apps/runtime/src/services/ofapi-command-executor.ts (durable result/verification state)","Desktop PR27 persisted composer/actions","tests/ofapi-command-composer.integration.test.ts","","","","https://docs.onlyfansapi.com/api-reference/chat-messages/unpin-message"
"POST","/api/{account}/chats/{chat_id}/messages/{message_id}/like","Like Message","Chat Messages","implemented_scoped","not_implemented","","","closed_command","apps/runtime/src/services/ofapi-command-composer.ts:21","apps/runtime/src/services/ofapi.ts | apps/runtime/src/services/ofapi-command-outbox.ts","apps/runtime/src/services/ofapi-command-executor.ts (durable result/verification state)","Desktop PR27 persisted composer/actions","tests/ofapi-command-composer.integration.test.ts","","","","https://docs.onlyfansapi.com/api-reference/chat-messages/like-message"
"DELETE","/api/{account}/chats/{chat_id}/messages/{message_id}/unlike","Unlike Message","Chat Messages","implemented_scoped","not_implemented","","","closed_command","apps/runtime/src/services/ofapi-command-composer.ts:21","apps/runtime/src/services/ofapi.ts | apps/runtime/src/services/ofapi-command-outbox.ts","apps/runtime/src/services/ofapi-command-executor.ts (durable result/verification state)","Desktop PR27 persisted composer/actions","tests/ofapi-command-composer.integration.test.ts","","","","https://docs.onlyfansapi.com/api-reference/chat-messages/unlike-message"
"GET","/api/{account}/chats/{chat_id}/messages/search","Search Chat Messages","Chat Messages","implemented_scoped","implemented_scoped","","","gateway_read","apps/runtime/src/services/ofapi-read-gateway.ts:235","apps/runtime/src/services/ofapi-capture-transport.ts | apps/runtime/src/services/ofapi-read-gateway-capture.ts","apps/runtime/src/services/canonicalize/index.ts (registered legacy read families); Desktop response consumer","Desktop generated SDK read gateway","tests/ofapi-read-gateway.test.ts","query","","","https://docs.onlyfansapi.com/api-reference/chat-messages/search-chat-messages"
"POST","/api/{account}/messages/{queue_id}/attach-tags","Attach Tags (Release Forms) to Message","Chat Messages","excluded_by_plan","not_implemented","","","","","","","","","","","Post-send release-form tag replacement is separate from typed send attachments and requires a dedicated workflow (S6/S11).","https://docs.onlyfansapi.com/api-reference/chat-messages/attach-tags-release-forms-to-message"
"GET","/api/{account}/chats/{chat_id}/messages","List Chat Messages","Chat Messages","implemented_scoped","implemented_scoped","","","capture_or_typed_read | gateway_read","apps/runtime/src/services/ofapi.ts:2023 | apps/runtime/src/services/ofapi-capture-jobs.ts:1271 | apps/runtime/src/services/ofapi-read-gateway.ts:229","apps/runtime/src/services/ofapi-capture-transport.ts | apps/runtime/src/services/ofapi-read-gateway-capture.ts","apps/runtime/src/services/canonicalize/index.ts (registered legacy read families); Desktop response consumer","Desktop generated SDK read gateway","tests/ofapi-read-gateway.test.ts","limit | filter | first_id | last_id | order | skip_users","limit | order | first_id","","https://docs.onlyfansapi.com/api-reference/chat-messages/list-chat-messages"
"POST","/api/{account}/chats/{chat_id}/messages","Send Message","Chat Messages","implemented_scoped","implemented_scoped","","","command_outbox","apps/runtime/src/services/ofapi.ts:1460","apps/runtime/src/services/ofapi.ts | apps/runtime/src/services/ofapi-command-outbox.ts","apps/runtime/src/services/ofapi-command-executor.ts (durable result/verification state)","Desktop durable one-attempt outbox","tests/ofapi-command-outbox.integration.test.ts","","","","https://docs.onlyfansapi.com/api-reference/chat-messages/send-message"
"GET","/api/{account}/chats","List Chats","Chats","implemented_scoped","implemented_scoped","","","capture_or_typed_read | gateway_read","apps/runtime/src/services/ofapi.ts:2002 | apps/runtime/src/services/ofapi-read-gateway.ts:203","apps/runtime/src/services/ofapi-capture-transport.ts | apps/runtime/src/services/ofapi-read-gateway-capture.ts","apps/runtime/src/services/canonicalize/index.ts (registered legacy read families); Desktop response consumer","Desktop generated SDK read gateway","tests/ofapi-read-gateway.test.ts","limit | offset | skip_users | order | filter | query","limit | offset | order","","https://docs.onlyfansapi.com/api-reference/chats/list-chats"
"POST","/api/{account}/chats/mark-as-read","Mark All Chats as Read","Chats","excluded_by_plan","not_implemented","","","","","","","","","","","Only explicit single-chat read/unread commands selected; account-wide read-state mutation excluded (S6b).","https://docs.onlyfansapi.com/api-reference/chats/mark-all-chats-as-read"
"GET","/api/{account}/chats/{chat_id}/media","List Chat Media (Gallery)","Chats","implemented_scoped","implemented_scoped","","","gateway_read","apps/runtime/src/services/ofapi-read-gateway.ts:265","apps/runtime/src/services/ofapi-capture-transport.ts | apps/runtime/src/services/ofapi-read-gateway-capture.ts","apps/runtime/src/services/canonicalize/index.ts (registered legacy read families); Desktop response consumer","Desktop generated SDK read gateway","tests/ofapi-read-gateway.test.ts","type | limit | offset | skip_users","","","https://docs.onlyfansapi.com/api-reference/chats/list-chat-media-gallery"
"POST","/api/{account}/chats/{chat_id}/typing","Start Typing Indicator","Chats","implemented_scoped","implemented_scoped","","","command_outbox","apps/runtime/src/services/ofapi.ts:1599","apps/runtime/src/services/ofapi.ts | apps/runtime/src/services/ofapi-command-outbox.ts","apps/runtime/src/services/ofapi-command-executor.ts (durable result/verification state)","Desktop durable one-attempt outbox","tests/ofapi-command-outbox.integration.test.ts","","","","https://docs.onlyfansapi.com/api-reference/chats/start-typing-indicator"
"POST","/api/{account}/chats/{chat_id}/mute","Mute Chat Notifications","Chats","implemented_scoped","not_implemented","","","closed_command","apps/runtime/src/services/ofapi-command-composer.ts:21","apps/runtime/src/services/ofapi.ts | apps/runtime/src/services/ofapi-command-outbox.ts","apps/runtime/src/services/ofapi-command-executor.ts (durable result/verification state)","Desktop PR27 persisted composer/actions","tests/ofapi-command-composer.integration.test.ts","","","","https://docs.onlyfansapi.com/api-reference/chats/mute-chat-notifications"
"DELETE","/api/{account}/chats/{chat_id}/unmute","Unmute Chat Notifications","Chats","implemented_scoped","not_implemented","","","closed_command","apps/runtime/src/services/ofapi-command-composer.ts:21","apps/runtime/src/services/ofapi.ts | apps/runtime/src/services/ofapi-command-outbox.ts","apps/runtime/src/services/ofapi-command-executor.ts (durable result/verification state)","Desktop PR27 persisted composer/actions","tests/ofapi-command-composer.integration.test.ts","","","","https://docs.onlyfansapi.com/api-reference/chats/unmute-chat-notifications"
"POST","/api/{account}/chats/{chat_id}/hide","Hide Chat","Chats","implemented_scoped","not_implemented","","","closed_command","apps/runtime/src/services/ofapi-command-composer.ts:21","apps/runtime/src/services/ofapi.ts | apps/runtime/src/services/ofapi-command-outbox.ts","apps/runtime/src/services/ofapi-command-executor.ts (durable result/verification state)","Desktop PR27 persisted composer/actions","tests/ofapi-command-composer.integration.test.ts","","","","https://docs.onlyfansapi.com/api-reference/chats/hide-chat"
"DELETE","/api/{account}/chats/{chat_id}","Delete Chat","Chats","excluded_by_plan","not_implemented","","","","","","","","","","","Hide-chat selected; destructive chat deletion excluded from the user workflow (S6b).","https://docs.onlyfansapi.com/api-reference/chats/delete-chat"
"POST","/api/{account}/chats/{chat_id}/mark-as-read","Mark Chat as Read","Chats","implemented_scoped","implemented_scoped","","","command_outbox","apps/runtime/src/services/ofapi.ts:1756","apps/runtime/src/services/ofapi.ts | apps/runtime/src/services/ofapi-command-outbox.ts","apps/runtime/src/services/ofapi-command-executor.ts (durable result/verification state)","Desktop durable one-attempt outbox","tests/ofapi-command-outbox.integration.test.ts","","","","https://docs.onlyfansapi.com/api-reference/chats/mark-chat-as-read"
"POST","/api/{account}/chats/{chat_id}/mark-as-unread","Mark Chat as Unread","Chats","implemented_scoped","not_implemented","","","closed_command","apps/runtime/src/services/ofapi-command-composer.ts:21","apps/runtime/src/services/ofapi.ts | apps/runtime/src/services/ofapi-command-outbox.ts","apps/runtime/src/services/ofapi-command-executor.ts (durable result/verification state)","Desktop PR27 persisted composer/actions","tests/ofapi-command-composer.integration.test.ts","","","","https://docs.onlyfansapi.com/api-reference/chats/mark-chat-as-unread"
"POST","/api/client-sessions","Create Client Session","Client Sessions","excluded_by_plan","not_implemented","","","","","","","","","","","Interactive credential/face/OTP lifecycle flow is owner-controlled; no autonomous connection workflow (S12).","https://docs.onlyfansapi.com/api-reference/client-sessions/create-client-session"
"POST","/api/authenticate","Start Authentication","Connect OnlyFans Account","excluded_by_plan","not_implemented","","","","","","","","","","","Only the named S12 read snapshots and existing financial pipeline selected; adjacent aggregates/onboarding/withdrawal need a concrete consumer.","https://docs.onlyfansapi.com/api-reference/connect-onlyfans-account/start-authentication"
"GET","/api/authenticate/{attempt_id}","Poll Authentication Status","Connect OnlyFans Account","excluded_by_plan","not_implemented","","","","","","","","","","","Only the named S12 read snapshots and existing financial pipeline selected; adjacent aggregates/onboarding/withdrawal need a concrete consumer.","https://docs.onlyfansapi.com/api-reference/connect-onlyfans-account/poll-authentication-status"
"PUT","/api/authenticate/{attempt_id}","Submit 2FA","Connect OnlyFans Account","excluded_by_plan","not_implemented","","","","","","","","","","","Only the named S12 read snapshots and existing financial pipeline selected; adjacent aggregates/onboarding/withdrawal need a concrete consumer.","https://docs.onlyfansapi.com/api-reference/connect-onlyfans-account/submit2fa"
"POST","/api/authenticate/{attempt_id}/send-email-to-creator","Send 2FA E-mail to Creator","Connect OnlyFans Account","excluded_by_plan","not_implemented","","","","","","","","","","","Only the named S12 read snapshots and existing financial pipeline selected; adjacent aggregates/onboarding/withdrawal need a concrete consumer.","https://docs.onlyfansapi.com/api-reference/connect-onlyfans-account/send2fae-mail-to-creator"
"POST","/api/authenticate/{account_id}/reauthenticate","Re-authenticate Account","Connect OnlyFans Account","excluded_by_plan","not_implemented","","","","","","","","","","","Only the named S12 read snapshots and existing financial pipeline selected; adjacent aggregates/onboarding/withdrawal need a concrete consumer.","https://docs.onlyfansapi.com/api-reference/connect-onlyfans-account/re-authenticate-account"
"PUT","/api/authenticate/{account_id}/credentials","Update Authentication Credentials","Connect OnlyFans Account","excluded_by_plan","not_implemented","","","","","","","","","","","Only the named S12 read snapshots and existing financial pipeline selected; adjacent aggregates/onboarding/withdrawal need a concrete consumer.","https://docs.onlyfansapi.com/api-reference/connect-onlyfans-account/update-authentication-credentials"
"GET","/api/data-exports","List Data Exports","Data Exports","implemented_scoped","not_implemented","","","typed_transport","apps/runtime/src/services/ofapi.ts:1952","apps/runtime/src/services/ofapi-capture-jobs.ts | apps/runtime/src/services/ofapi-credential-policy.ts","apps/runtime/src/services/ofapi-typed-exports.ts (typed captured rows/artifacts and local job state)","Owner typed export quote/approve/status/download controls","tests/ofapi-typed-exports.integration.test.ts","per_page | page | status | type | download_url_expires_in","","","https://docs.onlyfansapi.com/api-reference/data-exports/list-data-exports"
"POST","/api/data-exports","Create Data Export","Data Exports","implemented_scoped","implemented_scoped","","","capture_or_typed_read","apps/runtime/src/services/ofapi-export-quotes.ts:586","apps/runtime/src/services/ofapi-capture-jobs.ts | apps/runtime/src/services/ofapi-credential-policy.ts","apps/runtime/src/services/ofapi-typed-exports.ts (typed captured rows/artifacts and local job state)","Owner typed export quote/approve/status/download controls","tests/ofapi-typed-exports.integration.test.ts","","","","https://docs.onlyfansapi.com/api-reference/data-exports/create-data-export"
"GET","/api/data-exports/{data_export_id}","Get Data Export Status","Data Exports","implemented_scoped","implemented_scoped","","","capture_or_typed_read","apps/runtime/src/services/ofapi-export-quotes.ts:634","apps/runtime/src/services/ofapi-capture-jobs.ts | apps/runtime/src/services/ofapi-credential-policy.ts","apps/runtime/src/services/ofapi-typed-exports.ts (typed captured rows/artifacts and local job state)","Owner typed export quote/approve/status/download controls","tests/ofapi-typed-exports.integration.test.ts","download_url_expires_in","","","https://docs.onlyfansapi.com/api-reference/data-exports/get-data-export-status"
"DELETE","/api/data-exports/{data_export_id}","Cancel Data Export","Data Exports","implemented_scoped","not_implemented","","","capture_or_typed_read","apps/runtime/src/services/ofapi-export-quotes.ts:561","apps/runtime/src/services/ofapi-capture-jobs.ts | apps/runtime/src/services/ofapi-credential-policy.ts","apps/runtime/src/services/ofapi-typed-exports.ts (typed captured rows/artifacts and local job state)","Owner typed export quote/approve/status/download controls","tests/ofapi-typed-exports.integration.test.ts","","","","https://docs.onlyfansapi.com/api-reference/data-exports/cancel-data-export"
"POST","/api/data-exports/{data_export_id}/start","Start Data Export","Data Exports","implemented_scoped","implemented_scoped","","","capture_or_typed_read","apps/runtime/src/services/ofapi-export-quotes.ts:611","apps/runtime/src/services/ofapi-capture-jobs.ts | apps/runtime/src/services/ofapi-credential-policy.ts","apps/runtime/src/services/ofapi-typed-exports.ts (typed captured rows/artifacts and local job state)","Owner typed export quote/approve/status/download controls","tests/ofapi-typed-exports.integration.test.ts","","","","https://docs.onlyfansapi.com/api-reference/data-exports/start-data-export"
"POST","/api/data-exports/{data_export_id}/retry","Retry Failed Data Export","Data Exports","implemented_scoped","not_implemented","","","capture_or_typed_read","apps/runtime/src/services/ofapi-export-quotes.ts:611","apps/runtime/src/services/ofapi-capture-jobs.ts | apps/runtime/src/services/ofapi-credential-policy.ts","apps/runtime/src/services/ofapi-typed-exports.ts (typed captured rows/artifacts and local job state)","Owner typed export quote/approve/status/download controls","tests/ofapi-typed-exports.integration.test.ts","","","","https://docs.onlyfansapi.com/api-reference/data-exports/retry-failed-data-export"
"POST","/api/webhooks/vatstack","Handle a Vatstack webhook delivery. These report the outcome of
validations that could not complete synchronously because the
government registry was down at the time of the request.","Endpoints","excluded_by_plan","not_implemented","","","","","","","","","","","Provider-internal callbacks; not an outbound Hub operation (S12).",""
"POST","/api/webhooks/coingate","Handle a CoinGate payment callback.","Endpoints","excluded_by_plan","not_implemented","","","","","","","","","","","Provider-internal callbacks; not an outbound Hub operation (S12).",""
"GET","/api/{account}/engagement/messages/mass-messages","Mass Messages","Engagement / Messages","implemented_scoped","not_implemented","engagement_mass","content_history","durable_read_catalog | gateway_read","packages/shared/src/ofapi-read-catalog.ts:331 | apps/runtime/src/services/ofapi-read-gateway.ts:179","apps/runtime/src/services/ofapi-collection-read-transport.ts","apps/runtime/src/services/canonicalize/ofapi-read-collections.ts | apps/runtime/src/services/projections/ofapi-read-snapshots.ts","apps/dashboard/src/pages/settings/OfapiStoredReads.tsx | Desktop generated SDK read gateway","tests/ofapi-read-collections.integration.test.ts | tests/ofapi-read-gateway.test.ts","startDate | endDate | limit | query","startDate | endDate | limit | offset | query","","https://docs.onlyfansapi.com/api-reference/engagement-messages/mass-messages"
"GET","/api/{account}/engagement/messages/direct-messages","Direct Messages","Engagement / Messages","implemented_scoped","not_implemented","engagement_direct","content_history","durable_read_catalog | gateway_read","packages/shared/src/ofapi-read-catalog.ts:331 | apps/runtime/src/services/ofapi-read-gateway.ts:179","apps/runtime/src/services/ofapi-collection-read-transport.ts","apps/runtime/src/services/canonicalize/ofapi-read-collections.ts | apps/runtime/src/services/projections/ofapi-read-snapshots.ts","apps/dashboard/src/pages/settings/OfapiStoredReads.tsx | Desktop generated SDK read gateway","tests/ofapi-read-collections.integration.test.ts | tests/ofapi-read-gateway.test.ts","startDate | endDate | limit | query | offset","startDate | endDate | limit | offset | query","","https://docs.onlyfansapi.com/api-reference/engagement-messages/direct-messages"
"GET","/api/{account}/engagement/messages/mass-messages/chart","Mass Messages Chart","Engagement / Messages","implemented_scoped","not_implemented","engagement_mass_chart","content_history","durable_read_catalog | gateway_read","packages/shared/src/ofapi-read-catalog.ts:339 | apps/runtime/src/services/ofapi-read-gateway.ts:179","apps/runtime/src/services/ofapi-collection-read-transport.ts","apps/runtime/src/services/canonicalize/ofapi-read-collections.ts | apps/runtime/src/services/projections/ofapi-read-snapshots.ts","apps/dashboard/src/pages/settings/OfapiStoredReads.tsx | Desktop generated SDK read gateway","tests/ofapi-read-collections.integration.test.ts | tests/ofapi-read-gateway.test.ts","startDate | endDate | withTotal","startDate | endDate | withTotal","","https://docs.onlyfansapi.com/api-reference/engagement-messages/mass-messages-chart"
"GET","/api/{account}/engagement/messages/direct-messages/chart","Direct Messages Chart","Engagement / Messages","implemented_scoped","not_implemented","engagement_direct_chart","content_history","durable_read_catalog | gateway_read","packages/shared/src/ofapi-read-catalog.ts:339 | apps/runtime/src/services/ofapi-read-gateway.ts:179","apps/runtime/src/services/ofapi-collection-read-transport.ts","apps/runtime/src/services/canonicalize/ofapi-read-collections.ts | apps/runtime/src/services/projections/ofapi-read-snapshots.ts","apps/dashboard/src/pages/settings/OfapiStoredReads.tsx | Desktop generated SDK read gateway","tests/ofapi-read-collections.integration.test.ts | tests/ofapi-read-gateway.test.ts","startDate | endDate | withTotal","startDate | endDate | withTotal","","https://docs.onlyfansapi.com/api-reference/engagement-messages/direct-messages-chart"
"GET","/api/{account}/engagement/messages/top-message","Top Message","Engagement / Messages","implemented_scoped","not_implemented","engagement_top","content_history","durable_read_catalog | gateway_read","packages/shared/src/ofapi-read-catalog.ts:349 | apps/runtime/src/services/ofapi-read-gateway.ts:179","apps/runtime/src/services/ofapi-collection-read-transport.ts","apps/runtime/src/services/canonicalize/ofapi-read-collections.ts | apps/runtime/src/services/projections/ofapi-read-snapshots.ts","apps/dashboard/src/pages/settings/OfapiStoredReads.tsx | Desktop generated SDK read gateway","tests/ofapi-read-collections.integration.test.ts | tests/ofapi-read-gateway.test.ts","startDate | endDate","startDate | endDate","","https://docs.onlyfansapi.com/api-reference/engagement-messages/top-message"
"GET","/api/{account}/engagement/messages/{message_id}/buyers","Message Buyers","Engagement / Messages","implemented_scoped","not_implemented","message_buyers:<id>","content_history","durable_read_catalog | gateway_read","packages/shared/src/ofapi-read-catalog.ts:358 | apps/runtime/src/services/ofapi-read-gateway.ts:179","apps/runtime/src/services/ofapi-collection-read-transport.ts","apps/runtime/src/services/canonicalize/ofapi-read-collections.ts | apps/runtime/src/services/projections/ofapi-read-snapshots.ts","apps/dashboard/src/pages/settings/OfapiStoredReads.tsx | Desktop generated SDK read gateway","tests/ofapi-read-collections.integration.test.ts | tests/ofapi-read-gateway.test.ts","limit | offset | skip_users_dups | skip_users | marker","limit | offset | skip_users_dups | skip_users","","https://docs.onlyfansapi.com/api-reference/engagement-messages/message-buyers"
"GET","/api/{account}/fans/all","List All Fans","Fans","implemented_scoped","implemented_scoped","","","gateway_read","apps/runtime/src/services/ofapi-read-gateway.ts:310","apps/runtime/src/services/ofapi-capture-transport.ts | apps/runtime/src/services/ofapi-read-gateway-capture.ts","apps/runtime/src/services/canonicalize/index.ts (registered legacy read families); Desktop response consumer","Desktop generated SDK read gateway","tests/ofapi-read-gateway.test.ts","limit | offset | type | filter | filter.online | filter.total_spent | filter.tips | filter.duration | filter.max_total_spent | query","","","https://docs.onlyfansapi.com/api-reference/fans/list-all-fans"
"GET","/api/{account}/fans/active","List Active Fans","Fans","implemented_scoped","implemented_scoped","","","capture_or_typed_read | gateway_read","apps/runtime/src/services/ofapi.ts:2051 | apps/runtime/src/services/ofapi-read-gateway.ts:310","apps/runtime/src/services/ofapi-capture-transport.ts | apps/runtime/src/services/ofapi-read-gateway-capture.ts","apps/runtime/src/services/canonicalize/index.ts (registered legacy read families); Desktop response consumer","Desktop generated SDK read gateway","tests/ofapi-read-gateway.test.ts","limit | offset | type | filter | filter.online | filter.total_spent | filter.tips | filter.duration | filter.max_total_spent | query","limit | offset","","https://docs.onlyfansapi.com/api-reference/fans/list-active-fans"
"GET","/api/{account}/fans/expired","List Expired Fans","Fans","implemented_scoped","not_implemented","fans_expired","profile_notifications","durable_read_catalog | gateway_read","packages/shared/src/ofapi-read-catalog.ts:108 | apps/runtime/src/services/ofapi-read-gateway.ts:179","apps/runtime/src/services/ofapi-collection-read-transport.ts","apps/runtime/src/services/canonicalize/ofapi-read-collections.ts | apps/runtime/src/services/projections/ofapi-read-snapshots.ts","apps/dashboard/src/pages/settings/OfapiStoredReads.tsx | Desktop generated SDK read gateway","tests/ofapi-read-collections.integration.test.ts | tests/ofapi-read-gateway.test.ts","limit | offset | type | filter | filter.online | filter.total_spent | filter.tips | filter.duration | filter.max_total_spent | query","limit | offset | type | query | filter[online] | filter[total_spent] | filter[tips] | filter[duration] | filter[max_total_spent]","","https://docs.onlyfansapi.com/api-reference/fans/list-expired-fans"
"GET","/api/{account}/fans/latest","List Latest Fans","Fans","implemented_scoped","not_implemented","fans_latest","profile_notifications","durable_read_catalog | gateway_read","packages/shared/src/ofapi-read-catalog.ts:127 | apps/runtime/src/services/ofapi-read-gateway.ts:179","apps/runtime/src/services/ofapi-collection-read-transport.ts","apps/runtime/src/services/canonicalize/ofapi-read-collections.ts | apps/runtime/src/services/projections/ofapi-read-snapshots.ts","apps/dashboard/src/pages/settings/OfapiStoredReads.tsx | Desktop generated SDK read gateway","tests/ofapi-read-collections.integration.test.ts | tests/ofapi-read-gateway.test.ts","start_date | end_date | type | offset | limit","limit | offset | start_date | end_date | type","","https://docs.onlyfansapi.com/api-reference/fans/list-latest-fans"
"GET","/api/{account}/fans/top","List Top Fans","Fans","implemented_scoped","not_implemented","fans_top","profile_notifications","durable_read_catalog | gateway_read","packages/shared/src/ofapi-read-catalog.ts:132 | apps/runtime/src/services/ofapi-read-gateway.ts:179","apps/runtime/src/services/ofapi-collection-read-transport.ts","apps/runtime/src/services/canonicalize/ofapi-read-collections.ts | apps/runtime/src/services/projections/ofapi-read-snapshots.ts","apps/dashboard/src/pages/settings/OfapiStoredReads.tsx | Desktop generated SDK read gateway","tests/ofapi-read-collections.integration.test.ts | tests/ofapi-read-gateway.test.ts","start_date | end_date | by","start_date | end_date | by","","https://docs.onlyfansapi.com/api-reference/fans/list-top-fans"
"PUT","/api/{account}/fans/{fan_id}/custom-name","Set Fan's Custom Name","Fans","implemented_scoped","not_implemented","","","closed_command","apps/runtime/src/services/ofapi-command-composer.ts:21","apps/runtime/src/services/ofapi.ts | apps/runtime/src/services/ofapi-command-outbox.ts","apps/runtime/src/services/ofapi-command-executor.ts (durable result/verification state)","Desktop PR27 persisted composer/actions","tests/ofapi-command-composer.integration.test.ts","","","","https://docs.onlyfansapi.com/api-reference/fans/set-fans-custom-name"
"GET","/api/{account}/fans/{fan_id}/notes","Get Fan Notes","Fans","excluded_by_plan","not_implemented","","","","","","","","","","","OF-native notes were historically excluded; local append-only notes remain the selected workflow (S10).","https://docs.onlyfansapi.com/api-reference/fans/get-fan-notes"
"PUT","/api/{account}/fans/{fan_id}/notes","Create/Edit Fan Notes","Fans","excluded_by_plan","not_implemented","","","","","","","","","","","OF-native notes were historically excluded; local append-only notes remain the selected workflow (S10).","https://docs.onlyfansapi.com/api-reference/fans/create-edit-fan-notes"
"DELETE","/api/{account}/fans/{fan_id}/notes","Clear Fan Notes","Fans","excluded_by_plan","not_implemented","","","","","","","","","","","OF-native notes were historically excluded; local append-only notes remain the selected workflow (S10).","https://docs.onlyfansapi.com/api-reference/fans/clear-fan-notes"
"GET","/api/{account}/fans/{user_id}/subscriptions-history","Get Subscription History","Fans","implemented_scoped","not_implemented","subscriptions_history:<id>","profile_notifications","durable_read_catalog | gateway_read","packages/shared/src/ofapi-read-catalog.ts:141 | apps/runtime/src/services/ofapi-read-gateway.ts:179","apps/runtime/src/services/ofapi-collection-read-transport.ts","apps/runtime/src/services/canonicalize/ofapi-read-collections.ts | apps/runtime/src/services/projections/ofapi-read-snapshots.ts","apps/dashboard/src/pages/settings/OfapiStoredReads.tsx | Desktop generated SDK read gateway","tests/ofapi-read-collections.integration.test.ts | tests/ofapi-read-gateway.test.ts","","","","https://docs.onlyfansapi.com/api-reference/fans/get-subscription-history"
"GET","/api/fan-summary-categories","List Custom Summary Categories","Fans - AI Summary","excluded_by_plan","not_implemented","","","","","","","","","","","Provider AI/custom categories duplicate Hub AI gateway; explicitly deferred (S12).","https://docs.onlyfansapi.com/api-reference/fans-ai-summary/list-custom-summary-categories"
"POST","/api/fan-summary-categories","Create Custom Summary Category","Fans - AI Summary","excluded_by_plan","not_implemented","","","","","","","","","","","Provider AI/custom categories duplicate Hub AI gateway; explicitly deferred (S12).","https://docs.onlyfansapi.com/api-reference/fans-ai-summary/create-custom-summary-category"
"PUT","/api/fan-summary-categories/{category_id}","Update Custom Summary Category","Fans - AI Summary","excluded_by_plan","not_implemented","","","","","","","","","","","Provider AI/custom categories duplicate Hub AI gateway; explicitly deferred (S12).","https://docs.onlyfansapi.com/api-reference/fans-ai-summary/update-custom-summary-category"
"DELETE","/api/fan-summary-categories/{category_id}","Delete Custom Summary Category","Fans - AI Summary","excluded_by_plan","not_implemented","","","","","","","","","","","Provider AI/custom categories duplicate Hub AI gateway; explicitly deferred (S12).","https://docs.onlyfansapi.com/api-reference/fans-ai-summary/delete-custom-summary-category"
"GET","/api/{account}/fans/{fan_id}/summary","Get Fan Summary","Fans - AI Summary","excluded_by_plan","not_implemented","","","","","","","","","","","Provider AI/custom categories duplicate Hub AI gateway; explicitly deferred (S12).","https://docs.onlyfansapi.com/api-reference/fans-ai-summary/get-fan-summary"
"POST","/api/{account}/fans/{fan_id}/summary","Generate Fan Summary","Fans - AI Summary","excluded_by_plan","not_implemented","","","","","","","","","","","Provider AI/custom categories duplicate Hub AI gateway; explicitly deferred (S12).","https://docs.onlyfansapi.com/api-reference/fans-ai-summary/generate-fan-summary"
"GET","/api/{account}/following/all","List All Followings","Following","implemented_scoped","not_implemented","following_all","profile_notifications","durable_read_catalog | gateway_read","packages/shared/src/ofapi-read-catalog.ts:149 | apps/runtime/src/services/ofapi-read-gateway.ts:179","apps/runtime/src/services/ofapi-collection-read-transport.ts","apps/runtime/src/services/canonicalize/ofapi-read-collections.ts | apps/runtime/src/services/projections/ofapi-read-snapshots.ts","apps/dashboard/src/pages/settings/OfapiStoredReads.tsx | Desktop generated SDK read gateway","tests/ofapi-read-collections.integration.test.ts | tests/ofapi-read-gateway.test.ts","limit | offset | query | filter | filter.online | filter.paid | sort | sortDirection","limit | offset | query | filter[online] | filter[paid]","","https://docs.onlyfansapi.com/api-reference/following/list-all-followings"
"GET","/api/{account}/following/active","List Active Followings","Following","implemented_scoped","not_implemented","following_active","profile_notifications","durable_read_catalog | gateway_read","packages/shared/src/ofapi-read-catalog.ts:149 | apps/runtime/src/services/ofapi-read-gateway.ts:179","apps/runtime/src/services/ofapi-collection-read-transport.ts","apps/runtime/src/services/canonicalize/ofapi-read-collections.ts | apps/runtime/src/services/projections/ofapi-read-snapshots.ts","apps/dashboard/src/pages/settings/OfapiStoredReads.tsx | Desktop generated SDK read gateway","tests/ofapi-read-collections.integration.test.ts | tests/ofapi-read-gateway.test.ts","limit | offset | query | filter | filter.online | filter.paid | sort | sortDirection","limit | offset | query | filter[online] | filter[paid]","","https://docs.onlyfansapi.com/api-reference/following/list-active-followings"
"GET","/api/{account}/following/expired","List Expired Followings","Following","implemented_scoped","not_implemented","following_expired","profile_notifications","durable_read_catalog | gateway_read","packages/shared/src/ofapi-read-catalog.ts:149 | apps/runtime/src/services/ofapi-read-gateway.ts:179","apps/runtime/src/services/ofapi-collection-read-transport.ts","apps/runtime/src/services/canonicalize/ofapi-read-collections.ts | apps/runtime/src/services/projections/ofapi-read-snapshots.ts","apps/dashboard/src/pages/settings/OfapiStoredReads.tsx | Desktop generated SDK read gateway","tests/ofapi-read-collections.integration.test.ts | tests/ofapi-read-gateway.test.ts","limit | offset | query | filter | filter.online | filter.paid | sort | sortDirection","limit | offset | query | filter[online] | filter[paid]","","https://docs.onlyfansapi.com/api-reference/following/list-expired-followings"
"GET","/api/{account}/trial-links","List Free Trial Links","Free Trial Links","implemented_scoped","implemented_scoped","","","capture_or_typed_read","apps/runtime/src/services/ofapi.ts:2151","apps/runtime/src/services/ofapi-capture-transport.ts","apps/runtime/src/services/canonicalize/sync-pull.ts | apps/runtime/src/services/projections/registry.ts","apps/runtime/src/services/ofapi-link-stats-sync.ts","tests/ofapi-link-stats-sync.integration.test.ts","startDate | endDate | limit | offset | sort | field | synchronous","limit | offset","","https://docs.onlyfansapi.com/api-reference/free-trial-links/list-free-trial-links"
"POST","/api/{account}/trial-links","Create Free Trial Link","Free Trial Links","excluded_by_plan","not_implemented","","","","","","","","","","","Legacy promotion/link creation or mutation is workflow-conditional and deferred after read/attribution (S9/S12).","https://docs.onlyfansapi.com/api-reference/free-trial-links/create-free-trial-link"
"GET","/api/{account}/trial-links/{trial_link_id}","Get Free Trial Link","Free Trial Links","implemented_scoped","not_implemented","trial_link:<id>","tracking_links","durable_read_catalog | gateway_read","packages/shared/src/ofapi-read-catalog.ts:429 | apps/runtime/src/services/ofapi-read-gateway.ts:179","apps/runtime/src/services/ofapi-collection-read-transport.ts","apps/runtime/src/services/canonicalize/ofapi-read-collections.ts | apps/runtime/src/services/projections/ofapi-read-snapshots.ts","apps/dashboard/src/pages/OfapiMarketing.tsx | Desktop generated SDK read gateway","tests/ofapi-smart-links.integration.test.ts | tests/ofapi-read-gateway.test.ts","","","","https://docs.onlyfansapi.com/api-reference/free-trial-links/get-free-trial-link"
"DELETE","/api/{account}/trial-links/{trial_link_id}","Delete Free Trial Link","Free Trial Links","excluded_by_plan","not_implemented","","","","","","","","","","","Legacy promotion/link creation or mutation is workflow-conditional and deferred after read/attribution (S9/S12).","https://docs.onlyfansapi.com/api-reference/free-trial-links/delete-free-trial-link"
"GET","/api/{account}/trial-links/{trial_link_id}/subscribers","List Free Trial Link Subscribers","Free Trial Links","implemented_scoped","implemented_scoped","trial_link_subscribers:<id>","tracking_links","capture_or_typed_read | durable_read_catalog","apps/runtime/src/services/ofapi.ts:2167 | packages/shared/src/ofapi-read-catalog.ts:431","apps/runtime/src/services/ofapi-collection-read-transport.ts","apps/runtime/src/services/canonicalize/ofapi-read-collections.ts | apps/runtime/src/services/projections/ofapi-read-snapshots.ts","apps/dashboard/src/pages/OfapiMarketing.tsx","tests/ofapi-smart-links.integration.test.ts","limit | offset","limit | offset","","https://docs.onlyfansapi.com/api-reference/free-trial-links/list-free-trial-link-subscribers"
"GET","/api/{account}/trial-links/{trial_link_id}/spenders","List Free Trial Link Spenders","Free Trial Links","implemented_scoped","not_implemented","trial_link_spenders:<id>","tracking_links","durable_read_catalog | gateway_read","packages/shared/src/ofapi-read-catalog.ts:432 | apps/runtime/src/services/ofapi-read-gateway.ts:179","apps/runtime/src/services/ofapi-collection-read-transport.ts","apps/runtime/src/services/canonicalize/ofapi-read-collections.ts | apps/runtime/src/services/projections/ofapi-read-snapshots.ts","apps/dashboard/src/pages/OfapiMarketing.tsx | Desktop generated SDK read gateway","tests/ofapi-smart-links.integration.test.ts | tests/ofapi-read-gateway.test.ts","limit | offset | minSpend","limit | offset | minSpend","","https://docs.onlyfansapi.com/api-reference/free-trial-links/list-free-trial-link-spenders"
"GET","/api/{account}/trial-links/{trial_link_id}/stats","Get Free Trial Link Stats","Free Trial Links","implemented_scoped","not_implemented","trial_link_stats:<id>","tracking_links","durable_read_catalog | gateway_read","packages/shared/src/ofapi-read-catalog.ts:433 | apps/runtime/src/services/ofapi-read-gateway.ts:179","apps/runtime/src/services/ofapi-collection-read-transport.ts","apps/runtime/src/services/canonicalize/ofapi-read-collections.ts | apps/runtime/src/services/projections/ofapi-read-snapshots.ts","apps/dashboard/src/pages/OfapiMarketing.tsx | Desktop generated SDK read gateway","tests/ofapi-smart-links.integration.test.ts | tests/ofapi-read-gateway.test.ts","date_start | date_end","date_start | date_end","","https://docs.onlyfansapi.com/api-reference/free-trial-links/get-free-trial-link-stats"
"GET","/api/{account}/trial-links/{trial_link_id}/cohort-arps","Get Free Trial Link Cohort ARPS","Free Trial Links","implemented_scoped","not_implemented","trial_link_cohort_arps:<id>","tracking_links","durable_read_catalog | gateway_read","packages/shared/src/ofapi-read-catalog.ts:434 | apps/runtime/src/services/ofapi-read-gateway.ts:179","apps/runtime/src/services/ofapi-collection-read-transport.ts","apps/runtime/src/services/canonicalize/ofapi-read-collections.ts | apps/runtime/src/services/projections/ofapi-read-snapshots.ts","apps/dashboard/src/pages/OfapiMarketing.tsx | Desktop generated SDK read gateway","tests/ofapi-smart-links.integration.test.ts | tests/ofapi-read-gateway.test.ts","acquisition_start | acquisition_end | revenue_basis","acquisition_start | acquisition_end | revenue_basis","","https://docs.onlyfansapi.com/api-reference/free-trial-links/get-free-trial-link-cohort-arps"
"GET","/api/{account}/trial-links/{trial_link_id}/tags","List Free Trial Link Tags","Free Trial Links","implemented_scoped","not_implemented","trial_link_tags:<id>","tracking_links","durable_read_catalog | gateway_read","packages/shared/src/ofapi-read-catalog.ts:430 | apps/runtime/src/services/ofapi-read-gateway.ts:179","apps/runtime/src/services/ofapi-collection-read-transport.ts","apps/runtime/src/services/canonicalize/ofapi-read-collections.ts | apps/runtime/src/services/projections/ofapi-read-snapshots.ts","apps/dashboard/src/pages/OfapiMarketing.tsx | Desktop generated SDK read gateway","tests/ofapi-smart-links.integration.test.ts | tests/ofapi-read-gateway.test.ts","","","","https://docs.onlyfansapi.com/api-reference/free-trial-links/list-free-trial-link-tags"
"POST","/api/{account}/trial-links/{trial_link_id}/tags","Add Free Trial Link Tags","Free Trial Links","excluded_by_plan","not_implemented","","","","","","","","","","","Legacy promotion/link creation or mutation is workflow-conditional and deferred after read/attribution (S9/S12).","https://docs.onlyfansapi.com/api-reference/free-trial-links/add-free-trial-link-tags"
"DELETE","/api/{account}/trial-links/{trial_link_id}/tags","Remove Free Trial Link Tags","Free Trial Links","excluded_by_plan","not_implemented","","","","","","","","","","","Legacy promotion/link creation or mutation is workflow-conditional and deferred after read/attribution (S9/S12).","https://docs.onlyfansapi.com/api-reference/free-trial-links/remove-free-trial-link-tags"
"GET","/api/{account}/giphy/trending","List Trending GIFs","Giphy","implemented_scoped","not_implemented","giphy_trending","profile_notifications","durable_read_catalog | gateway_read","packages/shared/src/ofapi-read-catalog.ts:201 | apps/runtime/src/services/ofapi-read-gateway.ts:179","apps/runtime/src/services/ofapi-collection-read-transport.ts","apps/runtime/src/services/canonicalize/ofapi-read-collections.ts | apps/runtime/src/services/projections/ofapi-read-snapshots.ts","apps/dashboard/src/pages/settings/OfapiStoredReads.tsx | Desktop generated SDK read gateway","tests/ofapi-read-collections.integration.test.ts | tests/ofapi-read-gateway.test.ts","limit | offset","limit | offset","","https://docs.onlyfansapi.com/api-reference/giphy/list-trending-gi-fs"
"GET","/api/{account}/giphy/search","Search GIFs","Giphy","implemented_scoped","not_implemented","giphy_search","profile_notifications","durable_read_catalog | gateway_read","packages/shared/src/ofapi-read-catalog.ts:210 | apps/runtime/src/services/ofapi-read-gateway.ts:179","apps/runtime/src/services/ofapi-collection-read-transport.ts","apps/runtime/src/services/canonicalize/ofapi-read-collections.ts | apps/runtime/src/services/projections/ofapi-read-snapshots.ts","apps/dashboard/src/pages/settings/OfapiStoredReads.tsx | Desktop generated SDK read gateway","tests/ofapi-read-collections.integration.test.ts | tests/ofapi-read-gateway.test.ts","q | limit | offset","limit | offset | q","","https://docs.onlyfansapi.com/api-reference/giphy/search-gi-fs"
"GET","/api/link-tags","List All Link Tags","Link Tags","excluded_by_plan","not_implemented","","","","","","","","","type","","Legacy promotion/link creation or mutation is workflow-conditional and deferred after read/attribution (S9/S12).","https://docs.onlyfansapi.com/api-reference/link-tags/list-all-link-tags"
"GET","/api/{account}/mass-messaging/overview","Get Mass Message Overview","Mass Messaging","implemented_scoped","not_implemented","mass_overview","content_history","durable_read_catalog | gateway_read","packages/shared/src/ofapi-read-catalog.ts:318 | apps/runtime/src/services/ofapi-read-gateway.ts:179","apps/runtime/src/services/ofapi-collection-read-transport.ts","apps/runtime/src/services/canonicalize/ofapi-read-collections.ts | apps/runtime/src/services/projections/ofapi-read-snapshots.ts","apps/dashboard/src/pages/settings/OfapiStoredReads.tsx | Desktop generated SDK read gateway","tests/ofapi-read-collections.integration.test.ts | tests/ofapi-read-gateway.test.ts","startDate | endDate | limit | query","startDate | endDate | limit | query","","https://docs.onlyfansapi.com/api-reference/mass-messaging/get-mass-message-overview"
"GET","/api/{account}/mass-messaging","List Mass Message Queue","Mass Messaging","implemented_scoped","not_implemented","mass_queue","content_history","durable_read_catalog | gateway_read","packages/shared/src/ofapi-read-catalog.ts:309 | apps/runtime/src/services/ofapi-read-gateway.ts:179","apps/runtime/src/services/ofapi-collection-read-transport.ts","apps/runtime/src/services/canonicalize/ofapi-read-collections.ts | apps/runtime/src/services/projections/ofapi-read-snapshots.ts","apps/dashboard/src/pages/settings/OfapiStoredReads.tsx | Desktop generated SDK read gateway","tests/ofapi-read-collections.integration.test.ts | tests/ofapi-read-gateway.test.ts","","","","https://docs.onlyfansapi.com/api-reference/mass-messaging/list-mass-message-queue"
"POST","/api/{account}/mass-messaging","Send Mass Message","Mass Messaging","excluded_by_plan","not_implemented","","","","","","","","","","","Publishing, campaign writes and moderation are optional S11b, excluded from this read release.","https://docs.onlyfansapi.com/api-reference/mass-messaging/send-mass-message"
"GET","/api/{account}/mass-messaging/{id}","Get Mass Message","Mass Messaging","implemented_scoped","not_implemented","mass_item:<id>","content_history","durable_read_catalog | gateway_read","packages/shared/src/ofapi-read-catalog.ts:326 | apps/runtime/src/services/ofapi-read-gateway.ts:179","apps/runtime/src/services/ofapi-collection-read-transport.ts","apps/runtime/src/services/canonicalize/ofapi-read-collections.ts | apps/runtime/src/services/projections/ofapi-read-snapshots.ts","apps/dashboard/src/pages/settings/OfapiStoredReads.tsx | Desktop generated SDK read gateway","tests/ofapi-read-collections.integration.test.ts | tests/ofapi-read-gateway.test.ts","","","","https://docs.onlyfansapi.com/api-reference/mass-messaging/get-mass-message"
"PUT","/api/{account}/mass-messaging/{id}","Update Mass Message","Mass Messaging","excluded_by_plan","not_implemented","","","","","","","","","","","Publishing, campaign writes and moderation are optional S11b, excluded from this read release.","https://docs.onlyfansapi.com/api-reference/mass-messaging/update-mass-message"
"DELETE","/api/{account}/mass-messaging/{id}","Unsend/Delete Mass Message","Mass Messaging","excluded_by_plan","not_implemented","","","","","","","","","","","Publishing, campaign writes and moderation are optional S11b, excluded from this read release.","https://docs.onlyfansapi.com/api-reference/mass-messaging/unsend-delete-mass-message"
"POST","/api/{account}/media/upload","Upload media to the OnlyFans CDN","Media","implemented_scoped","not_implemented","","","upload_job","apps/runtime/src/services/ofapi-media-uploads.ts:109","apps/runtime/src/services/ofapi-capture-jobs.ts | apps/runtime/src/services/ofapi-media-uploads.ts","apps/runtime/src/services/projections/ofapi-media.ts | apps/runtime/src/services/projections/media-plane.ts","apps/dashboard/src/pages/OfapiMediaPage.tsx","tests/ofapi-media-uploads.integration.test.ts","","","","https://docs.onlyfansapi.com/api-reference/media/upload-media-to-the-only-fans-cdn"
"POST","/api/{account}/media/scrape","[Deprecated] Scrape media from the OnlyFans CDN","Media","excluded_by_plan","not_implemented","","","","","","","","","","","Deprecated provider operation; current upload/download path used (S12).","https://docs.onlyfansapi.com/api-reference/media/deprecated-scrape-media-from-the-only-fans-cdn"
"GET","/api/{account}/media/download/drm/{media_id}","Download DRM-protected Media","Media","excluded_by_plan","not_implemented","","","","","","","","","","","Paid CDN/DRM binary import is a separate controlled optional workflow; owned-file uploads and vault metadata meet mandatory S7 acceptance.","https://docs.onlyfansapi.com/api-reference/media/download-drm-protected-media"
"GET","/api/{account}/media/download/{cdnUrl}","Download Media from the OnlyFans CDN","Media","excluded_by_plan","not_implemented","","","","","","","","","","","Paid CDN/DRM binary import is a separate controlled optional workflow; owned-file uploads and vault metadata meet mandatory S7 acceptance.","https://docs.onlyfansapi.com/api-reference/media/download-media-from-the-only-fans-cdn"
"GET","/api/{account}/media/uploads/{upload}/status","Get Upload Status","Media","implemented_scoped","implemented_scoped","","","upload_job | gateway_read","apps/runtime/src/services/ofapi-media-uploads.ts:70 | apps/runtime/src/services/ofapi-read-gateway.ts:380","apps/runtime/src/services/ofapi-capture-jobs.ts | apps/runtime/src/services/ofapi-media-uploads.ts","apps/runtime/src/services/projections/ofapi-media.ts | apps/runtime/src/services/projections/media-plane.ts","Desktop generated SDK read gateway","tests/ofapi-read-gateway.test.ts","","","","https://docs.onlyfansapi.com/api-reference/media/get-upload-status"
"DELETE","/api/{account}/media/vault/delete-media","Delete Vault Media","Media Vault","excluded_by_plan","not_implemented","","","","","","","","","","","Unselected moderation/list/vault/subscription mutations are excluded; selected S6 commands are separately implemented.","https://docs.onlyfansapi.com/api-reference/media-vault/delete-vault-media"
"GET","/api/{account}/media/vault","List Vault Media","Media Vault","implemented_scoped","implemented_scoped","vault_inventory","vault_catalog","durable_read_catalog | gateway_read","packages/shared/src/ofapi-read-catalog.ts:438 | apps/runtime/src/services/ofapi-read-gateway.ts:341","apps/runtime/src/services/ofapi-collection-read-transport.ts","apps/runtime/src/services/canonicalize/ofapi-read-collections.ts | apps/runtime/src/services/projections/ofapi-read-snapshots.ts","apps/dashboard/src/pages/settings/OfapiStoredReads.tsx | Desktop generated SDK read gateway","tests/ofapi-read-collections.integration.test.ts | tests/ofapi-read-gateway.test.ts","query | field | type | list | sort | limit | offset","limit | offset | query | field | type | list | sort","","https://docs.onlyfansapi.com/api-reference/media-vault/list-vault-media"
"POST","/api/{account}/media/vault","Upload Media to Vault","Media Vault","implemented_scoped","not_implemented","","","upload_job","apps/runtime/src/services/ofapi-media-uploads.ts:109","apps/runtime/src/services/ofapi-capture-jobs.ts | apps/runtime/src/services/ofapi-media-uploads.ts","apps/runtime/src/services/projections/ofapi-media.ts | apps/runtime/src/services/projections/media-plane.ts","apps/dashboard/src/pages/OfapiMediaPage.tsx","tests/ofapi-media-uploads.integration.test.ts","","","","https://docs.onlyfansapi.com/api-reference/media-vault/upload-media-to-vault"
"GET","/api/{account}/media/vault/{media_id}","Get Vault Media","Media Vault","implemented_scoped","implemented_scoped","vault_item:<id>","vault_catalog","durable_read_catalog | gateway_read","packages/shared/src/ofapi-read-catalog.ts:440 | apps/runtime/src/services/ofapi-read-gateway.ts:366","apps/runtime/src/services/ofapi-collection-read-transport.ts","apps/runtime/src/services/canonicalize/ofapi-read-collections.ts | apps/runtime/src/services/projections/ofapi-read-snapshots.ts","apps/dashboard/src/pages/settings/OfapiStoredReads.tsx | Desktop generated SDK read gateway","tests/ofapi-read-collections.integration.test.ts | tests/ofapi-read-gateway.test.ts","","","","https://docs.onlyfansapi.com/api-reference/media-vault/get-vault-media"
"GET","/api/{account}/media/vault/lists","List Vault Lists","Media Vault Lists","implemented_scoped","implemented_scoped","vault_lists","vault_catalog","durable_read_catalog | gateway_read","packages/shared/src/ofapi-read-catalog.ts:439 | apps/runtime/src/services/ofapi-read-gateway.ts:355","apps/runtime/src/services/ofapi-collection-read-transport.ts","apps/runtime/src/services/canonicalize/ofapi-read-collections.ts | apps/runtime/src/services/projections/ofapi-read-snapshots.ts","apps/dashboard/src/pages/settings/OfapiStoredReads.tsx | Desktop generated SDK read gateway","tests/ofapi-read-collections.integration.test.ts | tests/ofapi-read-gateway.test.ts","query | limit | offset | lightweight","limit | offset | query | lightweight","","https://docs.onlyfansapi.com/api-reference/media-vault-lists/list-vault-lists"
"POST","/api/{account}/media/vault/lists","Create Vault List","Media Vault Lists","excluded_by_plan","not_implemented","","","","","","","","","","","Unselected moderation/list/vault/subscription mutations are excluded; selected S6 commands are separately implemented.","https://docs.onlyfansapi.com/api-reference/media-vault-lists/create-vault-list"
"GET","/api/{account}/media/vault/lists/{list_id}","Show Vault List","Media Vault Lists","implemented_scoped","not_implemented","vault_list:<id>","vault_catalog","durable_read_catalog | gateway_read","packages/shared/src/ofapi-read-catalog.ts:441 | apps/runtime/src/services/ofapi-read-gateway.ts:179","apps/runtime/src/services/ofapi-collection-read-transport.ts","apps/runtime/src/services/canonicalize/ofapi-read-collections.ts | apps/runtime/src/services/projections/ofapi-read-snapshots.ts","apps/dashboard/src/pages/settings/OfapiStoredReads.tsx | Desktop generated SDK read gateway","tests/ofapi-read-collections.integration.test.ts | tests/ofapi-read-gateway.test.ts","","","","https://docs.onlyfansapi.com/api-reference/media-vault-lists/show-vault-list"
"PUT","/api/{account}/media/vault/lists/{list_id}","Rename Vault List","Media Vault Lists","excluded_by_plan","not_implemented","","","","","","","","","","","Unselected moderation/list/vault/subscription mutations are excluded; selected S6 commands are separately implemented.","https://docs.onlyfansapi.com/api-reference/media-vault-lists/rename-vault-list"
"DELETE","/api/{account}/media/vault/lists/{list_id}","Delete Vault List","Media Vault Lists","excluded_by_plan","not_implemented","","","","","","","","","","","Unselected moderation/list/vault/subscription mutations are excluded; selected S6 commands are separately implemented.","https://docs.onlyfansapi.com/api-reference/media-vault-lists/delete-vault-list"
"POST","/api/{account}/media/vault/lists/{list_id}/media","Add Media To List","Media Vault Lists","excluded_by_plan","not_implemented","","","","","","","","","","","Unselected moderation/list/vault/subscription mutations are excluded; selected S6 commands are separately implemented.","https://docs.onlyfansapi.com/api-reference/media-vault-lists/add-media-to-list"
"DELETE","/api/{account}/media/vault/lists/{list_id}/media","Remove Media From List","Media Vault Lists","excluded_by_plan","not_implemented","","","","","","","","","","","Unselected moderation/list/vault/subscription mutations are excluded; selected S6 commands are separately implemented.","https://docs.onlyfansapi.com/api-reference/media-vault-lists/remove-media-from-list"
"GET","/api/{account}/notifications","List Notifications","Notifications","implemented_scoped","not_implemented","notifications","profile_notifications","durable_read_catalog | gateway_read","packages/shared/src/ofapi-read-catalog.ts:162 | apps/runtime/src/services/ofapi-read-gateway.ts:179","apps/runtime/src/services/ofapi-collection-read-transport.ts","apps/runtime/src/services/canonicalize/ofapi-read-collections.ts | apps/runtime/src/services/projections/ofapi-read-snapshots.ts","apps/dashboard/src/pages/settings/OfapiStoredReads.tsx | Desktop generated SDK read gateway","tests/ofapi-read-collections.integration.test.ts | tests/ofapi-read-gateway.test.ts","type | limit | from_id | skip_users","limit | type | from_id | skip_users","","https://docs.onlyfansapi.com/api-reference/notifications/list-notifications"
"GET","/api/{account}/notifications/search-users","Search Users In Notifications","Notifications","implemented_scoped","not_implemented","notification_search","profile_notifications","durable_read_catalog | gateway_read","packages/shared/src/ofapi-read-catalog.ts:192 | apps/runtime/src/services/ofapi-read-gateway.ts:179","apps/runtime/src/services/ofapi-collection-read-transport.ts","apps/runtime/src/services/canonicalize/ofapi-read-collections.ts | apps/runtime/src/services/projections/ofapi-read-snapshots.ts","apps/dashboard/src/pages/settings/OfapiStoredReads.tsx | Desktop generated SDK read gateway","tests/ofapi-read-collections.integration.test.ts | tests/ofapi-read-gateway.test.ts","query","query","","https://docs.onlyfansapi.com/api-reference/notifications/search-users-in-notifications"
"GET","/api/{account}/notifications/counts","Get Notification Counts","Notifications","implemented_scoped","not_implemented","notification_counts","profile_notifications","durable_read_catalog | gateway_read","packages/shared/src/ofapi-read-catalog.ts:176 | apps/runtime/src/services/ofapi-read-gateway.ts:179","apps/runtime/src/services/ofapi-collection-read-transport.ts","apps/runtime/src/services/canonicalize/ofapi-read-collections.ts | apps/runtime/src/services/projections/ofapi-read-snapshots.ts","apps/dashboard/src/pages/settings/OfapiStoredReads.tsx | Desktop generated SDK read gateway","tests/ofapi-read-collections.integration.test.ts | tests/ofapi-read-gateway.test.ts","","","","https://docs.onlyfansapi.com/api-reference/notifications/get-notification-counts"
"POST","/api/{account}/notifications/mark-all-as-read","Mark All Notifications As Read","Notifications","excluded_by_plan","not_implemented","","","","","","","","","","","Unselected moderation/list/vault/subscription mutations are excluded; selected S6 commands are separately implemented.","https://docs.onlyfansapi.com/api-reference/notifications/mark-all-notifications-as-read"
"GET","/api/{account}/notifications/tabs-order","Get Notification Tabs Order","Notifications","implemented_scoped","not_implemented","notification_tabs","profile_notifications","durable_read_catalog | gateway_read","packages/shared/src/ofapi-read-catalog.ts:185 | apps/runtime/src/services/ofapi-read-gateway.ts:179","apps/runtime/src/services/ofapi-collection-read-transport.ts","apps/runtime/src/services/canonicalize/ofapi-read-collections.ts | apps/runtime/src/services/projections/ofapi-read-snapshots.ts","apps/dashboard/src/pages/settings/OfapiStoredReads.tsx | Desktop generated SDK read gateway","tests/ofapi-read-collections.integration.test.ts | tests/ofapi-read-gateway.test.ts","","","","https://docs.onlyfansapi.com/api-reference/notifications/get-notification-tabs-order"
"PUT","/api/{account}/notifications/tabs-order","Update Notification Tabs Order","Notifications","excluded_by_plan","not_implemented","","","","","","","","","","","Unselected moderation/list/vault/subscription mutations are excluded; selected S6 commands are separately implemented.","https://docs.onlyfansapi.com/api-reference/notifications/update-notification-tabs-order"
"GET","/api/{account}/payouts/balances","Get Account Balances","Payouts","implemented_scoped","not_implemented","payout_balances","balances","durable_read_catalog | gateway_read","packages/shared/src/ofapi-read-catalog.ts:366 | apps/runtime/src/services/ofapi-read-gateway.ts:179","apps/runtime/src/services/ofapi-collection-read-transport.ts","apps/runtime/src/services/canonicalize/ofapi-read-collections.ts | apps/runtime/src/services/projections/ofapi-read-snapshots.ts","apps/dashboard/src/pages/settings/OfapiStoredReads.tsx | Desktop generated SDK read gateway","tests/ofapi-read-collections.integration.test.ts | tests/ofapi-read-gateway.test.ts","","","","https://docs.onlyfansapi.com/api-reference/payouts/get-account-balances"
"GET","/api/{account}/payouts/eligibility","Get Eligibility","Payouts","excluded_by_plan","not_implemented","","","","","","","","","","","Only the named S12 read snapshots and existing financial pipeline selected; adjacent aggregates/onboarding/withdrawal need a concrete consumer.","https://docs.onlyfansapi.com/api-reference/payouts/get-eligibility"
"GET","/api/{account}/payouts/earning-statistics","Get Earning Statistics","Payouts","implemented_scoped","not_implemented","payout_earnings","balances","durable_read_catalog | gateway_read","packages/shared/src/ofapi-read-catalog.ts:383 | apps/runtime/src/services/ofapi-read-gateway.ts:179","apps/runtime/src/services/ofapi-collection-read-transport.ts","apps/runtime/src/services/canonicalize/ofapi-read-collections.ts | apps/runtime/src/services/projections/ofapi-read-snapshots.ts","apps/dashboard/src/pages/settings/OfapiStoredReads.tsx | Desktop generated SDK read gateway","tests/ofapi-read-collections.integration.test.ts | tests/ofapi-read-gateway.test.ts","startDate | endDate","startDate | endDate","","https://docs.onlyfansapi.com/api-reference/payouts/get-earning-statistics"
"GET","/api/{account}/payouts/payout-requests","List Payout Requests","Payouts","implemented_scoped","not_implemented","payout_requests","balances","durable_read_catalog | gateway_read","packages/shared/src/ofapi-read-catalog.ts:375 | apps/runtime/src/services/ofapi-read-gateway.ts:179","apps/runtime/src/services/ofapi-collection-read-transport.ts","apps/runtime/src/services/canonicalize/ofapi-read-collections.ts | apps/runtime/src/services/projections/ofapi-read-snapshots.ts","apps/dashboard/src/pages/settings/OfapiStoredReads.tsx | Desktop generated SDK read gateway","tests/ofapi-read-collections.integration.test.ts | tests/ofapi-read-gateway.test.ts","limit | offset","limit | offset","","https://docs.onlyfansapi.com/api-reference/payouts/list-payout-requests"
"PATCH","/api/{account}/payouts/payout-frequency","Update Payout Frequency","Payouts","excluded_by_plan","not_implemented","","","","","","","","","","","Only the named S12 read snapshots and existing financial pipeline selected; adjacent aggregates/onboarding/withdrawal need a concrete consumer.","https://docs.onlyfansapi.com/api-reference/payouts/update-payout-frequency"
"POST","/api/{account}/payouts/request-manual-withdrawal","Request Manual Withdrawal","Payouts","excluded_by_plan","not_implemented","","","","","","","","","","","Only the named S12 read snapshots and existing financial pipeline selected; adjacent aggregates/onboarding/withdrawal need a concrete consumer.","https://docs.onlyfansapi.com/api-reference/payouts/request-manual-withdrawal"
"GET","/api/{account}/posts/{post_id}/comments","List Post Comments","Post Comments","implemented_scoped","not_implemented","post_comments:<id>","posts_comments","durable_read_catalog | gateway_read","packages/shared/src/ofapi-read-catalog.ts:249 | apps/runtime/src/services/ofapi-read-gateway.ts:179","apps/runtime/src/services/ofapi-collection-read-transport.ts","apps/runtime/src/services/canonicalize/ofapi-read-collections.ts | apps/runtime/src/services/projections/ofapi-read-snapshots.ts","apps/dashboard/src/pages/settings/OfapiStoredReads.tsx | Desktop generated SDK read gateway","tests/ofapi-read-collections.integration.test.ts | tests/ofapi-read-gateway.test.ts","limit | offset | sort","limit | offset | sort","","https://docs.onlyfansapi.com/api-reference/post-comments/list-post-comments"
"POST","/api/{account}/posts/{post_id}/comments","Create Post Comment","Post Comments","excluded_by_plan","not_implemented","","","","","","","","","text | answerTo | giphyId","","Publishing, campaign writes and moderation are optional S11b, excluded from this read release.","https://docs.onlyfansapi.com/api-reference/post-comments/create-post-comment"
"DELETE","/api/{account}/posts/{post_id}/comments/{comment_id}","Delete Post Comment","Post Comments","excluded_by_plan","not_implemented","","","","","","","","","","","Publishing, campaign writes and moderation are optional S11b, excluded from this read release.","https://docs.onlyfansapi.com/api-reference/post-comments/delete-post-comment"
"POST","/api/{account}/posts/{post_id}/comments/{comment_id}/pin","Pin Post Comment","Post Comments","excluded_by_plan","not_implemented","","","","","","","","","","","Publishing, campaign writes and moderation are optional S11b, excluded from this read release.","https://docs.onlyfansapi.com/api-reference/post-comments/pin-post-comment"
"DELETE","/api/{account}/posts/{post_id}/comments/{comment_id}/pin","Unpin Post Comment","Post Comments","excluded_by_plan","not_implemented","","","","","","","","","","","Publishing, campaign writes and moderation are optional S11b, excluded from this read release.","https://docs.onlyfansapi.com/api-reference/post-comments/unpin-post-comment"
"POST","/api/{account}/posts/{post_id}/comments/{comment_id}/like","Like Post Comment","Post Comments","excluded_by_plan","not_implemented","","","","","","","","","","","Publishing, campaign writes and moderation are optional S11b, excluded from this read release.","https://docs.onlyfansapi.com/api-reference/post-comments/like-post-comment"
"DELETE","/api/{account}/posts/{post_id}/comments/{comment_id}/like","Unlike Post Comment","Post Comments","excluded_by_plan","not_implemented","","","","","","","","","","","Publishing, campaign writes and moderation are optional S11b, excluded from this read release.","https://docs.onlyfansapi.com/api-reference/post-comments/unlike-post-comment"
"GET","/api/{account}/posts/labels","List Labels","Post Labels","implemented_scoped","not_implemented","post_labels","posts_comments","durable_read_catalog | gateway_read","packages/shared/src/ofapi-read-catalog.ts:236 | apps/runtime/src/services/ofapi-read-gateway.ts:179","apps/runtime/src/services/ofapi-collection-read-transport.ts","apps/runtime/src/services/canonicalize/ofapi-read-collections.ts | apps/runtime/src/services/projections/ofapi-read-snapshots.ts","apps/dashboard/src/pages/settings/OfapiStoredReads.tsx | Desktop generated SDK read gateway","tests/ofapi-read-collections.integration.test.ts | tests/ofapi-read-gateway.test.ts","limit | offset","limit | offset","","https://docs.onlyfansapi.com/api-reference/post-labels/list-labels"
"POST","/api/{account}/posts/labels","Create Label","Post Labels","excluded_by_plan","not_implemented","","","","","","","","","","","Publishing, campaign writes and moderation are optional S11b, excluded from this read release.","https://docs.onlyfansapi.com/api-reference/post-labels/create-label"
"GET","/api/{account}/posts","List Posts","Posts","implemented_scoped","implemented_scoped","posts","posts_comments","capture_or_typed_read | durable_read_catalog | gateway_read","apps/runtime/src/services/ofapi-capture-jobs.ts:1302 | packages/shared/src/ofapi-read-catalog.ts:219 | apps/runtime/src/services/ofapi-read-gateway.ts:179","apps/runtime/src/services/ofapi-collection-read-transport.ts","apps/runtime/src/services/canonicalize/ofapi-read-collections.ts | apps/runtime/src/services/projections/ofapi-read-snapshots.ts","apps/dashboard/src/pages/settings/OfapiStoredReads.tsx | Desktop generated SDK read gateway","tests/ofapi-read-collections.integration.test.ts | tests/ofapi-read-gateway.test.ts","query | limit | offset | order | sort | pinned | counters | minimumPublishDate","limit | offset | query | order | sort | pinned | counters | minimumPublishDate","","https://docs.onlyfansapi.com/api-reference/posts/list-posts"
"POST","/api/{account}/posts","Send Post","Posts","excluded_by_plan","not_implemented","","","","","","","","","","","Publishing, campaign writes and moderation are optional S11b, excluded from this read release.","https://docs.onlyfansapi.com/api-reference/posts/send-post"
"GET","/api/{account}/posts/{post_id}","Get Post","Posts","implemented_scoped","not_implemented","post:<id>","posts_comments","durable_read_catalog | gateway_read","packages/shared/src/ofapi-read-catalog.ts:239 | apps/runtime/src/services/ofapi-read-gateway.ts:179","apps/runtime/src/services/ofapi-collection-read-transport.ts","apps/runtime/src/services/canonicalize/ofapi-read-collections.ts | apps/runtime/src/services/projections/ofapi-read-snapshots.ts","apps/dashboard/src/pages/settings/OfapiStoredReads.tsx | Desktop generated SDK read gateway","tests/ofapi-read-collections.integration.test.ts | tests/ofapi-read-gateway.test.ts","","","","https://docs.onlyfansapi.com/api-reference/posts/get-post"
"PUT","/api/{account}/posts/{post_id}","Update Post","Posts","excluded_by_plan","not_implemented","","","","","","","","","","","Publishing, campaign writes and moderation are optional S11b, excluded from this read release.","https://docs.onlyfansapi.com/api-reference/posts/update-post"
"DELETE","/api/{account}/posts/{post_id}","Delete Post","Posts","excluded_by_plan","not_implemented","","","","","","","","","","","Publishing, campaign writes and moderation are optional S11b, excluded from this read release.","https://docs.onlyfansapi.com/api-reference/posts/delete-post"
"POST","/api/{account}/posts/{post_id}/archive","Archive Post","Posts","excluded_by_plan","not_implemented","","","","","","","","","private_archive","","Publishing, campaign writes and moderation are optional S11b, excluded from this read release.","https://docs.onlyfansapi.com/api-reference/posts/archive-post"
"POST","/api/{account}/posts/{post_id}/unarchive","Unarchive Post","Posts","excluded_by_plan","not_implemented","","","","","","","","","private_archive","","Publishing, campaign writes and moderation are optional S11b, excluded from this read release.","https://docs.onlyfansapi.com/api-reference/posts/unarchive-post"
"POST","/api/{account}/posts/{post_id}/pin","Pin/Unpin Post","Posts","excluded_by_plan","not_implemented","","","","","","","","","","","Publishing, campaign writes and moderation are optional S11b, excluded from this read release.","https://docs.onlyfansapi.com/api-reference/posts/pin-unpin-post"
"GET","/api/{account}/posts/{post_id}/stats","Show Post Statistics","Posts","implemented_scoped","not_implemented","post_stats:<id>","posts_comments","durable_read_catalog | gateway_read","packages/shared/src/ofapi-read-catalog.ts:240 | apps/runtime/src/services/ofapi-read-gateway.ts:179","apps/runtime/src/services/ofapi-collection-read-transport.ts","apps/runtime/src/services/canonicalize/ofapi-read-collections.ts | apps/runtime/src/services/projections/ofapi-read-snapshots.ts","apps/dashboard/src/pages/settings/OfapiStoredReads.tsx | Desktop generated SDK read gateway","tests/ofapi-read-collections.integration.test.ts | tests/ofapi-read-gateway.test.ts","with_historical_data","with_historical_data","","https://docs.onlyfansapi.com/api-reference/posts/show-post-statistics"
"GET","/api/{account}/promotions","List Promotions","Promotions","excluded_by_plan","not_implemented","","","","","","","","","limit | offset","","Legacy promotion/link creation or mutation is workflow-conditional and deferred after read/attribution (S9/S12).","https://docs.onlyfansapi.com/api-reference/promotions/list-promotions"
"POST","/api/{account}/promotions","Create Promotion","Promotions","excluded_by_plan","not_implemented","","","","","","","","","","","Legacy promotion/link creation or mutation is workflow-conditional and deferred after read/attribution (S9/S12).","https://docs.onlyfansapi.com/api-reference/promotions/create-promotion"
"DELETE","/api/{account}/promotions/{promotion_id}","Delete Promotion","Promotions","excluded_by_plan","not_implemented","","","","","","","","","","","Legacy promotion/link creation or mutation is workflow-conditional and deferred after read/attribution (S9/S12).","https://docs.onlyfansapi.com/api-reference/promotions/delete-promotion"
"POST","/api/{account}/promotions/{promotion_id}/stop","Stop Promotion","Promotions","excluded_by_plan","not_implemented","","","","","","","","","","","Legacy promotion/link creation or mutation is workflow-conditional and deferred after read/attribution (S9/S12).","https://docs.onlyfansapi.com/api-reference/promotions/stop-promotion"
"GET","/api/profiles/{username}","Get Profile Details","Public Profiles","excluded_by_plan","not_implemented","","","","","","","","","fresh","","Only the named S12 read snapshots and existing financial pipeline selected; adjacent aggregates/onboarding/withdrawal need a concrete consumer.","https://docs.onlyfansapi.com/api-reference/public-profiles/get-profile-details"
"GET","/api/search","Search Profiles","Public Profiles","excluded_by_plan","not_implemented","","","","","","","","","query | min_subscribe_price | max_subscribe_price | location | website | instagram | tiktok | limit | cursor | sort | sortDirection | filter | filter.gender","","Only the named S12 read snapshots and existing financial pipeline selected; adjacent aggregates/onboarding/withdrawal need a concrete consumer.","https://docs.onlyfansapi.com/api-reference/public-profiles/search-profiles"
"GET","/api/{account}/queue","List Queue Items","Queue","excluded_by_plan","not_implemented","","","","","","","","","publishDateStart | publishDateEnd | timezone | limit | type","","Generic publication-queue workflow belongs to optional S11b; the named S11a mass-message queue/history reads are implemented.","https://docs.onlyfansapi.com/api-reference/queue/list-queue-items"
"PUT","/api/{account}/queue/{queue_id}/publish","Publish Queue Item","Queue","excluded_by_plan","not_implemented","","","","","","","","","","","Publishing, campaign writes and moderation are optional S11b, excluded from this read release.","https://docs.onlyfansapi.com/api-reference/queue/publish-queue-item"
"GET","/api/{account}/queue/counts","Count Queue Items","Queue","excluded_by_plan","not_implemented","","","","","","","","","publishDateStart | publishDateEnd | timezone","","Generic publication-queue workflow belongs to optional S11b; the named S11a mass-message queue/history reads are implemented.","https://docs.onlyfansapi.com/api-reference/queue/count-queue-items"
"GET","/api/{account}/release-forms","List Release Forms","Release Forms","implemented_scoped","not_implemented","release_forms","vault_catalog","durable_read_catalog | gateway_read","packages/shared/src/ofapi-read-catalog.ts:443 | apps/runtime/src/services/ofapi-read-gateway.ts:179","apps/runtime/src/services/ofapi-collection-read-transport.ts","apps/runtime/src/services/canonicalize/ofapi-read-collections.ts | apps/runtime/src/services/projections/ofapi-read-snapshots.ts","apps/dashboard/src/pages/settings/OfapiStoredReads.tsx | Desktop generated SDK read gateway","tests/ofapi-read-collections.integration.test.ts | tests/ofapi-read-gateway.test.ts","limit | offset | filter | sort | sortDirection | name","limit | offset | filter | sort | sortDirection | name","","https://docs.onlyfansapi.com/api-reference/release-forms/list-release-forms"
"POST","/api/{account}/release-forms/create-invitation-link","Create Invitation Link","Release Forms","excluded_by_plan","not_implemented","","","","","","","","","","","Only read/attach references selected; create/invite/rename/hide needs a separate participant workflow (S12).","https://docs.onlyfansapi.com/api-reference/release-forms/create-invitation-link"
"POST","/api/{account}/release-forms/create-release-form","Create Release Form","Release Forms","excluded_by_plan","not_implemented","","","","","","","","","","","Only read/attach references selected; create/invite/rename/hide needs a separate participant workflow (S12).","https://docs.onlyfansapi.com/api-reference/release-forms/create-release-form"
"GET","/api/{account}/release-forms/taggable-users","List Taggable Users","Release Forms","implemented_scoped","not_implemented","taggable_users","vault_catalog","durable_read_catalog | gateway_read","packages/shared/src/ofapi-read-catalog.ts:444 | apps/runtime/src/services/ofapi-read-gateway.ts:179","apps/runtime/src/services/ofapi-collection-read-transport.ts","apps/runtime/src/services/canonicalize/ofapi-read-collections.ts | apps/runtime/src/services/projections/ofapi-read-snapshots.ts","apps/dashboard/src/pages/settings/OfapiStoredReads.tsx | Desktop generated SDK read gateway","tests/ofapi-read-collections.integration.test.ts | tests/ofapi-read-gateway.test.ts","limit | offset | filter | sort | sortDirection | name","limit | offset | filter | sort | sortDirection | name","","https://docs.onlyfansapi.com/api-reference/release-forms/list-taggable-users"
"GET","/api/{account}/release-forms/mentions","List Mentions","Release Forms","excluded_by_plan","not_implemented","","","","","","","","","limit | offset | fromId","","Only read/attach references selected; create/invite/rename/hide needs a separate participant workflow (S12).","https://docs.onlyfansapi.com/api-reference/release-forms/list-mentions"
"PATCH","/api/{account}/release-forms/toggle-show","Hide / Unhide Release Form","Release Forms","excluded_by_plan","not_implemented","","","","","","","","","","","Only read/attach references selected; create/invite/rename/hide needs a separate participant workflow (S12).","https://docs.onlyfansapi.com/api-reference/release-forms/hide-unhide-release-form"
"PATCH","/api/{account}/release-forms/rename","Rename Release Form","Release Forms","excluded_by_plan","not_implemented","","","","","","","","","","","Only read/attach references selected; create/invite/rename/hide needs a separate participant workflow (S12).","https://docs.onlyfansapi.com/api-reference/release-forms/rename-release-form"
"GET","/api/{account}/saved-for-later/messages","List Saved For Later Messages","Saved For Later (Messages)","excluded_by_plan","not_implemented","","","","","","","","","limit | offset","","Saved-for-later workflows and autosend explicitly deferred (S12).","https://docs.onlyfansapi.com/api-reference/saved-for-later-messages/list-saved-for-later-messages"
"GET","/api/{account}/saved-for-later/messages/settings","Get Message Settings","Saved For Later (Messages)","excluded_by_plan","not_implemented","","","","","","","","","","","Saved-for-later workflows and autosend explicitly deferred (S12).","https://docs.onlyfansapi.com/api-reference/saved-for-later-messages/get-message-settings"
"PATCH","/api/{account}/saved-for-later/messages/settings/enable-or-update-automatic-messaging","Enable/Update Automatic Messaging","Saved For Later (Messages)","excluded_by_plan","not_implemented","","","","","","","","","","","Saved-for-later workflows and autosend explicitly deferred (S12).","https://docs.onlyfansapi.com/api-reference/saved-for-later-messages/enable-update-automatic-messaging"
"PATCH","/api/{account}/saved-for-later/messages/settings/disable-automatic-messaging","Disable Automatic Messaging","Saved For Later (Messages)","excluded_by_plan","not_implemented","","","","","","","","","","","Saved-for-later workflows and autosend explicitly deferred (S12).","https://docs.onlyfansapi.com/api-reference/saved-for-later-messages/disable-automatic-messaging"
"GET","/api/{account}/saved-for-later/posts","List Saved For Later Posts","Saved For Later (Posts)","excluded_by_plan","not_implemented","","","","","","","","","limit | offset","","Saved-for-later workflows and autosend explicitly deferred (S12).","https://docs.onlyfansapi.com/api-reference/saved-for-later-posts/list-saved-for-later-posts"
"GET","/api/{account}/saved-for-later/posts/settings","Get Post Settings","Saved For Later (Posts)","excluded_by_plan","not_implemented","","","","","","","","","","","Saved-for-later workflows and autosend explicitly deferred (S12).","https://docs.onlyfansapi.com/api-reference/saved-for-later-posts/get-post-settings"
"PATCH","/api/{account}/saved-for-later/posts/settings/enable-or-update-automatic-posting","Enable/Update Automatic Posting","Saved For Later (Posts)","excluded_by_plan","not_implemented","","","","","","","","","","","Saved-for-later workflows and autosend explicitly deferred (S12).","https://docs.onlyfansapi.com/api-reference/saved-for-later-posts/enable-update-automatic-posting"
"PATCH","/api/{account}/saved-for-later/posts/settings/disable-automatic-posting","Disable Automatic Posting","Saved For Later (Posts)","excluded_by_plan","not_implemented","","","","","","","","","","","Saved-for-later workflows and autosend explicitly deferred (S12).","https://docs.onlyfansapi.com/api-reference/saved-for-later-posts/disable-automatic-posting"
"GET","/api/{account}/settings","Get Settings","Settings","excluded_by_plan","not_implemented","","","","","","","","","","","Banking, tax/legal and platform settings changes are outside this coverage release (S12).","https://docs.onlyfansapi.com/api-reference/settings/get-settings"
"POST","/api/{account}/settings/profile","Update Profile","Settings","excluded_by_plan","not_implemented","","","","","","","","","","","Banking, tax/legal and platform settings changes are outside this coverage release (S12).","https://docs.onlyfansapi.com/api-reference/settings/update-profile"
"PATCH","/api/{account}/settings/subscription-price","Update Subscription Price","Settings","excluded_by_plan","not_implemented","","","","","","","","","","","Banking, tax/legal and platform settings changes are outside this coverage release (S12).","https://docs.onlyfansapi.com/api-reference/settings/update-subscription-price"
"GET","/api/{account}/settings/blocked-countries","Get Blocked Countries","Settings","excluded_by_plan","not_implemented","","","","","","","","","","","Banking, tax/legal and platform settings changes are outside this coverage release (S12).","https://docs.onlyfansapi.com/api-reference/settings/get-blocked-countries"
"PUT","/api/{account}/settings/blocked-countries","Update Blocked Countries","Settings","excluded_by_plan","not_implemented","","","","","","","","","","","Banking, tax/legal and platform settings changes are outside this coverage release (S12).","https://docs.onlyfansapi.com/api-reference/settings/update-blocked-countries"
"GET","/api/{account}/settings/welcome-message","Get Welcome Message","Settings","excluded_by_plan","not_implemented","","","","","","","","","","","Banking, tax/legal and platform settings changes are outside this coverage release (S12).","https://docs.onlyfansapi.com/api-reference/settings/get-welcome-message"
"PATCH","/api/{account}/settings/welcome-message","Enable/Disable Welcome Message","Settings","excluded_by_plan","not_implemented","","","","","","","","","","","Banking, tax/legal and platform settings changes are outside this coverage release (S12).","https://docs.onlyfansapi.com/api-reference/settings/enable-disable-welcome-message"
"POST","/api/{account}/settings/welcome-message","Update Welcome Message","Settings","excluded_by_plan","not_implemented","","","","","","","","","","","Banking, tax/legal and platform settings changes are outside this coverage release (S12).","https://docs.onlyfansapi.com/api-reference/settings/update-welcome-message"
"GET","/api/{account}/settings/drm","Get DRM Status","Settings","excluded_by_plan","not_implemented","","","","","","","","","","","Banking, tax/legal and platform settings changes are outside this coverage release (S12).","https://docs.onlyfansapi.com/api-reference/settings/get-drm-status"
"PATCH","/api/{account}/settings/drm","Enable/Disable DRM","Settings","excluded_by_plan","not_implemented","","","","","","","","","","","Banking, tax/legal and platform settings changes are outside this coverage release (S12).","https://docs.onlyfansapi.com/api-reference/settings/enable-disable-drm"
"POST","/api/{account}/settings/username-exists","Check Username Availability","Settings","excluded_by_plan","not_implemented","","","","","","","","","","","Banking, tax/legal and platform settings changes are outside this coverage release (S12).","https://docs.onlyfansapi.com/api-reference/settings/check-username-availability"
"POST","/api/{account}/settings/social-media-buttons/reorder","Reorder Social Media Buttons","Settings","excluded_by_plan","not_implemented","","","","","","","","","","","Banking, tax/legal and platform settings changes are outside this coverage release (S12).","https://docs.onlyfansapi.com/api-reference/settings/reorder-social-media-buttons"
"GET","/api/{account}/settings/social-media-buttons","List Social Media Buttons","Settings","excluded_by_plan","not_implemented","","","","","","","","","","","Banking, tax/legal and platform settings changes are outside this coverage release (S12).","https://docs.onlyfansapi.com/api-reference/settings/list-social-media-buttons"
"POST","/api/{account}/settings/social-media-buttons","Add Social Media Button","Settings","excluded_by_plan","not_implemented","","","","","","","","","","","Banking, tax/legal and platform settings changes are outside this coverage release (S12).","https://docs.onlyfansapi.com/api-reference/settings/add-social-media-button"
"PUT","/api/{account}/settings/social-media-buttons/{button_id}","Update Social Media Button","Settings","excluded_by_plan","not_implemented","","","","","","","","","","","Banking, tax/legal and platform settings changes are outside this coverage release (S12).","https://docs.onlyfansapi.com/api-reference/settings/update-social-media-button"
"DELETE","/api/{account}/settings/social-media-buttons/{button_id}","Delete Social Media Button","Settings","excluded_by_plan","not_implemented","","","","","","","","","","","Banking, tax/legal and platform settings changes are outside this coverage release (S12).","https://docs.onlyfansapi.com/api-reference/settings/delete-social-media-button"
"GET","/api/{account}/shared-trial-links","List Shared Free Trial Links","Shared Free Trial Links","implemented_scoped","not_implemented","shared_trial_links","tracking_links","durable_read_catalog | gateway_read","packages/shared/src/ofapi-read-catalog.ts:428 | apps/runtime/src/services/ofapi-read-gateway.ts:179","apps/runtime/src/services/ofapi-collection-read-transport.ts","apps/runtime/src/services/canonicalize/ofapi-read-collections.ts | apps/runtime/src/services/projections/ofapi-read-snapshots.ts","apps/dashboard/src/pages/OfapiMarketing.tsx | Desktop generated SDK read gateway","tests/ofapi-smart-links.integration.test.ts | tests/ofapi-read-gateway.test.ts","limit | offset | pagination | synchronous","limit | offset","","https://docs.onlyfansapi.com/api-reference/shared-free-trial-links/list-shared-free-trial-links"
"DELETE","/api/{account}/shared-trial-links/{shared_trial_link_id}","Revoke Shared Free Trial Link Access","Shared Free Trial Links","excluded_by_plan","not_implemented","","","","","","","","","","","Legacy promotion/link creation or mutation is workflow-conditional and deferred after read/attribution (S9/S12).","https://docs.onlyfansapi.com/api-reference/shared-free-trial-links/revoke-shared-free-trial-link-access"
"GET","/api/{account}/shared-trial-links/{shared_trial_link_id}/tags","List Shared Free Trial Link Tags","Shared Free Trial Links","excluded_by_plan","not_implemented","","","","","","","","","","","Legacy promotion/link creation or mutation is workflow-conditional and deferred after read/attribution (S9/S12).","https://docs.onlyfansapi.com/api-reference/shared-free-trial-links/list-shared-free-trial-link-tags"
"POST","/api/{account}/shared-trial-links/{shared_trial_link_id}/tags","Add Shared Free Trial Link Tags","Shared Free Trial Links","excluded_by_plan","not_implemented","","","","","","","","","","","Legacy promotion/link creation or mutation is workflow-conditional and deferred after read/attribution (S9/S12).","https://docs.onlyfansapi.com/api-reference/shared-free-trial-links/add-shared-free-trial-link-tags"
"DELETE","/api/{account}/shared-trial-links/{shared_trial_link_id}/tags","Remove Shared Free Trial Link Tags","Shared Free Trial Links","excluded_by_plan","not_implemented","","","","","","","","","","","Legacy promotion/link creation or mutation is workflow-conditional and deferred after read/attribution (S9/S12).","https://docs.onlyfansapi.com/api-reference/shared-free-trial-links/remove-shared-free-trial-link-tags"
"GET","/api/{account}/shared-tracking-links","List Shared Tracking Links","Shared Tracking Links","implemented_scoped","not_implemented","shared_tracking_links","tracking_links","durable_read_catalog | gateway_read","packages/shared/src/ofapi-read-catalog.ts:428 | apps/runtime/src/services/ofapi-read-gateway.ts:179","apps/runtime/src/services/ofapi-collection-read-transport.ts","apps/runtime/src/services/canonicalize/ofapi-read-collections.ts | apps/runtime/src/services/projections/ofapi-read-snapshots.ts","apps/dashboard/src/pages/OfapiMarketing.tsx | Desktop generated SDK read gateway","tests/ofapi-smart-links.integration.test.ts | tests/ofapi-read-gateway.test.ts","limit | offset | pagination | with_deleted | sorting_deleted | stats | synchronous","limit | offset","","https://docs.onlyfansapi.com/api-reference/shared-tracking-links/list-shared-tracking-links"
"DELETE","/api/{account}/shared-tracking-links/{shared_tracking_link_id}","Revoke Shared Tracking Link Access","Shared Tracking Links","excluded_by_plan","not_implemented","","","","","","","","","","","Legacy promotion/link creation or mutation is workflow-conditional and deferred after read/attribution (S9/S12).","https://docs.onlyfansapi.com/api-reference/shared-tracking-links/revoke-shared-tracking-link-access"
"GET","/api/{account}/shared-tracking-links/{shared_tracking_link_id}/tags","List Shared Tracking Link Tags","Shared Tracking Links","excluded_by_plan","not_implemented","","","","","","","","","","","Legacy promotion/link creation or mutation is workflow-conditional and deferred after read/attribution (S9/S12).","https://docs.onlyfansapi.com/api-reference/shared-tracking-links/list-shared-tracking-link-tags"
"POST","/api/{account}/shared-tracking-links/{shared_tracking_link_id}/tags","Add Shared Tracking Link Tags","Shared Tracking Links","excluded_by_plan","not_implemented","","","","","","","","","","","Legacy promotion/link creation or mutation is workflow-conditional and deferred after read/attribution (S9/S12).","https://docs.onlyfansapi.com/api-reference/shared-tracking-links/add-shared-tracking-link-tags"
"DELETE","/api/{account}/shared-tracking-links/{shared_tracking_link_id}/tags","Remove Shared Tracking Link Tags","Shared Tracking Links","excluded_by_plan","not_implemented","","","","","","","","","","","Legacy promotion/link creation or mutation is workflow-conditional and deferred after read/attribution (S9/S12).","https://docs.onlyfansapi.com/api-reference/shared-tracking-links/remove-shared-tracking-link-tags"
"GET","/api/smart-link-postbacks","List Smart Link Postbacks","Smart Link Postbacks","implemented_scoped","not_implemented","","","encrypted_admin_read","apps/runtime/src/services/ofapi-smart-links.ts:233","apps/runtime/src/services/ofapi-smart-links.ts (encrypted administrative response)","apps/runtime/src/services/projections/ofapi-marketing.ts","apps/dashboard/src/pages/OfapiMarketing.tsx","tests/ofapi-smart-links.integration.test.ts","","","","https://docs.onlyfansapi.com/api-reference/smart-link-postbacks/list-smart-link-postbacks"
"POST","/api/smart-link-postbacks","Create Smart Link Postback","Smart Link Postbacks","implemented_scoped","not_implemented","","","closed_marketing_command","apps/runtime/src/services/ofapi-smart-links.ts:19","apps/runtime/src/services/ofapi-smart-links.ts (encrypted administrative response)","apps/runtime/src/services/projections/ofapi-marketing.ts","apps/dashboard/src/pages/OfapiMarketing.tsx","tests/ofapi-smart-links.integration.test.ts","","","","https://docs.onlyfansapi.com/api-reference/smart-link-postbacks/create-smart-link-postback"
"GET","/api/smart-link-postbacks/{postback_id}","Show Smart Link Postback","Smart Link Postbacks","implemented_scoped","not_implemented","","","encrypted_admin_read","apps/runtime/src/services/ofapi-smart-links.ts:233","apps/runtime/src/services/ofapi-smart-links.ts (encrypted administrative response)","apps/runtime/src/services/projections/ofapi-marketing.ts","apps/dashboard/src/pages/OfapiMarketing.tsx","tests/ofapi-smart-links.integration.test.ts","","","","https://docs.onlyfansapi.com/api-reference/smart-link-postbacks/show-smart-link-postback"
"PATCH","/api/smart-link-postbacks/{postback_id}","Update Smart Link Postback","Smart Link Postbacks","implemented_scoped","not_implemented","","","closed_marketing_command","apps/runtime/src/services/ofapi-smart-links.ts:19","apps/runtime/src/services/ofapi-smart-links.ts (encrypted administrative response)","apps/runtime/src/services/projections/ofapi-marketing.ts","apps/dashboard/src/pages/OfapiMarketing.tsx","tests/ofapi-smart-links.integration.test.ts","","","","https://docs.onlyfansapi.com/api-reference/smart-link-postbacks/update-smart-link-postback"
"DELETE","/api/smart-link-postbacks/{postback_id}","Delete Smart Link Postback","Smart Link Postbacks","implemented_scoped","not_implemented","","","closed_marketing_command","apps/runtime/src/services/ofapi-smart-links.ts:19","apps/runtime/src/services/ofapi-smart-links.ts (encrypted administrative response)","apps/runtime/src/services/projections/ofapi-marketing.ts","apps/dashboard/src/pages/OfapiMarketing.tsx","tests/ofapi-smart-links.integration.test.ts","","","","https://docs.onlyfansapi.com/api-reference/smart-link-postbacks/delete-smart-link-postback"
"GET","/api/smart-links","List Smart Links","Smart Links","implemented_scoped","not_implemented","smart_links","smart_links","durable_read_catalog","packages/shared/src/ofapi-read-catalog.ts:415","apps/runtime/src/services/ofapi-collection-read-transport.ts","apps/runtime/src/services/canonicalize/ofapi-read-collections.ts | apps/runtime/src/services/projections/ofapi-read-snapshots.ts","apps/dashboard/src/pages/OfapiMarketing.tsx","tests/ofapi-smart-links.integration.test.ts","limit | offset | name | account_ids | pixel_ids | filter | filter.tags","limit | offset | account_ids | name | pixel_ids | filter[tags][]","","https://docs.onlyfansapi.com/api-reference/smart-links/list-smart-links"
"POST","/api/smart-links","Create Smart Link","Smart Links","implemented_scoped","not_implemented","","","closed_marketing_command","apps/runtime/src/services/ofapi-smart-links.ts:19","apps/runtime/src/services/ofapi-smart-links.ts (encrypted administrative response)","apps/runtime/src/services/projections/ofapi-marketing.ts","apps/dashboard/src/pages/OfapiMarketing.tsx","tests/ofapi-smart-links.integration.test.ts","","","","https://docs.onlyfansapi.com/api-reference/smart-links/create-smart-link"
"GET","/api/smart-links/{smart_link_id}","Get Smart Link","Smart Links","implemented_scoped","not_implemented","smart_link:<id>","smart_links","durable_read_catalog","packages/shared/src/ofapi-read-catalog.ts:416","apps/runtime/src/services/ofapi-collection-read-transport.ts","apps/runtime/src/services/canonicalize/ofapi-read-collections.ts | apps/runtime/src/services/projections/ofapi-read-snapshots.ts","apps/dashboard/src/pages/OfapiMarketing.tsx","tests/ofapi-smart-links.integration.test.ts","","","","https://docs.onlyfansapi.com/api-reference/smart-links/get-smart-link"
"DELETE","/api/smart-links/{smart_link_id}","Delete Smart Link","Smart Links","implemented_scoped","not_implemented","","","closed_marketing_command","apps/runtime/src/services/ofapi-smart-links.ts:19","apps/runtime/src/services/ofapi-smart-links.ts (encrypted administrative response)","apps/runtime/src/services/projections/ofapi-marketing.ts","apps/dashboard/src/pages/OfapiMarketing.tsx","tests/ofapi-smart-links.integration.test.ts","","","","https://docs.onlyfansapi.com/api-reference/smart-links/delete-smart-link"
"GET","/api/smart-links/{smart_link_id}/pixels","List Smart Link Pixels","Smart Links","implemented_scoped","not_implemented","smart_link_pixels:<id>","smart_links","durable_read_catalog","packages/shared/src/ofapi-read-catalog.ts:417","apps/runtime/src/services/ofapi-collection-read-transport.ts","apps/runtime/src/services/canonicalize/ofapi-read-collections.ts | apps/runtime/src/services/projections/ofapi-read-snapshots.ts","apps/dashboard/src/pages/OfapiMarketing.tsx","tests/ofapi-smart-links.integration.test.ts","","","","https://docs.onlyfansapi.com/api-reference/smart-links/list-smart-link-pixels"
"POST","/api/smart-links/{smart_link_id}/pixels","Create Smart Link Pixel","Smart Links","implemented_scoped","not_implemented","","","closed_marketing_command","apps/runtime/src/services/ofapi-smart-links.ts:19","apps/runtime/src/services/ofapi-smart-links.ts (encrypted administrative response)","apps/runtime/src/services/projections/ofapi-marketing.ts","apps/dashboard/src/pages/OfapiMarketing.tsx","tests/ofapi-smart-links.integration.test.ts","","","","https://docs.onlyfansapi.com/api-reference/smart-links/create-smart-link-pixel"
"PATCH","/api/smart-links/{smart_link_id}/pixels/{pixel_id}","Update Smart Link Pixel","Smart Links","implemented_scoped","not_implemented","","","closed_marketing_command","apps/runtime/src/services/ofapi-smart-links.ts:19","apps/runtime/src/services/ofapi-smart-links.ts (encrypted administrative response)","apps/runtime/src/services/projections/ofapi-marketing.ts","apps/dashboard/src/pages/OfapiMarketing.tsx","tests/ofapi-smart-links.integration.test.ts","","","","https://docs.onlyfansapi.com/api-reference/smart-links/update-smart-link-pixel"
"DELETE","/api/smart-links/{smart_link_id}/pixels/{pixel_id}","Disconnect Smart Link Pixel","Smart Links","implemented_scoped","not_implemented","","","closed_marketing_command","apps/runtime/src/services/ofapi-smart-links.ts:19","apps/runtime/src/services/ofapi-smart-links.ts (encrypted administrative response)","apps/runtime/src/services/projections/ofapi-marketing.ts","apps/dashboard/src/pages/OfapiMarketing.tsx","tests/ofapi-smart-links.integration.test.ts","","","","https://docs.onlyfansapi.com/api-reference/smart-links/disconnect-smart-link-pixel"
"POST","/api/smart-links/{smart_link_id}/pixels/{pixel_id}/test-event","Send Smart Link Pixel Test Event","Smart Links","implemented_scoped","not_implemented","","","closed_marketing_command","apps/runtime/src/services/ofapi-smart-links.ts:19","apps/runtime/src/services/ofapi-smart-links.ts (encrypted administrative response)","apps/runtime/src/services/projections/ofapi-marketing.ts","apps/dashboard/src/pages/OfapiMarketing.tsx","tests/ofapi-smart-links.integration.test.ts","","","","https://docs.onlyfansapi.com/api-reference/smart-links/send-smart-link-pixel-test-event"
"GET","/api/smart-links/{smart_link_id}/tags","List Smart Link Tags","Smart Links","implemented_scoped","not_implemented","smart_link_tags:<id>","smart_links","durable_read_catalog","packages/shared/src/ofapi-read-catalog.ts:418","apps/runtime/src/services/ofapi-collection-read-transport.ts","apps/runtime/src/services/canonicalize/ofapi-read-collections.ts | apps/runtime/src/services/projections/ofapi-read-snapshots.ts","apps/dashboard/src/pages/OfapiMarketing.tsx","tests/ofapi-smart-links.integration.test.ts","","","","https://docs.onlyfansapi.com/api-reference/smart-links/list-smart-link-tags"
"POST","/api/smart-links/{smart_link_id}/tags","Add Smart Link Tags","Smart Links","implemented_scoped","not_implemented","","","closed_marketing_command","apps/runtime/src/services/ofapi-smart-links.ts:19","apps/runtime/src/services/ofapi-smart-links.ts (encrypted administrative response)","apps/runtime/src/services/projections/ofapi-marketing.ts","apps/dashboard/src/pages/OfapiMarketing.tsx","tests/ofapi-smart-links.integration.test.ts","","","","https://docs.onlyfansapi.com/api-reference/smart-links/add-smart-link-tags"
"DELETE","/api/smart-links/{smart_link_id}/tags","Remove Smart Link Tags","Smart Links","implemented_scoped","not_implemented","","","closed_marketing_command","apps/runtime/src/services/ofapi-smart-links.ts:19","apps/runtime/src/services/ofapi-smart-links.ts (encrypted administrative response)","apps/runtime/src/services/projections/ofapi-marketing.ts","apps/dashboard/src/pages/OfapiMarketing.tsx","tests/ofapi-smart-links.integration.test.ts","","","","https://docs.onlyfansapi.com/api-reference/smart-links/remove-smart-link-tags"
"GET","/api/smart-links/{smart_link_id}/stats","Get Smart Link Stats","Smart Links","implemented_scoped","not_implemented","smart_link_stats:<id>","smart_links","durable_read_catalog","packages/shared/src/ofapi-read-catalog.ts:419","apps/runtime/src/services/ofapi-collection-read-transport.ts","apps/runtime/src/services/canonicalize/ofapi-read-collections.ts | apps/runtime/src/services/projections/ofapi-read-snapshots.ts","apps/dashboard/src/pages/OfapiMarketing.tsx","tests/ofapi-smart-links.integration.test.ts","date_start | date_end","date_start | date_end","","https://docs.onlyfansapi.com/api-reference/smart-links/get-smart-link-stats"
"GET","/api/smart-links/{smart_link_id}/cohort-arps","Get Smart Link Cohort ARPS","Smart Links","implemented_scoped","not_implemented","smart_link_cohort_arps:<id>","smart_links","durable_read_catalog","packages/shared/src/ofapi-read-catalog.ts:420","apps/runtime/src/services/ofapi-collection-read-transport.ts","apps/runtime/src/services/canonicalize/ofapi-read-collections.ts | apps/runtime/src/services/projections/ofapi-read-snapshots.ts","apps/dashboard/src/pages/OfapiMarketing.tsx","tests/ofapi-smart-links.integration.test.ts","acquisition_start | acquisition_end | revenue_basis","acquisition_start | acquisition_end | revenue_basis","","https://docs.onlyfansapi.com/api-reference/smart-links/get-smart-link-cohort-arps"
"GET","/api/smart-links/{smart_link_id}/spenders","List Smart Link Spenders","Smart Links","implemented_scoped","not_implemented","smart_link_spenders:<id>","smart_links","durable_read_catalog","packages/shared/src/ofapi-read-catalog.ts:421","apps/runtime/src/services/ofapi-collection-read-transport.ts","apps/runtime/src/services/canonicalize/ofapi-read-collections.ts | apps/runtime/src/services/projections/ofapi-read-snapshots.ts","apps/dashboard/src/pages/OfapiMarketing.tsx","tests/ofapi-smart-links.integration.test.ts","limit | offset | minSpend","limit | offset | minSpend","","https://docs.onlyfansapi.com/api-reference/smart-links/list-smart-link-spenders"
"GET","/api/smart-links/{smart_link_id}/fans","List Smart Link Fans","Smart Links","implemented_scoped","not_implemented","smart_link_fans:<id>","smart_links","durable_read_catalog","packages/shared/src/ofapi-read-catalog.ts:422","apps/runtime/src/services/ofapi-collection-read-transport.ts","apps/runtime/src/services/canonicalize/ofapi-read-collections.ts | apps/runtime/src/services/projections/ofapi-read-snapshots.ts","apps/dashboard/src/pages/OfapiMarketing.tsx","tests/ofapi-smart-links.integration.test.ts","limit | offset | sort | has_messages | min_messages_sent_by_fan | min_revenue_net | min_tips_net | previously_subscribed | subscribed_using_promo","limit | offset | sort | has_messages | min_messages_sent_by_fan | min_revenue_net | min_tips_net | previously_subscribed | subscribed_using_promo","","https://docs.onlyfansapi.com/api-reference/smart-links/list-smart-link-fans"
"GET","/api/smart-links/{smart_link_id}/clicks","List Smart Link Clicks","Smart Links","implemented_scoped","not_implemented","smart_link_clicks:<id>","smart_links","durable_read_catalog","packages/shared/src/ofapi-read-catalog.ts:423","apps/runtime/src/services/ofapi-collection-read-transport.ts","apps/runtime/src/services/canonicalize/ofapi-read-collections.ts | apps/runtime/src/services/projections/ofapi-read-snapshots.ts","apps/dashboard/src/pages/OfapiMarketing.tsx","tests/ofapi-smart-links.integration.test.ts","date_start | date_end | limit | offset | include_bots | include_duplicates","limit | offset | date_start | date_end | include_bots | include_duplicates","","https://docs.onlyfansapi.com/api-reference/smart-links/list-smart-link-clicks"
"GET","/api/smart-links/{smart_link_id}/conversions","List Smart Link Conversions","Smart Links","implemented_scoped","not_implemented","smart_link_conversions:<id>","smart_links","durable_read_catalog","packages/shared/src/ofapi-read-catalog.ts:423","apps/runtime/src/services/ofapi-collection-read-transport.ts","apps/runtime/src/services/canonicalize/ofapi-read-collections.ts | apps/runtime/src/services/projections/ofapi-read-snapshots.ts","apps/dashboard/src/pages/OfapiMarketing.tsx","tests/ofapi-smart-links.integration.test.ts","date_start | date_end | limit | offset | include_bots | include_duplicates | conversion_type | onlyfans_user_id","limit | offset | date_start | date_end | include_bots | include_duplicates | conversion_type | onlyfans_user_id","","https://docs.onlyfansapi.com/api-reference/smart-links/list-smart-link-conversions"
"GET","/api/{account}/statistics/total-transactions","Calculate Total Transactions","Statistics","excluded_by_plan","not_implemented","","","","","","","","","start_date | end_date","","Only the named S12 read snapshots and existing financial pipeline selected; adjacent aggregates/onboarding/withdrawal need a concrete consumer.","https://docs.onlyfansapi.com/api-reference/statistics/calculate-total-transactions"
"GET","/api/{account}/statistics/overview","Statistics Overview","Statistics","implemented_scoped","not_implemented","statistics_overview","balances","durable_read_catalog | gateway_read","packages/shared/src/ofapi-read-catalog.ts:392 | apps/runtime/src/services/ofapi-read-gateway.ts:179","apps/runtime/src/services/ofapi-collection-read-transport.ts","apps/runtime/src/services/canonicalize/ofapi-read-collections.ts | apps/runtime/src/services/projections/ofapi-read-snapshots.ts","apps/dashboard/src/pages/settings/OfapiStoredReads.tsx | Desktop generated SDK read gateway","tests/ofapi-read-collections.integration.test.ts | tests/ofapi-read-gateway.test.ts","start_date | end_date | type","start_date | end_date | type","","https://docs.onlyfansapi.com/api-reference/statistics/statistics-overview"
"GET","/api/{account}/statistics/subscriber-metrics","Get Subscriber Metrics","Statistics","excluded_by_plan","not_implemented","","","","","","","","","start_date | end_date | detailed_type | detailed","","Only the named S12 read snapshots and existing financial pipeline selected; adjacent aggregates/onboarding/withdrawal need a concrete consumer.","https://docs.onlyfansapi.com/api-reference/statistics/get-subscriber-metrics"
"GET","/api/{account}/statistics/statements/earnings","Get Earnings","Statistics","excluded_by_plan","not_implemented","","","","","","","","","start_date | end_date | type","","Only the named S12 read snapshots and existing financial pipeline selected; adjacent aggregates/onboarding/withdrawal need a concrete consumer.","https://docs.onlyfansapi.com/api-reference/statistics/get-earnings"
"GET","/api/{account}/statistics/reach/profile-visitors","Get Profile Visitors","Statistics","implemented_scoped","not_implemented","profile_visitors","visitors","durable_read_catalog","packages/shared/src/ofapi-read-catalog.ts:81","apps/runtime/src/services/ofapi-collection-read-transport.ts","apps/runtime/src/services/canonicalize/ofapi-read-collections.ts | apps/runtime/src/services/projections/ofapi-read-snapshots.ts","apps/dashboard/src/pages/settings/OfapiStoredReads.tsx","tests/ofapi-read-collections.integration.test.ts","start_date | end_date | type | filter | limit","start_date | end_date | type | filter","","https://docs.onlyfansapi.com/api-reference/statistics/get-profile-visitors"
"GET","/api/{account}/subscribers/statistics","Get Subscriber Statistics","Statistics","implemented_scoped","not_implemented","subscriber_statistics","balances","durable_read_catalog | gateway_read","packages/shared/src/ofapi-read-catalog.ts:401 | apps/runtime/src/services/ofapi-read-gateway.ts:179","apps/runtime/src/services/ofapi-collection-read-transport.ts","apps/runtime/src/services/canonicalize/ofapi-read-collections.ts | apps/runtime/src/services/projections/ofapi-read-snapshots.ts","apps/dashboard/src/pages/settings/OfapiStoredReads.tsx | Desktop generated SDK read gateway","tests/ofapi-read-collections.integration.test.ts | tests/ofapi-read-gateway.test.ts","start_date | end_date | type","start_date | end_date | type","","https://docs.onlyfansapi.com/api-reference/statistics/get-subscriber-statistics"
"GET","/api/{account}/stored/trial-links","List Stored Free Trial Links","Stored Free Trial Links","implemented_scoped","implemented_scoped","stored_trial_links","tracking_links","capture_or_typed_read | durable_read_catalog | gateway_read","apps/runtime/src/services/ofapi.ts:2201 | packages/shared/src/ofapi-read-catalog.ts:424 | apps/runtime/src/services/ofapi-read-gateway.ts:179","apps/runtime/src/services/ofapi-collection-read-transport.ts","apps/runtime/src/services/canonicalize/ofapi-read-collections.ts | apps/runtime/src/services/projections/ofapi-read-snapshots.ts","apps/dashboard/src/pages/OfapiMarketing.tsx | Desktop generated SDK read gateway","tests/ofapi-smart-links.integration.test.ts | tests/ofapi-read-gateway.test.ts","limit | offset | filter | filter.include_smart_links | filter.search | filter.tags","limit | offset | filter[include_smart_links] | filter[search] | filter[tags][]","","https://docs.onlyfansapi.com/api-reference/stored-free-trial-links/list-stored-free-trial-links"
"GET","/api/{account}/stored/shared-trial-links","List Stored Shared Free Trial Links","Stored Shared Free Trial Links","implemented_scoped","not_implemented","stored_shared_trial_links","tracking_links","durable_read_catalog | gateway_read","packages/shared/src/ofapi-read-catalog.ts:427 | apps/runtime/src/services/ofapi-read-gateway.ts:179","apps/runtime/src/services/ofapi-collection-read-transport.ts","apps/runtime/src/services/canonicalize/ofapi-read-collections.ts | apps/runtime/src/services/projections/ofapi-read-snapshots.ts","apps/dashboard/src/pages/OfapiMarketing.tsx | Desktop generated SDK read gateway","tests/ofapi-smart-links.integration.test.ts | tests/ofapi-read-gateway.test.ts","limit | offset | filter | filter.search | filter.tags","limit | offset | filter[search] | filter[tags][]","","https://docs.onlyfansapi.com/api-reference/stored-shared-free-trial-links/list-stored-shared-free-trial-links"
"GET","/api/{account}/stored/shared-tracking-links","List Stored Shared Tracking Links","Stored Shared Tracking Links","implemented_scoped","not_implemented","stored_shared_tracking_links","tracking_links","durable_read_catalog | gateway_read","packages/shared/src/ofapi-read-catalog.ts:427 | apps/runtime/src/services/ofapi-read-gateway.ts:179","apps/runtime/src/services/ofapi-collection-read-transport.ts","apps/runtime/src/services/canonicalize/ofapi-read-collections.ts | apps/runtime/src/services/projections/ofapi-read-snapshots.ts","apps/dashboard/src/pages/OfapiMarketing.tsx | Desktop generated SDK read gateway","tests/ofapi-smart-links.integration.test.ts | tests/ofapi-read-gateway.test.ts","limit | offset | filter | filter.search | filter.tags","limit | offset | filter[search] | filter[tags][]","","https://docs.onlyfansapi.com/api-reference/stored-shared-tracking-links/list-stored-shared-tracking-links"
"GET","/api/{account}/stored/tracking-links","List Stored Tracking Links","Stored Tracking Links","implemented_scoped","implemented_scoped","stored_tracking_links","tracking_links","capture_or_typed_read | durable_read_catalog | gateway_read","apps/runtime/src/services/ofapi.ts:2185 | packages/shared/src/ofapi-read-catalog.ts:424 | apps/runtime/src/services/ofapi-read-gateway.ts:179","apps/runtime/src/services/ofapi-collection-read-transport.ts","apps/runtime/src/services/canonicalize/ofapi-read-collections.ts | apps/runtime/src/services/projections/ofapi-read-snapshots.ts","apps/dashboard/src/pages/OfapiMarketing.tsx | Desktop generated SDK read gateway","tests/ofapi-smart-links.integration.test.ts | tests/ofapi-read-gateway.test.ts","limit | offset | filter | filter.include_smart_links | filter.search | filter.tags","limit | offset | filter[include_smart_links] | filter[search] | filter[tags][]","","https://docs.onlyfansapi.com/api-reference/stored-tracking-links/list-stored-tracking-links"
"GET","/api/{account}/stories/archive","List Story Archive","Stories","implemented_scoped","not_implemented","stories_archive","content_history","durable_read_catalog | gateway_read","packages/shared/src/ofapi-read-catalog.ts:266 | apps/runtime/src/services/ofapi-read-gateway.ts:179","apps/runtime/src/services/ofapi-collection-read-transport.ts","apps/runtime/src/services/canonicalize/ofapi-read-collections.ts | apps/runtime/src/services/projections/ofapi-read-snapshots.ts","apps/dashboard/src/pages/settings/OfapiStoredReads.tsx | Desktop generated SDK read gateway","tests/ofapi-read-collections.integration.test.ts | tests/ofapi-read-gateway.test.ts","limit | marker","limit | marker","","https://docs.onlyfansapi.com/api-reference/stories/list-story-archive"
"GET","/api/{account}/stories/{story_id}/stats","Get Story Stats","Stories","implemented_scoped","not_implemented","story_stats:<id>","content_history","durable_read_catalog | gateway_read","packages/shared/src/ofapi-read-catalog.ts:292 | apps/runtime/src/services/ofapi-read-gateway.ts:179","apps/runtime/src/services/ofapi-collection-read-transport.ts","apps/runtime/src/services/canonicalize/ofapi-read-collections.ts | apps/runtime/src/services/projections/ofapi-read-snapshots.ts","apps/dashboard/src/pages/settings/OfapiStoredReads.tsx | Desktop generated SDK read gateway","tests/ofapi-read-collections.integration.test.ts | tests/ofapi-read-gateway.test.ts","","","","https://docs.onlyfansapi.com/api-reference/stories/get-story-stats"
"GET","/api/{account}/stories/{story_id}/viewers","List Story Viewers","Stories","implemented_scoped","not_implemented","story_viewers:<id>","content_history","durable_read_catalog | gateway_read","packages/shared/src/ofapi-read-catalog.ts:301 | apps/runtime/src/services/ofapi-read-gateway.ts:179","apps/runtime/src/services/ofapi-collection-read-transport.ts","apps/runtime/src/services/canonicalize/ofapi-read-collections.ts | apps/runtime/src/services/projections/ofapi-read-snapshots.ts","apps/dashboard/src/pages/settings/OfapiStoredReads.tsx | Desktop generated SDK read gateway","tests/ofapi-read-collections.integration.test.ts | tests/ofapi-read-gateway.test.ts","limit | offset","limit | offset","","https://docs.onlyfansapi.com/api-reference/stories/list-story-viewers"
"POST","/api/{account}/stories/{story_id}/mark-as-watched","Mark Story as Watched","Stories","excluded_by_plan","not_implemented","","","","","","","","","","","Publishing, campaign writes and moderation are optional S11b, excluded from this read release.","https://docs.onlyfansapi.com/api-reference/stories/mark-story-as-watched"
"GET","/api/{account}/stories","List Active Stories","Stories","implemented_scoped","not_implemented","stories","content_history","durable_read_catalog | gateway_read","packages/shared/src/ofapi-read-catalog.ts:257 | apps/runtime/src/services/ofapi-read-gateway.ts:179","apps/runtime/src/services/ofapi-collection-read-transport.ts","apps/runtime/src/services/canonicalize/ofapi-read-collections.ts | apps/runtime/src/services/projections/ofapi-read-snapshots.ts","apps/dashboard/src/pages/settings/OfapiStoredReads.tsx | Desktop generated SDK read gateway","tests/ofapi-read-collections.integration.test.ts | tests/ofapi-read-gateway.test.ts","","","","https://docs.onlyfansapi.com/api-reference/stories/list-active-stories"
"POST","/api/{account}/stories","Add to Story","Stories","excluded_by_plan","not_implemented","","","","","","","","","","","Publishing, campaign writes and moderation are optional S11b, excluded from this read release.","https://docs.onlyfansapi.com/api-reference/stories/add-to-story"
"GET","/api/{account}/stories/{story_id}","Show Story","Stories","implemented_scoped","not_implemented","story:<id>","content_history","durable_read_catalog | gateway_read","packages/shared/src/ofapi-read-catalog.ts:291 | apps/runtime/src/services/ofapi-read-gateway.ts:179","apps/runtime/src/services/ofapi-collection-read-transport.ts","apps/runtime/src/services/canonicalize/ofapi-read-collections.ts | apps/runtime/src/services/projections/ofapi-read-snapshots.ts","apps/dashboard/src/pages/settings/OfapiStoredReads.tsx | Desktop generated SDK read gateway","tests/ofapi-read-collections.integration.test.ts | tests/ofapi-read-gateway.test.ts","","","","https://docs.onlyfansapi.com/api-reference/stories/show-story"
"DELETE","/api/{account}/stories/{story_id}","Delete Story","Stories","excluded_by_plan","not_implemented","","","","","","","","","","","Publishing, campaign writes and moderation are optional S11b, excluded from this read release.","https://docs.onlyfansapi.com/api-reference/stories/delete-story"
"GET","/api/{account}/stories/highlights","List Story Highlights","Story Highlights","implemented_scoped","not_implemented","highlights","content_history","durable_read_catalog | gateway_read","packages/shared/src/ofapi-read-catalog.ts:275 | apps/runtime/src/services/ofapi-read-gateway.ts:179","apps/runtime/src/services/ofapi-collection-read-transport.ts","apps/runtime/src/services/canonicalize/ofapi-read-collections.ts | apps/runtime/src/services/projections/ofapi-read-snapshots.ts","apps/dashboard/src/pages/settings/OfapiStoredReads.tsx | Desktop generated SDK read gateway","tests/ofapi-read-collections.integration.test.ts | tests/ofapi-read-gateway.test.ts","limit | offset","limit | offset","","https://docs.onlyfansapi.com/api-reference/story-highlights/list-story-highlights"
"POST","/api/{account}/stories/highlights","Create Story Highlight","Story Highlights","excluded_by_plan","not_implemented","","","","","","","","","","","Publishing, campaign writes and moderation are optional S11b, excluded from this read release.","https://docs.onlyfansapi.com/api-reference/story-highlights/create-story-highlight"
"GET","/api/{account}/stories/highlights/{highlight_id}","Show Story Highlight","Story Highlights","implemented_scoped","not_implemented","highlight:<id>","content_history","durable_read_catalog | gateway_read","packages/shared/src/ofapi-read-catalog.ts:284 | apps/runtime/src/services/ofapi-read-gateway.ts:179","apps/runtime/src/services/ofapi-collection-read-transport.ts","apps/runtime/src/services/canonicalize/ofapi-read-collections.ts | apps/runtime/src/services/projections/ofapi-read-snapshots.ts","apps/dashboard/src/pages/settings/OfapiStoredReads.tsx | Desktop generated SDK read gateway","tests/ofapi-read-collections.integration.test.ts | tests/ofapi-read-gateway.test.ts","","","","https://docs.onlyfansapi.com/api-reference/story-highlights/show-story-highlight"
"PUT","/api/{account}/stories/highlights/{highlight_id}","Update Story Highlight","Story Highlights","excluded_by_plan","not_implemented","","","","","","","","","","","Publishing, campaign writes and moderation are optional S11b, excluded from this read release.","https://docs.onlyfansapi.com/api-reference/story-highlights/update-story-highlight"
"DELETE","/api/{account}/stories/highlights/{highlight_id}","Delete Story Highlight","Story Highlights","excluded_by_plan","not_implemented","","","","","","","","","","","Publishing, campaign writes and moderation are optional S11b, excluded from this read release.","https://docs.onlyfansapi.com/api-reference/story-highlights/delete-story-highlight"
"PATCH","/api/{account}/stories/highlights/{highlight_id}/{story_id}","Add Story to Highlight","Story Highlights","excluded_by_plan","not_implemented","","","","","","","","","","","Publishing, campaign writes and moderation are optional S11b, excluded from this read release.","https://docs.onlyfansapi.com/api-reference/story-highlights/add-story-to-highlight"
"DELETE","/api/{account}/stories/highlights/{highlight_id}/{story_id}","Remove Story from Highlight","Story Highlights","excluded_by_plan","not_implemented","","","","","","","","","","","Publishing, campaign writes and moderation are optional S11b, excluded from this read release.","https://docs.onlyfansapi.com/api-reference/story-highlights/remove-story-from-highlight"
"GET","/api/{account}/bundles","List Bundles","Subscription Bundles","excluded_by_plan","not_implemented","","","","","","","","","","","Legacy promotion/link creation or mutation is workflow-conditional and deferred after read/attribution (S9/S12).","https://docs.onlyfansapi.com/api-reference/subscription-bundles/list-bundles"
"POST","/api/{account}/bundles","Create Bundle","Subscription Bundles","excluded_by_plan","not_implemented","","","","","","","","","discount | duration","","Legacy promotion/link creation or mutation is workflow-conditional and deferred after read/attribution (S9/S12).","https://docs.onlyfansapi.com/api-reference/subscription-bundles/create-bundle"
"DELETE","/api/{account}/bundles/{bundle_id}","Delete Bundle","Subscription Bundles","excluded_by_plan","not_implemented","","","","","","","","","","","Legacy promotion/link creation or mutation is workflow-conditional and deferred after read/attribution (S9/S12).","https://docs.onlyfansapi.com/api-reference/subscription-bundles/delete-bundle"
"GET","/api/{account}/tracking-links/{tracking_link_id}/subscribers","List Tracking Link Subscribers","Tracking Links","implemented_scoped","implemented_scoped","tracking_link_subscribers:<id>","tracking_links","capture_or_typed_read | durable_read_catalog","apps/runtime/src/services/ofapi.ts:2132 | packages/shared/src/ofapi-read-catalog.ts:431","apps/runtime/src/services/ofapi-collection-read-transport.ts","apps/runtime/src/services/canonicalize/ofapi-read-collections.ts | apps/runtime/src/services/projections/ofapi-read-snapshots.ts","apps/dashboard/src/pages/OfapiMarketing.tsx","tests/ofapi-smart-links.integration.test.ts","limit | offset","limit | offset","","https://docs.onlyfansapi.com/api-reference/tracking-links/list-tracking-link-subscribers"
"GET","/api/{account}/tracking-links/{tracking_link_id}/spenders","List Tracking Link Spenders","Tracking Links","implemented_scoped","implemented_scoped","tracking_link_spenders:<id>","tracking_links","capture_or_typed_read | durable_read_catalog | gateway_read","apps/runtime/src/services/ofapi.ts:2132 | packages/shared/src/ofapi-read-catalog.ts:432 | apps/runtime/src/services/ofapi-read-gateway.ts:179","apps/runtime/src/services/ofapi-collection-read-transport.ts","apps/runtime/src/services/canonicalize/ofapi-read-collections.ts | apps/runtime/src/services/projections/ofapi-read-snapshots.ts","apps/dashboard/src/pages/OfapiMarketing.tsx | Desktop generated SDK read gateway","tests/ofapi-smart-links.integration.test.ts | tests/ofapi-read-gateway.test.ts","limit | offset | minSpend","limit | offset | minSpend","","https://docs.onlyfansapi.com/api-reference/tracking-links/list-tracking-link-spenders"
"GET","/api/{account}/tracking-links/{tracking_link_id}/stats","Get Tracking Link Stats","Tracking Links","implemented_scoped","not_implemented","tracking_link_stats:<id>","tracking_links","durable_read_catalog | gateway_read","packages/shared/src/ofapi-read-catalog.ts:433 | apps/runtime/src/services/ofapi-read-gateway.ts:179","apps/runtime/src/services/ofapi-collection-read-transport.ts","apps/runtime/src/services/canonicalize/ofapi-read-collections.ts | apps/runtime/src/services/projections/ofapi-read-snapshots.ts","apps/dashboard/src/pages/OfapiMarketing.tsx | Desktop generated SDK read gateway","tests/ofapi-smart-links.integration.test.ts | tests/ofapi-read-gateway.test.ts","date_start | date_end","date_start | date_end","","https://docs.onlyfansapi.com/api-reference/tracking-links/get-tracking-link-stats"
"GET","/api/{account}/tracking-links/{tracking_link_id}/cohort-arps","Get Tracking Link Cohort ARPS","Tracking Links","implemented_scoped","not_implemented","tracking_link_cohort_arps:<id>","tracking_links","durable_read_catalog | gateway_read","packages/shared/src/ofapi-read-catalog.ts:434 | apps/runtime/src/services/ofapi-read-gateway.ts:179","apps/runtime/src/services/ofapi-collection-read-transport.ts","apps/runtime/src/services/canonicalize/ofapi-read-collections.ts | apps/runtime/src/services/projections/ofapi-read-snapshots.ts","apps/dashboard/src/pages/OfapiMarketing.tsx | Desktop generated SDK read gateway","tests/ofapi-smart-links.integration.test.ts | tests/ofapi-read-gateway.test.ts","acquisition_start | acquisition_end | revenue_basis","acquisition_start | acquisition_end | revenue_basis","","https://docs.onlyfansapi.com/api-reference/tracking-links/get-tracking-link-cohort-arps"
"GET","/api/{account}/tracking-links/{tracking_link_id}/tags","List Tracking Link Tags","Tracking Links","implemented_scoped","not_implemented","tracking_link_tags:<id>","tracking_links","durable_read_catalog | gateway_read","packages/shared/src/ofapi-read-catalog.ts:430 | apps/runtime/src/services/ofapi-read-gateway.ts:179","apps/runtime/src/services/ofapi-collection-read-transport.ts","apps/runtime/src/services/canonicalize/ofapi-read-collections.ts | apps/runtime/src/services/projections/ofapi-read-snapshots.ts","apps/dashboard/src/pages/OfapiMarketing.tsx | Desktop generated SDK read gateway","tests/ofapi-smart-links.integration.test.ts | tests/ofapi-read-gateway.test.ts","","","","https://docs.onlyfansapi.com/api-reference/tracking-links/list-tracking-link-tags"
"POST","/api/{account}/tracking-links/{tracking_link_id}/tags","Add Tracking Link Tags","Tracking Links","excluded_by_plan","not_implemented","","","","","","","","","","","Legacy promotion/link creation or mutation is workflow-conditional and deferred after read/attribution (S9/S12).","https://docs.onlyfansapi.com/api-reference/tracking-links/add-tracking-link-tags"
"DELETE","/api/{account}/tracking-links/{tracking_link_id}/tags","Remove Tracking Link Tags","Tracking Links","excluded_by_plan","not_implemented","","","","","","","","","","","Legacy promotion/link creation or mutation is workflow-conditional and deferred after read/attribution (S9/S12).","https://docs.onlyfansapi.com/api-reference/tracking-links/remove-tracking-link-tags"
"GET","/api/{account}/tracking-links","List Tracking Links","Tracking Links","implemented_scoped","implemented_scoped","","","capture_or_typed_read","apps/runtime/src/services/ofapi.ts:2116","apps/runtime/src/services/ofapi-capture-transport.ts","apps/runtime/src/services/canonicalize/sync-pull.ts | apps/runtime/src/services/projections/registry.ts","apps/runtime/src/services/ofapi-link-stats-sync.ts","tests/ofapi-link-stats-sync.integration.test.ts","startDate | endDate | with_deleted | sortby | sort | limit | offset | pagination | synchronous","limit | offset","","https://docs.onlyfansapi.com/api-reference/tracking-links/list-tracking-links"
"POST","/api/{account}/tracking-links","Create Tracking Link","Tracking Links","excluded_by_plan","not_implemented","","","","","","","","","","","Legacy promotion/link creation or mutation is workflow-conditional and deferred after read/attribution (S9/S12).","https://docs.onlyfansapi.com/api-reference/tracking-links/create-tracking-link"
"GET","/api/{account}/tracking-links/{tracking_link_id}","Get Tracking Link","Tracking Links","implemented_scoped","not_implemented","tracking_link:<id>","tracking_links","durable_read_catalog | gateway_read","packages/shared/src/ofapi-read-catalog.ts:429 | apps/runtime/src/services/ofapi-read-gateway.ts:179","apps/runtime/src/services/ofapi-collection-read-transport.ts","apps/runtime/src/services/canonicalize/ofapi-read-collections.ts | apps/runtime/src/services/projections/ofapi-read-snapshots.ts","apps/dashboard/src/pages/OfapiMarketing.tsx | Desktop generated SDK read gateway","tests/ofapi-smart-links.integration.test.ts | tests/ofapi-read-gateway.test.ts","","","","https://docs.onlyfansapi.com/api-reference/tracking-links/get-tracking-link"
"DELETE","/api/{account}/tracking-links/{tracking_link_id}","Delete Tracking Link","Tracking Links","excluded_by_plan","not_implemented","","","","","","","","","","","Legacy promotion/link creation or mutation is workflow-conditional and deferred after read/attribution (S9/S12).","https://docs.onlyfansapi.com/api-reference/tracking-links/delete-tracking-link"
"GET","/api/{account}/transactions","List Transactions","Transactions","implemented_scoped","implemented_scoped","","","capture_or_typed_read | gateway_read","apps/runtime/src/services/ofapi.ts:2068 | apps/runtime/src/services/ofapi-read-gateway.ts:291","apps/runtime/src/services/ofapi-capture-transport.ts | apps/runtime/src/services/ofapi-read-gateway-capture.ts","apps/runtime/src/services/canonicalize/index.ts (registered legacy read families); Desktop response consumer","Desktop generated SDK read gateway","tests/ofapi-read-gateway.test.ts","limit | startDate | marker | type | tipsSource","limit | startDate | marker","","https://docs.onlyfansapi.com/api-reference/transactions/list-transactions"
"GET","/api/usage/credits","Get Credit Usage","Usage","implemented_scoped","implemented_scoped","","","typed_transport","apps/runtime/src/services/ofapi.ts:1939 | apps/runtime/src/services/ofapi.ts:2213","apps/runtime/src/services/ofapi-credential-policy.ts","apps/runtime/src/services/ofapi-vendor-usage.ts | apps/runtime/src/services/ofapi-account-health.ts (administrative diagnostics)","Owner collection credit/key/account diagnostics","tests/ofapi-vendor-usage.integration.test.ts","from | to | group_by | account_id | include_today","","","https://docs.onlyfansapi.com/api-reference/usage/get-credit-usage"
"GET","/api/{account}/user-lists","List User Lists","User List Collections","implemented_scoped","implemented_scoped","user_lists","profile_notifications","durable_read_catalog | gateway_read","packages/shared/src/ofapi-read-catalog.ts:53 | apps/runtime/src/services/ofapi-read-gateway.ts:318","apps/runtime/src/services/ofapi-collection-read-transport.ts","apps/runtime/src/services/canonicalize/ofapi-read-collections.ts | apps/runtime/src/services/projections/ofapi-read-snapshots.ts","apps/dashboard/src/pages/settings/OfapiStoredReads.tsx | Desktop generated SDK read gateway","tests/ofapi-read-collections.integration.test.ts | tests/ofapi-read-gateway.test.ts","limit | offset | view","limit | offset | view","","https://docs.onlyfansapi.com/api-reference/user-list-collections/list-user-lists"
"POST","/api/{account}/user-lists","Create User List","User List Collections","excluded_by_plan","not_implemented","","","","","","","","","","","Unselected moderation/list/vault/subscription mutations are excluded; selected S6 commands are separately implemented.","https://docs.onlyfansapi.com/api-reference/user-list-collections/create-user-list"
"GET","/api/{account}/user-lists/{userListId}","Get User List","User List Collections","implemented_scoped","not_implemented","user_list:<id>","profile_notifications","durable_read_catalog | gateway_read","packages/shared/src/ofapi-read-catalog.ts:58 | apps/runtime/src/services/ofapi-read-gateway.ts:179","apps/runtime/src/services/ofapi-collection-read-transport.ts","apps/runtime/src/services/canonicalize/ofapi-read-collections.ts | apps/runtime/src/services/projections/ofapi-read-snapshots.ts","apps/dashboard/src/pages/settings/OfapiStoredReads.tsx | Desktop generated SDK read gateway","tests/ofapi-read-collections.integration.test.ts | tests/ofapi-read-gateway.test.ts","","","","https://docs.onlyfansapi.com/api-reference/user-list-collections/get-user-list"
"PUT","/api/{account}/user-lists/{userListId}","Update User List","User List Collections","excluded_by_plan","not_implemented","","","","","","","","","","","Unselected moderation/list/vault/subscription mutations are excluded; selected S6 commands are separately implemented.","https://docs.onlyfansapi.com/api-reference/user-list-collections/update-user-list"
"DELETE","/api/{account}/user-lists/{userListId}","Delete User List","User List Collections","excluded_by_plan","not_implemented","","","","","","","","","","","Unselected moderation/list/vault/subscription mutations are excluded; selected S6 commands are separately implemented.","https://docs.onlyfansapi.com/api-reference/user-list-collections/delete-user-list"
"GET","/api/{account}/user-lists/{userListId}/users","List User List Users","User List Collections","implemented_scoped","implemented_scoped","user_list_users:<id>","profile_notifications","durable_read_catalog | gateway_read","packages/shared/src/ofapi-read-catalog.ts:65 | apps/runtime/src/services/ofapi-read-gateway.ts:329","apps/runtime/src/services/ofapi-collection-read-transport.ts","apps/runtime/src/services/canonicalize/ofapi-read-collections.ts | apps/runtime/src/services/projections/ofapi-read-snapshots.ts","apps/dashboard/src/pages/settings/OfapiStoredReads.tsx | Desktop generated SDK read gateway","tests/ofapi-read-collections.integration.test.ts | tests/ofapi-read-gateway.test.ts","limit | offset","limit | offset","","https://docs.onlyfansapi.com/api-reference/user-list-collections/list-user-list-users"
"POST","/api/{account}/user-lists/{userListId}/users","Add Users to User List","User List Collections","excluded_by_plan","not_implemented","","","","","","","","","","","Unselected moderation/list/vault/subscription mutations are excluded; selected S6 commands are separately implemented.","https://docs.onlyfansapi.com/api-reference/user-list-collections/add-users-to-user-list"
"DELETE","/api/{account}/user-lists/{userListId}/users","Clear User List","User List Collections","excluded_by_plan","not_implemented","","","","","","","","","","","Unselected moderation/list/vault/subscription mutations are excluded; selected S6 commands are separately implemented.","https://docs.onlyfansapi.com/api-reference/user-list-collections/clear-user-list"
"GET","/api/{account}/user-lists/{userListId}/users/pinned","List Pinned Users in User List","User List Collections","implemented_scoped","not_implemented","user_list_pinned_users:<id>","profile_notifications","durable_read_catalog | gateway_read","packages/shared/src/ofapi-read-catalog.ts:73 | apps/runtime/src/services/ofapi-read-gateway.ts:179","apps/runtime/src/services/ofapi-collection-read-transport.ts","apps/runtime/src/services/canonicalize/ofapi-read-collections.ts | apps/runtime/src/services/projections/ofapi-read-snapshots.ts","apps/dashboard/src/pages/settings/OfapiStoredReads.tsx | Desktop generated SDK read gateway","tests/ofapi-read-collections.integration.test.ts | tests/ofapi-read-gateway.test.ts","limit | offset","limit | offset","","https://docs.onlyfansapi.com/api-reference/user-list-collections/list-pinned-users-in-user-list"
"DELETE","/api/{account}/user-lists/{userListId}/users/{userId}","Remove User from a User List","User List Collections","excluded_by_plan","not_implemented","","","","","","","","","","","Unselected moderation/list/vault/subscription mutations are excluded; selected S6 commands are separately implemented.","https://docs.onlyfansapi.com/api-reference/user-list-collections/remove-user-from-a-user-list"
"POST","/api/{account}/user-lists/{userListId}/users/{userId}/pin","Pin/Unpin User in User List","User List Collections","excluded_by_plan","not_implemented","","","","","","","","","","","Unselected moderation/list/vault/subscription mutations are excluded; selected S6 commands are separately implemented.","https://docs.onlyfansapi.com/api-reference/user-list-collections/pin-unpin-user-in-user-list"
"GET","/api/{account}/users/list","Mass-List User Details","Users","implemented_scoped","implemented_scoped","","","gateway_read","apps/runtime/src/services/ofapi-read-gateway.ts:271","apps/runtime/src/services/ofapi-capture-transport.ts | apps/runtime/src/services/ofapi-read-gateway-capture.ts","apps/runtime/src/services/canonicalize/index.ts (registered legacy read families); Desktop response consumer","Desktop generated SDK read gateway","tests/ofapi-read-gateway.test.ts","ids","","","https://docs.onlyfansapi.com/api-reference/users/mass-list-user-details"
"GET","/api/{account}/users/{username}","Get User Details","Users","implemented_scoped","implemented_scoped","","","gateway_read","apps/runtime/src/services/ofapi-read-gateway.ts:280","apps/runtime/src/services/ofapi-capture-transport.ts | apps/runtime/src/services/ofapi-read-gateway-capture.ts","apps/runtime/src/services/canonicalize/index.ts (registered legacy read families); Desktop response consumer","Desktop generated SDK read gateway","tests/ofapi-read-gateway.test.ts","","","","https://docs.onlyfansapi.com/api-reference/users/get-user-details"
"POST","/api/{account}/users/{user_id}/restrict","Restrict User","Users","excluded_by_plan","not_implemented","","","","","","","","","","","Unselected moderation/list/vault/subscription mutations are excluded; selected S6 commands are separately implemented.","https://docs.onlyfansapi.com/api-reference/users/restrict-user"
"DELETE","/api/{account}/users/{user_id}/restrict","Unrestrict User","Users","excluded_by_plan","not_implemented","","","","","","","","","","","Unselected moderation/list/vault/subscription mutations are excluded; selected S6 commands are separately implemented.","https://docs.onlyfansapi.com/api-reference/users/unrestrict-user"
"POST","/api/{account}/users/{user_id}/block","Block User","Users","excluded_by_plan","not_implemented","","","","","","","","","","","Unselected moderation/list/vault/subscription mutations are excluded; selected S6 commands are separately implemented.","https://docs.onlyfansapi.com/api-reference/users/block-user"
"DELETE","/api/{account}/users/{user_id}/block","Unblock User","Users","excluded_by_plan","not_implemented","","","","","","","","","","","Unselected moderation/list/vault/subscription mutations are excluded; selected S6 commands are separately implemented.","https://docs.onlyfansapi.com/api-reference/users/unblock-user"
"POST","/api/{account}/users/{user_id}/subscribe","Subscribe to User","Users","excluded_by_plan","not_implemented","","","","","","","","","","","Unselected moderation/list/vault/subscription mutations are excluded; selected S6 commands are separately implemented.","https://docs.onlyfansapi.com/api-reference/users/subscribe-to-user"
"DELETE","/api/{account}/users/{user_id}/subscribe","Unsubscribe from User","Users","excluded_by_plan","not_implemented","","","","","","","","","","","Unselected moderation/list/vault/subscription mutations are excluded; selected S6 commands are separately implemented.","https://docs.onlyfansapi.com/api-reference/users/unsubscribe-from-user"
"GET","/api/webhooks/events","List Available Events","Webhooks","implemented_scoped","not_implemented","","","typed_transport","apps/runtime/src/services/ofapi.ts:1955","apps/runtime/src/services/ofapi-credential-policy.ts","apps/runtime/src/services/ofapi-webhook-event-catalog.ts (control-plane projection on read)","Owner webhook inventory/history/redelivery controls","tests/ofapi-webhook-recovery.integration.test.ts","","","","https://docs.onlyfansapi.com/api-reference/webhooks/list-available-events"
"GET","/api/webhooks/{webhook_id}/deliveries","List Webhook Deliveries","Webhooks","implemented_scoped","not_implemented","","","typed_transport","apps/runtime/src/services/ofapi.ts:1965","apps/runtime/src/services/ofapi-credential-policy.ts","apps/runtime/src/services/ofapi-webhook-recovery.ts | apps/runtime/src/services/ofapi-webhooks.ts (administrative state)","Owner webhook inventory/history/redelivery controls","tests/ofapi-webhook-recovery.integration.test.ts","date_start | date_end | event | succeeded | limit | offset","","","https://docs.onlyfansapi.com/api-reference/webhooks/list-webhook-deliveries"
"POST","/api/webhooks/{webhook_id}/deliveries/{delivery_id}/redeliver","Redeliver Webhook Delivery","Webhooks","implemented_scoped","not_implemented","","","typed_transport","apps/runtime/src/services/ofapi.ts:1968","apps/runtime/src/services/ofapi-credential-policy.ts","apps/runtime/src/services/ofapi-webhook-recovery.ts | apps/runtime/src/services/ofapi-webhooks.ts (administrative state)","Owner webhook inventory/history/redelivery controls","tests/ofapi-webhook-recovery.integration.test.ts","","","","https://docs.onlyfansapi.com/api-reference/webhooks/redeliver-webhook-delivery"
"GET","/api/webhooks","List Webhooks","Webhooks","implemented_scoped","implemented_scoped","","","typed_transport","apps/runtime/src/services/ofapi.ts:1958","apps/runtime/src/services/ofapi-credential-policy.ts","apps/runtime/src/services/ofapi-webhook-recovery.ts | apps/runtime/src/services/ofapi-webhooks.ts (administrative state)","Owner webhook inventory/history/redelivery controls","tests/ofapi-webhook-recovery.integration.test.ts","","","","https://docs.onlyfansapi.com/api-reference/webhooks/list-webhooks"
"POST","/api/webhooks","Create Webhook","Webhooks","implemented_scoped","implemented_scoped","","","typed_transport","apps/runtime/src/services/ofapi.ts:1971","apps/runtime/src/services/ofapi-credential-policy.ts","apps/runtime/src/services/ofapi-webhook-recovery.ts | apps/runtime/src/services/ofapi-webhooks.ts (administrative state)","Owner webhook inventory/history/redelivery controls","tests/ofapi-webhook-recovery.integration.test.ts","","","","https://docs.onlyfansapi.com/api-reference/webhooks/create-webhook"
"GET","/api/webhooks/{webhook_id}","Show Webhook","Webhooks","implemented_scoped","implemented_scoped","","","typed_transport","apps/runtime/src/services/ofapi.ts:1945","apps/runtime/src/services/ofapi-credential-policy.ts","apps/runtime/src/services/ofapi-webhook-recovery.ts | apps/runtime/src/services/ofapi-webhooks.ts (administrative state)","Owner webhook inventory/history/redelivery controls","tests/ofapi-webhook-recovery.integration.test.ts","","","","https://docs.onlyfansapi.com/api-reference/webhooks/show-webhook"
"PUT","/api/webhooks/{webhook_id}","Update Webhook","Webhooks","implemented_scoped","implemented_scoped","","","typed_transport","apps/runtime/src/services/ofapi.ts:1980","apps/runtime/src/services/ofapi-credential-policy.ts","apps/runtime/src/services/ofapi-webhook-recovery.ts | apps/runtime/src/services/ofapi-webhooks.ts (administrative state)","Owner webhook inventory/history/redelivery controls","tests/ofapi-webhook-recovery.integration.test.ts","","","","https://docs.onlyfansapi.com/api-reference/webhooks/update-webhook"
"DELETE","/api/webhooks/{webhook_id}","Delete Webhook","Webhooks","excluded_by_plan","not_implemented","","","","","","","","","","","Webhook deletion is outside the named S3 inventory/history/redelivery and scoped registration update operations.","https://docs.onlyfansapi.com/api-reference/webhooks/delete-webhook"
