method,path,operation_id,summary,baseline_status,target_status,batch,action,source_commit,source_evidence,regression,activation,exclusion_group,exclusion_reason,docs_url
GET,/api/whoami,whoami,Whoami,implemented_scoped,baseline_implemented,,,41679950c9926bf4137d9002b54a52015fa42740,apps/runtime/src/services/ofapi.ts:813,tests/ofapi-vendor-usage.integration.test.ts,baseline_policy_unchanged,,,https://docs.onlyfansapi.com/api-reference/api-keys/whoami
GET,/api/accounts,listAccounts,List Accounts,implemented_scoped,baseline_implemented,,,41679950c9926bf4137d9002b54a52015fa42740,apps/runtime/src/services/ofapi.ts:1989 | apps/runtime/src/services/ofapi.ts:1993,tests/ofapi-vendor-usage.integration.test.ts,baseline_policy_unchanged,,,https://docs.onlyfansapi.com/api-reference/account/list-accounts
DELETE,/api/accounts/{id},disconnectAccount,Disconnect Account,excluded_by_plan,excluded,,,41679950c9926bf4137d9002b54a52015fa42740,,,excluded,Account connection,"Separate connection, credential and 2FA lifecycle; not added to the selected account-settings action screen. The accounts.disconnected event consumer is already covered.",https://docs.onlyfansapi.com/api-reference/account/disconnect-account
GET,/api/{account}/me,getCurrentAccount,Get Current Account,implemented_scoped,baseline_implemented,,,41679950c9926bf4137d9002b54a52015fa42740,packages/shared/src/ofapi-read-catalog.ts:90 | apps/runtime/src/services/ofapi-read-gateway.ts:179,tests/ofapi-read-collections.integration.test.ts | tests/ofapi-read-gateway.test.ts,baseline_policy_unchanged,,,https://docs.onlyfansapi.com/api-reference/account/get-current-account
GET,/api/{account}/me/model-start-date,getModelStartDate,Get Model Start Date,excluded_by_plan,excluded,,,41679950c9926bf4137d9002b54a52015fa42740,,,excluded,Adjacent analytics,Optional provider aggregates/forecast and extra account metrics remain unselected; existing transaction facts and selected financial snapshots remain the consumer.,https://docs.onlyfansapi.com/api-reference/account/get-model-start-date
GET,/api/{account}/me/top-percentage,getTopPercentage,Get Top Percentage,excluded_by_plan,excluded,,,41679950c9926bf4137d9002b54a52015fa42740,,,excluded,Adjacent analytics,Optional provider aggregates/forecast and extra account metrics remain unselected; existing transaction facts and selected financial snapshots remain the consumer.,https://docs.onlyfansapi.com/api-reference/account/get-top-percentage
POST,/api/analytics/financial/transactions/summary,getTransactionSummary,Get Transaction Summary,excluded_by_plan,excluded,,,41679950c9926bf4137d9002b54a52015fa42740,,,excluded,Adjacent analytics,Optional provider aggregates/forecast and extra account metrics remain unselected; existing transaction facts and selected financial snapshots remain the consumer.,https://docs.onlyfansapi.com/api-reference/analytics-financial/get-transaction-summary
POST,/api/analytics/financial/transactions/by-type,getTransactionsByType,Get Transactions By Type,excluded_by_plan,excluded,,,41679950c9926bf4137d9002b54a52015fa42740,,,excluded,Adjacent analytics,Optional provider aggregates/forecast and extra account metrics remain unselected; existing transaction facts and selected financial snapshots remain the consumer.,https://docs.onlyfansapi.com/api-reference/analytics-financial/get-transactions-by-type
POST,/api/analytics/financial/forecast,getRevenueForecast,Get Revenue Forecast,excluded_by_plan,excluded,,,41679950c9926bf4137d9002b54a52015fa42740,,,excluded,Adjacent analytics,Optional provider aggregates/forecast and extra account metrics remain unselected; existing transaction facts and selected financial snapshots remain the consumer.,https://docs.onlyfansapi.com/api-reference/analytics-financial/get-revenue-forecast
POST,/api/analytics/financial/profitability,getProfitability,Get Profitability,excluded_by_plan,excluded,,,41679950c9926bf4137d9002b54a52015fa42740,,,excluded,Adjacent analytics,Optional provider aggregates/forecast and extra account metrics remain unselected; existing transaction facts and selected financial snapshots remain the consumer.,https://docs.onlyfansapi.com/api-reference/analytics-financial/get-profitability
GET,/api/analytics/financial/profitability/{account}/history,getProfitabilityHistory,Get Profitability History,excluded_by_plan,excluded,,,41679950c9926bf4137d9002b54a52015fa42740,,,excluded,Adjacent analytics,Optional provider aggregates/forecast and extra account metrics remain unselected; existing transaction facts and selected financial snapshots remain the consumer.,https://docs.onlyfansapi.com/api-reference/analytics-financial/get-profitability-history
POST,/api/analytics/summary/earnings,getEarningsOverview,Get Earnings Overview,excluded_by_plan,excluded,,,41679950c9926bf4137d9002b54a52015fa42740,,,excluded,Adjacent analytics,Optional provider aggregates/forecast and extra account metrics remain unselected; existing transaction facts and selected financial snapshots remain the consumer.,https://docs.onlyfansapi.com/api-reference/analytics-summary/get-earnings-overview
POST,/api/analytics/summary/historical,getHistoricalPerformance,Get Historical Performance,excluded_by_plan,excluded,,,41679950c9926bf4137d9002b54a52015fa42740,,,excluded,Adjacent analytics,Optional provider aggregates/forecast and extra account metrics remain unselected; existing transaction facts and selected financial snapshots remain the consumer.,https://docs.onlyfansapi.com/api-reference/analytics-summary/get-historical-performance
POST,/api/analytics/summary/comparison,getPeriodComparison,Get Period Comparison,excluded_by_plan,excluded,,,41679950c9926bf4137d9002b54a52015fa42740,,,excluded,Adjacent analytics,Optional provider aggregates/forecast and extra account metrics remain unselected; existing transaction facts and selected financial snapshots remain the consumer.,https://docs.onlyfansapi.com/api-reference/analytics-summary/get-period-comparison
GET,/api/{account}/banking/details/bank,getBankPayoutDetails,Get Bank Payout Details,excluded_by_plan,target_added,account,bank_payout_details_read,8b6b04c35c3c6e148283a518328fd82185b428d3,apps/runtime/src/services/ofapi-actions-account.ts:7,tests/ofapi-actions-account.test.ts,explicit_owner_action,,,https://docs.onlyfansapi.com/api-reference/banking/get-bank-payout-details
GET,/api/{account}/banking/details/legal-form,getLegalFormDetails,Get Legal Form Details,excluded_by_plan,target_added,account,bank_legal_form_read,8b6b04c35c3c6e148283a518328fd82185b428d3,apps/runtime/src/services/ofapi-actions-account.ts:7,tests/ofapi-actions-account.test.ts,explicit_owner_action,,,https://docs.onlyfansapi.com/api-reference/banking/get-legal-form-details
GET,/api/{account}/banking/details/legal-info,getLegalAndTaxStatus,Get Legal and Tax Status,excluded_by_plan,target_added,account,bank_legal_tax_status_read,8b6b04c35c3c6e148283a518328fd82185b428d3,apps/runtime/src/services/ofapi-actions-account.ts:8,tests/ofapi-actions-account.test.ts,explicit_owner_action,,,https://docs.onlyfansapi.com/api-reference/banking/get-legal-and-tax-status
GET,/api/{account}/banking/details/dac7-form,getDAC7FormDetails,Get DAC7 Form Details,excluded_by_plan,target_added,account,bank_dac7_form_read,8b6b04c35c3c6e148283a518328fd82185b428d3,apps/runtime/src/services/ofapi-actions-account.ts:8,tests/ofapi-actions-account.test.ts,explicit_owner_action,,,https://docs.onlyfansapi.com/api-reference/banking/get-dac7form-details
GET,/api/{account}/banking/details/account-country,getAccountCountryDetails,Get Account Country Details,excluded_by_plan,target_added,account,bank_account_country_read,8b6b04c35c3c6e148283a518328fd82185b428d3,apps/runtime/src/services/ofapi-actions-account.ts:9,tests/ofapi-actions-account.test.ts,explicit_owner_action,,,https://docs.onlyfansapi.com/api-reference/banking/get-account-country-details
GET,/api/{account}/banking/countries,listCountries,List Countries,excluded_by_plan,target_added,account,bank_countries_read,8b6b04c35c3c6e148283a518328fd82185b428d3,apps/runtime/src/services/ofapi-actions-account.ts:9,tests/ofapi-actions-account.test.ts,explicit_owner_action,,,https://docs.onlyfansapi.com/api-reference/banking/list-countries
GET,/api/{account}/banking/available-payout-systems,listAvailablePayoutSystems,List Available Payout Systems,excluded_by_plan,target_added,account,bank_payout_systems_read,8b6b04c35c3c6e148283a518328fd82185b428d3,apps/runtime/src/services/ofapi-actions-account.ts:10,tests/ofapi-actions-account.test.ts,explicit_owner_action,,,https://docs.onlyfansapi.com/api-reference/banking/list-available-payout-systems
GET,/api/banned-words,listBannedWords,List Banned Words,implemented_scoped,baseline_implemented,,,41679950c9926bf4137d9002b54a52015fa42740,apps/runtime/src/services/ofapi.ts:1933,tests/ofapi-command-composer.integration.test.ts,baseline_policy_unchanged,,,https://docs.onlyfansapi.com/api-reference/banned-words/list-banned-words
GET,/api/{account}/users/blocked,listBlockedUsers,List Blocked Users,implemented_scoped,baseline_implemented,,,41679950c9926bf4137d9002b54a52015fa42740,packages/shared/src/ofapi-read-catalog.ts:100 | apps/runtime/src/services/ofapi-read-gateway.ts:179,tests/ofapi-read-collections.integration.test.ts | tests/ofapi-read-gateway.test.ts,baseline_policy_unchanged,,,https://docs.onlyfansapi.com/api-reference/blocked-restricted-users/list-blocked-users
GET,/api/{account}/users/restricted,listRestrictedUsers,List Restricted Users,implemented_scoped,baseline_implemented,,,41679950c9926bf4137d9002b54a52015fa42740,packages/shared/src/ofapi-read-catalog.ts:100 | apps/runtime/src/services/ofapi-read-gateway.ts:179,tests/ofapi-read-collections.integration.test.ts | tests/ofapi-read-gateway.test.ts,baseline_policy_unchanged,,,https://docs.onlyfansapi.com/api-reference/blocked-restricted-users/list-restricted-users
GET,/api/{account}/chargebacks,listChargebacks,List Chargebacks,implemented_scoped,baseline_implemented,,,41679950c9926bf4137d9002b54a52015fa42740,apps/runtime/src/services/ofapi.ts:2093,tests/ofapi-chargebacks-sync.integration.test.ts,baseline_policy_unchanged,,,https://docs.onlyfansapi.com/api-reference/chargebacks/list-chargebacks
GET,/api/{account}/chargebacks/statistics,listChargebackStatistics,List Chargeback Statistics,excluded_by_plan,excluded,,,41679950c9926bf4137d9002b54a52015fa42740,,,excluded,Adjacent analytics,Optional provider aggregates/forecast and extra account metrics remain unselected; existing transaction facts and selected financial snapshots remain the consumer.,https://docs.onlyfansapi.com/api-reference/chargebacks/list-chargeback-statistics
GET,/api/{account}/chargebacks/ratio,calculateChargebackRatio,Calculate Chargeback Ratio,excluded_by_plan,excluded,,,41679950c9926bf4137d9002b54a52015fa42740,,,excluded,Adjacent analytics,Optional provider aggregates/forecast and extra account metrics remain unselected; existing transaction facts and selected financial snapshots remain the consumer.,https://docs.onlyfansapi.com/api-reference/chargebacks/calculate-chargeback-ratio
GET,/api/{account}/chats/{chat_id}/messages/{message_id},getSpecificChatMessage,Get Specific Chat Message,implemented_scoped,baseline_implemented,,,41679950c9926bf4137d9002b54a52015fa42740,apps/runtime/src/services/ofapi-read-gateway.ts:248,tests/ofapi-read-gateway.test.ts,baseline_policy_unchanged,,,https://docs.onlyfansapi.com/api-reference/chat-messages/get-specific-chat-message
DELETE,/api/{account}/chats/{chat_id}/messages/{message_id},deleteMessage,Delete Message,implemented_scoped,baseline_implemented,,,41679950c9926bf4137d9002b54a52015fa42740,apps/runtime/src/services/ofapi.ts:1674,tests/ofapi-command-outbox.integration.test.ts,baseline_policy_unchanged,,,https://docs.onlyfansapi.com/api-reference/chat-messages/delete-message
POST,/api/{account}/chats/{chat_id}/messages/{message_id}/pin,pinMessage,Pin Message,implemented_scoped,baseline_implemented,,,41679950c9926bf4137d9002b54a52015fa42740,apps/runtime/src/services/ofapi-command-composer.ts:21,tests/ofapi-command-composer.integration.test.ts,baseline_policy_unchanged,,,https://docs.onlyfansapi.com/api-reference/chat-messages/pin-message
DELETE,/api/{account}/chats/{chat_id}/messages/{message_id}/unpin,unpinMessage,Unpin Message,implemented_scoped,baseline_implemented,,,41679950c9926bf4137d9002b54a52015fa42740,apps/runtime/src/services/ofapi-command-composer.ts:21,tests/ofapi-command-composer.integration.test.ts,baseline_policy_unchanged,,,https://docs.onlyfansapi.com/api-reference/chat-messages/unpin-message
POST,/api/{account}/chats/{chat_id}/messages/{message_id}/like,likeMessage,Like Message,implemented_scoped,baseline_implemented,,,41679950c9926bf4137d9002b54a52015fa42740,apps/runtime/src/services/ofapi-command-composer.ts:21,tests/ofapi-command-composer.integration.test.ts,baseline_policy_unchanged,,,https://docs.onlyfansapi.com/api-reference/chat-messages/like-message
DELETE,/api/{account}/chats/{chat_id}/messages/{message_id}/unlike,unlikeMessage,Unlike Message,implemented_scoped,baseline_implemented,,,41679950c9926bf4137d9002b54a52015fa42740,apps/runtime/src/services/ofapi-command-composer.ts:21,tests/ofapi-command-composer.integration.test.ts,baseline_policy_unchanged,,,https://docs.onlyfansapi.com/api-reference/chat-messages/unlike-message
GET,/api/{account}/chats/{chat_id}/messages/search,searchChatMessages,Search Chat Messages,implemented_scoped,baseline_implemented,,,41679950c9926bf4137d9002b54a52015fa42740,apps/runtime/src/services/ofapi-read-gateway.ts:235,tests/ofapi-read-gateway.test.ts,baseline_policy_unchanged,,,https://docs.onlyfansapi.com/api-reference/chat-messages/search-chat-messages
POST,/api/{account}/messages/{queue_id}/attach-tags,attachTagsReleaseFormsToMessage,Attach Tags (Release Forms) to Message,excluded_by_plan,excluded,,,41679950c9926bf4137d9002b54a52015fa42740,,,excluded,Chat-wide/destructive/post-send tags,"Account-wide read state, destructive chat deletion and post-send release-form replacement remain separate workflows; selected single-chat actions and send-time attachments are already covered.",https://docs.onlyfansapi.com/api-reference/chat-messages/attach-tags-release-forms-to-message
GET,/api/{account}/chats/{chat_id}/messages,listChatMessages,List Chat Messages,implemented_scoped,baseline_implemented,,,41679950c9926bf4137d9002b54a52015fa42740,apps/runtime/src/services/ofapi.ts:2023 | apps/runtime/src/services/ofapi-capture-jobs.ts:1271 | apps/runtime/src/services/ofapi-read-gateway.ts:229,tests/ofapi-read-gateway.test.ts,baseline_policy_unchanged,,,https://docs.onlyfansapi.com/api-reference/chat-messages/list-chat-messages
POST,/api/{account}/chats/{chat_id}/messages,sendMessage,Send Message,implemented_scoped,baseline_implemented,,,41679950c9926bf4137d9002b54a52015fa42740,apps/runtime/src/services/ofapi.ts:1460,tests/ofapi-command-outbox.integration.test.ts,baseline_policy_unchanged,,,https://docs.onlyfansapi.com/api-reference/chat-messages/send-message
GET,/api/{account}/chats,listChats,List Chats,implemented_scoped,baseline_implemented,,,41679950c9926bf4137d9002b54a52015fa42740,apps/runtime/src/services/ofapi.ts:2002 | apps/runtime/src/services/ofapi-read-gateway.ts:203,tests/ofapi-read-gateway.test.ts,baseline_policy_unchanged,,,https://docs.onlyfansapi.com/api-reference/chats/list-chats
POST,/api/{account}/chats/mark-as-read,markAllChatsAsRead,Mark All Chats as Read,excluded_by_plan,excluded,,,41679950c9926bf4137d9002b54a52015fa42740,,,excluded,Chat-wide/destructive/post-send tags,"Account-wide read state, destructive chat deletion and post-send release-form replacement remain separate workflows; selected single-chat actions and send-time attachments are already covered.",https://docs.onlyfansapi.com/api-reference/chats/mark-all-chats-as-read
GET,/api/{account}/chats/{chat_id}/media,listChatMediaGallery,List Chat Media (Gallery),implemented_scoped,baseline_implemented,,,41679950c9926bf4137d9002b54a52015fa42740,apps/runtime/src/services/ofapi-read-gateway.ts:265,tests/ofapi-read-gateway.test.ts,baseline_policy_unchanged,,,https://docs.onlyfansapi.com/api-reference/chats/list-chat-media-gallery
POST,/api/{account}/chats/{chat_id}/typing,startTypingIndicator,Start Typing Indicator,implemented_scoped,baseline_implemented,,,41679950c9926bf4137d9002b54a52015fa42740,apps/runtime/src/services/ofapi.ts:1599,tests/ofapi-command-outbox.integration.test.ts,baseline_policy_unchanged,,,https://docs.onlyfansapi.com/api-reference/chats/start-typing-indicator
POST,/api/{account}/chats/{chat_id}/mute,muteChatNotifications,Mute Chat Notifications,implemented_scoped,baseline_implemented,,,41679950c9926bf4137d9002b54a52015fa42740,apps/runtime/src/services/ofapi-command-composer.ts:21,tests/ofapi-command-composer.integration.test.ts,baseline_policy_unchanged,,,https://docs.onlyfansapi.com/api-reference/chats/mute-chat-notifications
DELETE,/api/{account}/chats/{chat_id}/unmute,unmuteChatNotifications,Unmute Chat Notifications,implemented_scoped,baseline_implemented,,,41679950c9926bf4137d9002b54a52015fa42740,apps/runtime/src/services/ofapi-command-composer.ts:21,tests/ofapi-command-composer.integration.test.ts,baseline_policy_unchanged,,,https://docs.onlyfansapi.com/api-reference/chats/unmute-chat-notifications
POST,/api/{account}/chats/{chat_id}/hide,hideChat,Hide Chat,implemented_scoped,baseline_implemented,,,41679950c9926bf4137d9002b54a52015fa42740,apps/runtime/src/services/ofapi-command-composer.ts:21,tests/ofapi-command-composer.integration.test.ts,baseline_policy_unchanged,,,https://docs.onlyfansapi.com/api-reference/chats/hide-chat
DELETE,/api/{account}/chats/{chat_id},deleteChat,Delete Chat,excluded_by_plan,excluded,,,41679950c9926bf4137d9002b54a52015fa42740,,,excluded,Chat-wide/destructive/post-send tags,"Account-wide read state, destructive chat deletion and post-send release-form replacement remain separate workflows; selected single-chat actions and send-time attachments are already covered.",https://docs.onlyfansapi.com/api-reference/chats/delete-chat
POST,/api/{account}/chats/{chat_id}/mark-as-read,markChatAsRead,Mark Chat as Read,implemented_scoped,baseline_implemented,,,41679950c9926bf4137d9002b54a52015fa42740,apps/runtime/src/services/ofapi.ts:1756,tests/ofapi-command-outbox.integration.test.ts,baseline_policy_unchanged,,,https://docs.onlyfansapi.com/api-reference/chats/mark-chat-as-read
POST,/api/{account}/chats/{chat_id}/mark-as-unread,markChatAsUnread,Mark Chat as Unread,implemented_scoped,baseline_implemented,,,41679950c9926bf4137d9002b54a52015fa42740,apps/runtime/src/services/ofapi-command-composer.ts:21,tests/ofapi-command-composer.integration.test.ts,baseline_policy_unchanged,,,https://docs.onlyfansapi.com/api-reference/chats/mark-chat-as-unread
POST,/api/client-sessions,createClientSession,Create Client Session,excluded_by_plan,excluded,,,41679950c9926bf4137d9002b54a52015fa42740,,,excluded,Account connection,"Separate connection, credential and 2FA lifecycle; not added to the selected account-settings action screen. The accounts.disconnected event consumer is already covered.",https://docs.onlyfansapi.com/api-reference/client-sessions/create-client-session
POST,/api/authenticate,startAuthentication,Start Authentication,excluded_by_plan,excluded,,,41679950c9926bf4137d9002b54a52015fa42740,,,excluded,Account connection,"Separate connection, credential and 2FA lifecycle; not added to the selected account-settings action screen. The accounts.disconnected event consumer is already covered.",https://docs.onlyfansapi.com/api-reference/connect-onlyfans-account/start-authentication
GET,/api/authenticate/{attempt_id},pollAuthenticationStatus,Poll Authentication Status,excluded_by_plan,excluded,,,41679950c9926bf4137d9002b54a52015fa42740,,,excluded,Account connection,"Separate connection, credential and 2FA lifecycle; not added to the selected account-settings action screen. The accounts.disconnected event consumer is already covered.",https://docs.onlyfansapi.com/api-reference/connect-onlyfans-account/poll-authentication-status
PUT,/api/authenticate/{attempt_id},submit2FA,Submit 2FA,excluded_by_plan,excluded,,,41679950c9926bf4137d9002b54a52015fa42740,,,excluded,Account connection,"Separate connection, credential and 2FA lifecycle; not added to the selected account-settings action screen. The accounts.disconnected event consumer is already covered.",https://docs.onlyfansapi.com/api-reference/connect-onlyfans-account/submit2fa
POST,/api/authenticate/{attempt_id}/send-email-to-creator,send2FAEMailToCreator,Send 2FA E-mail to Creator,excluded_by_plan,excluded,,,41679950c9926bf4137d9002b54a52015fa42740,,,excluded,Account connection,"Separate connection, credential and 2FA lifecycle; not added to the selected account-settings action screen. The accounts.disconnected event consumer is already covered.",https://docs.onlyfansapi.com/api-reference/connect-onlyfans-account/send2fae-mail-to-creator
POST,/api/authenticate/{account_id}/reauthenticate,reAuthenticateAccount,Re-authenticate Account,excluded_by_plan,excluded,,,41679950c9926bf4137d9002b54a52015fa42740,,,excluded,Account connection,"Separate connection, credential and 2FA lifecycle; not added to the selected account-settings action screen. The accounts.disconnected event consumer is already covered.",https://docs.onlyfansapi.com/api-reference/connect-onlyfans-account/re-authenticate-account
PUT,/api/authenticate/{account_id}/credentials,updateAuthenticationCredentials,Update Authentication Credentials,excluded_by_plan,excluded,,,41679950c9926bf4137d9002b54a52015fa42740,,,excluded,Account connection,"Separate connection, credential and 2FA lifecycle; not added to the selected account-settings action screen. The accounts.disconnected event consumer is already covered.",https://docs.onlyfansapi.com/api-reference/connect-onlyfans-account/update-authentication-credentials
GET,/api/data-exports,listDataExports,List Data Exports,implemented_scoped,baseline_implemented,,,41679950c9926bf4137d9002b54a52015fa42740,apps/runtime/src/services/ofapi.ts:1952,tests/ofapi-typed-exports.integration.test.ts,baseline_policy_unchanged,,,https://docs.onlyfansapi.com/api-reference/data-exports/list-data-exports
POST,/api/data-exports,createDataExport,Create Data Export,implemented_scoped,baseline_implemented,,,41679950c9926bf4137d9002b54a52015fa42740,apps/runtime/src/services/ofapi-export-quotes.ts:586,tests/ofapi-typed-exports.integration.test.ts,baseline_policy_unchanged,,,https://docs.onlyfansapi.com/api-reference/data-exports/create-data-export
GET,/api/data-exports/{data_export_id},getDataExportStatus,Get Data Export Status,implemented_scoped,baseline_implemented,,,41679950c9926bf4137d9002b54a52015fa42740,apps/runtime/src/services/ofapi-export-quotes.ts:634,tests/ofapi-typed-exports.integration.test.ts,baseline_policy_unchanged,,,https://docs.onlyfansapi.com/api-reference/data-exports/get-data-export-status
DELETE,/api/data-exports/{data_export_id},cancelDataExport,Cancel Data Export,implemented_scoped,baseline_implemented,,,41679950c9926bf4137d9002b54a52015fa42740,apps/runtime/src/services/ofapi-export-quotes.ts:561,tests/ofapi-typed-exports.integration.test.ts,baseline_policy_unchanged,,,https://docs.onlyfansapi.com/api-reference/data-exports/cancel-data-export
POST,/api/data-exports/{data_export_id}/start,startDataExport,Start Data Export,implemented_scoped,baseline_implemented,,,41679950c9926bf4137d9002b54a52015fa42740,apps/runtime/src/services/ofapi-export-quotes.ts:611,tests/ofapi-typed-exports.integration.test.ts,baseline_policy_unchanged,,,https://docs.onlyfansapi.com/api-reference/data-exports/start-data-export
POST,/api/data-exports/{data_export_id}/retry,retryFailedDataExport,Retry Failed Data Export,implemented_scoped,baseline_implemented,,,41679950c9926bf4137d9002b54a52015fa42740,apps/runtime/src/services/ofapi-export-quotes.ts:611,tests/ofapi-typed-exports.integration.test.ts,baseline_policy_unchanged,,,https://docs.onlyfansapi.com/api-reference/data-exports/retry-failed-data-export
POST,/api/webhooks/vatstack,handleAVatstackWebhookDeliveryTheseReportTheOutcomeOfValidationsThatCouldNotCompleteSynchronouslyBecauseTheGovernmentRegistryWasDownAtTheTimeOfTheRequest,Handle a Vatstack webhook delivery. These report the outcome of validations that could not complete synchronously because the government registry was down at the time of the request.,excluded_by_plan,excluded,,,41679950c9926bf4137d9002b54a52015fa42740,,,excluded,Internal callbacks,"Provider-internal Vatstack/CoinGate callback, not an outbound Hub operation.",
POST,/api/webhooks/coingate,handleACoinGatePaymentCallback,Handle a CoinGate payment callback.,excluded_by_plan,excluded,,,41679950c9926bf4137d9002b54a52015fa42740,,,excluded,Internal callbacks,"Provider-internal Vatstack/CoinGate callback, not an outbound Hub operation.",
GET,/api/{account}/engagement/messages/mass-messages,massMessages,Mass Messages,implemented_scoped,baseline_implemented,,,41679950c9926bf4137d9002b54a52015fa42740,packages/shared/src/ofapi-read-catalog.ts:331 | apps/runtime/src/services/ofapi-read-gateway.ts:179,tests/ofapi-read-collections.integration.test.ts | tests/ofapi-read-gateway.test.ts,baseline_policy_unchanged,,,https://docs.onlyfansapi.com/api-reference/engagement-messages/mass-messages
GET,/api/{account}/engagement/messages/direct-messages,directMessages,Direct Messages,implemented_scoped,baseline_implemented,,,41679950c9926bf4137d9002b54a52015fa42740,packages/shared/src/ofapi-read-catalog.ts:331 | apps/runtime/src/services/ofapi-read-gateway.ts:179,tests/ofapi-read-collections.integration.test.ts | tests/ofapi-read-gateway.test.ts,baseline_policy_unchanged,,,https://docs.onlyfansapi.com/api-reference/engagement-messages/direct-messages
GET,/api/{account}/engagement/messages/mass-messages/chart,massMessagesChart,Mass Messages Chart,implemented_scoped,baseline_implemented,,,41679950c9926bf4137d9002b54a52015fa42740,packages/shared/src/ofapi-read-catalog.ts:339 | apps/runtime/src/services/ofapi-read-gateway.ts:179,tests/ofapi-read-collections.integration.test.ts | tests/ofapi-read-gateway.test.ts,baseline_policy_unchanged,,,https://docs.onlyfansapi.com/api-reference/engagement-messages/mass-messages-chart
GET,/api/{account}/engagement/messages/direct-messages/chart,directMessagesChart,Direct Messages Chart,implemented_scoped,baseline_implemented,,,41679950c9926bf4137d9002b54a52015fa42740,packages/shared/src/ofapi-read-catalog.ts:339 | apps/runtime/src/services/ofapi-read-gateway.ts:179,tests/ofapi-read-collections.integration.test.ts | tests/ofapi-read-gateway.test.ts,baseline_policy_unchanged,,,https://docs.onlyfansapi.com/api-reference/engagement-messages/direct-messages-chart
GET,/api/{account}/engagement/messages/top-message,topMessage,Top Message,implemented_scoped,baseline_implemented,,,41679950c9926bf4137d9002b54a52015fa42740,packages/shared/src/ofapi-read-catalog.ts:349 | apps/runtime/src/services/ofapi-read-gateway.ts:179,tests/ofapi-read-collections.integration.test.ts | tests/ofapi-read-gateway.test.ts,baseline_policy_unchanged,,,https://docs.onlyfansapi.com/api-reference/engagement-messages/top-message
GET,/api/{account}/engagement/messages/{message_id}/buyers,messageBuyers,Message Buyers,implemented_scoped,baseline_implemented,,,41679950c9926bf4137d9002b54a52015fa42740,packages/shared/src/ofapi-read-catalog.ts:358 | apps/runtime/src/services/ofapi-read-gateway.ts:179,tests/ofapi-read-collections.integration.test.ts | tests/ofapi-read-gateway.test.ts,baseline_policy_unchanged,,,https://docs.onlyfansapi.com/api-reference/engagement-messages/message-buyers
GET,/api/{account}/fans/all,listAllFans,List All Fans,implemented_scoped,baseline_implemented,,,41679950c9926bf4137d9002b54a52015fa42740,apps/runtime/src/services/ofapi-read-gateway.ts:310,tests/ofapi-read-gateway.test.ts,baseline_policy_unchanged,,,https://docs.onlyfansapi.com/api-reference/fans/list-all-fans
GET,/api/{account}/fans/active,listActiveFans,List Active Fans,implemented_scoped,baseline_implemented,,,41679950c9926bf4137d9002b54a52015fa42740,apps/runtime/src/services/ofapi.ts:2051 | apps/runtime/src/services/ofapi-read-gateway.ts:310,tests/ofapi-read-gateway.test.ts,baseline_policy_unchanged,,,https://docs.onlyfansapi.com/api-reference/fans/list-active-fans
GET,/api/{account}/fans/expired,listExpiredFans,List Expired Fans,implemented_scoped,baseline_implemented,,,41679950c9926bf4137d9002b54a52015fa42740,packages/shared/src/ofapi-read-catalog.ts:108 | apps/runtime/src/services/ofapi-read-gateway.ts:179,tests/ofapi-read-collections.integration.test.ts | tests/ofapi-read-gateway.test.ts,baseline_policy_unchanged,,,https://docs.onlyfansapi.com/api-reference/fans/list-expired-fans
GET,/api/{account}/fans/latest,listLatestFans,List Latest Fans,implemented_scoped,baseline_implemented,,,41679950c9926bf4137d9002b54a52015fa42740,packages/shared/src/ofapi-read-catalog.ts:127 | apps/runtime/src/services/ofapi-read-gateway.ts:179,tests/ofapi-read-collections.integration.test.ts | tests/ofapi-read-gateway.test.ts,baseline_policy_unchanged,,,https://docs.onlyfansapi.com/api-reference/fans/list-latest-fans
GET,/api/{account}/fans/top,listTopFans,List Top Fans,implemented_scoped,baseline_implemented,,,41679950c9926bf4137d9002b54a52015fa42740,packages/shared/src/ofapi-read-catalog.ts:132 | apps/runtime/src/services/ofapi-read-gateway.ts:179,tests/ofapi-read-collections.integration.test.ts | tests/ofapi-read-gateway.test.ts,baseline_policy_unchanged,,,https://docs.onlyfansapi.com/api-reference/fans/list-top-fans
PUT,/api/{account}/fans/{fan_id}/custom-name,setFansCustomName,Set Fan's Custom Name,implemented_scoped,baseline_implemented,,,41679950c9926bf4137d9002b54a52015fa42740,apps/runtime/src/services/ofapi-command-composer.ts:21,tests/ofapi-command-composer.integration.test.ts,baseline_policy_unchanged,,,https://docs.onlyfansapi.com/api-reference/fans/set-fans-custom-name
GET,/api/{account}/fans/{fan_id}/notes,getFanNotes,Get Fan Notes,excluded_by_plan,target_added,collections,fan_notes_get,073ade3909ad7bbffeca76cf3604560b3135230f,apps/runtime/src/services/ofapi-actions-collections.ts:59,tests/ofapi-actions-collections.test.ts,explicit_owner_action,,,https://docs.onlyfansapi.com/api-reference/fans/get-fan-notes
PUT,/api/{account}/fans/{fan_id}/notes,createEditFanNotes,Create/Edit Fan Notes,excluded_by_plan,target_added,collections,fan_notes_update,073ade3909ad7bbffeca76cf3604560b3135230f,apps/runtime/src/services/ofapi-actions-collections.ts:61,tests/ofapi-actions-collections.test.ts,explicit_owner_action,,,https://docs.onlyfansapi.com/api-reference/fans/create-edit-fan-notes
DELETE,/api/{account}/fans/{fan_id}/notes,clearFanNotes,Clear Fan Notes,excluded_by_plan,target_added,collections,fan_notes_clear,073ade3909ad7bbffeca76cf3604560b3135230f,apps/runtime/src/services/ofapi-actions-collections.ts:63,tests/ofapi-actions-collections.test.ts,explicit_owner_action,,,https://docs.onlyfansapi.com/api-reference/fans/clear-fan-notes
GET,/api/{account}/fans/{user_id}/subscriptions-history,getSubscriptionHistory,Get Subscription History,implemented_scoped,baseline_implemented,,,41679950c9926bf4137d9002b54a52015fa42740,packages/shared/src/ofapi-read-catalog.ts:141 | apps/runtime/src/services/ofapi-read-gateway.ts:179,tests/ofapi-read-collections.integration.test.ts | tests/ofapi-read-gateway.test.ts,baseline_policy_unchanged,,,https://docs.onlyfansapi.com/api-reference/fans/get-subscription-history
GET,/api/fan-summary-categories,listCustomSummaryCategories,List Custom Summary Categories,excluded_by_plan,excluded,,,41679950c9926bf4137d9002b54a52015fa42740,,,excluded,Provider AI,Provider fan summaries and custom categories remain deferred; this expansion does not replace the Hub AI workflow.,https://docs.onlyfansapi.com/api-reference/fans-ai-summary/list-custom-summary-categories
POST,/api/fan-summary-categories,createCustomSummaryCategory,Create Custom Summary Category,excluded_by_plan,excluded,,,41679950c9926bf4137d9002b54a52015fa42740,,,excluded,Provider AI,Provider fan summaries and custom categories remain deferred; this expansion does not replace the Hub AI workflow.,https://docs.onlyfansapi.com/api-reference/fans-ai-summary/create-custom-summary-category
PUT,/api/fan-summary-categories/{category_id},updateCustomSummaryCategory,Update Custom Summary Category,excluded_by_plan,excluded,,,41679950c9926bf4137d9002b54a52015fa42740,,,excluded,Provider AI,Provider fan summaries and custom categories remain deferred; this expansion does not replace the Hub AI workflow.,https://docs.onlyfansapi.com/api-reference/fans-ai-summary/update-custom-summary-category
DELETE,/api/fan-summary-categories/{category_id},deleteCustomSummaryCategory,Delete Custom Summary Category,excluded_by_plan,excluded,,,41679950c9926bf4137d9002b54a52015fa42740,,,excluded,Provider AI,Provider fan summaries and custom categories remain deferred; this expansion does not replace the Hub AI workflow.,https://docs.onlyfansapi.com/api-reference/fans-ai-summary/delete-custom-summary-category
GET,/api/{account}/fans/{fan_id}/summary,getFanSummary,Get Fan Summary,excluded_by_plan,excluded,,,41679950c9926bf4137d9002b54a52015fa42740,,,excluded,Provider AI,Provider fan summaries and custom categories remain deferred; this expansion does not replace the Hub AI workflow.,https://docs.onlyfansapi.com/api-reference/fans-ai-summary/get-fan-summary
POST,/api/{account}/fans/{fan_id}/summary,generateFanSummary,Generate Fan Summary,excluded_by_plan,excluded,,,41679950c9926bf4137d9002b54a52015fa42740,,,excluded,Provider AI,Provider fan summaries and custom categories remain deferred; this expansion does not replace the Hub AI workflow.,https://docs.onlyfansapi.com/api-reference/fans-ai-summary/generate-fan-summary
GET,/api/{account}/following/all,listAllFollowings,List All Followings,implemented_scoped,baseline_implemented,,,41679950c9926bf4137d9002b54a52015fa42740,packages/shared/src/ofapi-read-catalog.ts:149 | apps/runtime/src/services/ofapi-read-gateway.ts:179,tests/ofapi-read-collections.integration.test.ts | tests/ofapi-read-gateway.test.ts,baseline_policy_unchanged,,,https://docs.onlyfansapi.com/api-reference/following/list-all-followings
GET,/api/{account}/following/active,listActiveFollowings,List Active Followings,implemented_scoped,baseline_implemented,,,41679950c9926bf4137d9002b54a52015fa42740,packages/shared/src/ofapi-read-catalog.ts:149 | apps/runtime/src/services/ofapi-read-gateway.ts:179,tests/ofapi-read-collections.integration.test.ts | tests/ofapi-read-gateway.test.ts,baseline_policy_unchanged,,,https://docs.onlyfansapi.com/api-reference/following/list-active-followings
GET,/api/{account}/following/expired,listExpiredFollowings,List Expired Followings,implemented_scoped,baseline_implemented,,,41679950c9926bf4137d9002b54a52015fa42740,packages/shared/src/ofapi-read-catalog.ts:149 | apps/runtime/src/services/ofapi-read-gateway.ts:179,tests/ofapi-read-collections.integration.test.ts | tests/ofapi-read-gateway.test.ts,baseline_policy_unchanged,,,https://docs.onlyfansapi.com/api-reference/following/list-expired-followings
GET,/api/{account}/trial-links,listFreeTrialLinks,List Free Trial Links,implemented_scoped,baseline_implemented,,,41679950c9926bf4137d9002b54a52015fa42740,apps/runtime/src/services/ofapi.ts:2151,tests/ofapi-link-stats-sync.integration.test.ts,baseline_policy_unchanged,,,https://docs.onlyfansapi.com/api-reference/free-trial-links/list-free-trial-links
POST,/api/{account}/trial-links,createFreeTrialLink,Create Free Trial Link,excluded_by_plan,excluded,,,41679950c9926bf4137d9002b54a52015fa42740,,,excluded,Legacy marketing/promotions/bundles,"Legacy trial/tracking/shared-link changes, global tags, promotions and subscription bundles remain unselected; existing attribution and Smart Link commands are already covered.",https://docs.onlyfansapi.com/api-reference/free-trial-links/create-free-trial-link
GET,/api/{account}/trial-links/{trial_link_id},getFreeTrialLink,Get Free Trial Link,implemented_scoped,baseline_implemented,,,41679950c9926bf4137d9002b54a52015fa42740,packages/shared/src/ofapi-read-catalog.ts:429 | apps/runtime/src/services/ofapi-read-gateway.ts:179,tests/ofapi-smart-links.integration.test.ts | tests/ofapi-read-gateway.test.ts,baseline_policy_unchanged,,,https://docs.onlyfansapi.com/api-reference/free-trial-links/get-free-trial-link
DELETE,/api/{account}/trial-links/{trial_link_id},deleteFreeTrialLink,Delete Free Trial Link,excluded_by_plan,excluded,,,41679950c9926bf4137d9002b54a52015fa42740,,,excluded,Legacy marketing/promotions/bundles,"Legacy trial/tracking/shared-link changes, global tags, promotions and subscription bundles remain unselected; existing attribution and Smart Link commands are already covered.",https://docs.onlyfansapi.com/api-reference/free-trial-links/delete-free-trial-link
GET,/api/{account}/trial-links/{trial_link_id}/subscribers,listFreeTrialLinkSubscribers,List Free Trial Link Subscribers,implemented_scoped,baseline_implemented,,,41679950c9926bf4137d9002b54a52015fa42740,apps/runtime/src/services/ofapi.ts:2167 | packages/shared/src/ofapi-read-catalog.ts:431,tests/ofapi-smart-links.integration.test.ts,baseline_policy_unchanged,,,https://docs.onlyfansapi.com/api-reference/free-trial-links/list-free-trial-link-subscribers
GET,/api/{account}/trial-links/{trial_link_id}/spenders,listFreeTrialLinkSpenders,List Free Trial Link Spenders,implemented_scoped,baseline_implemented,,,41679950c9926bf4137d9002b54a52015fa42740,packages/shared/src/ofapi-read-catalog.ts:432 | apps/runtime/src/services/ofapi-read-gateway.ts:179,tests/ofapi-smart-links.integration.test.ts | tests/ofapi-read-gateway.test.ts,baseline_policy_unchanged,,,https://docs.onlyfansapi.com/api-reference/free-trial-links/list-free-trial-link-spenders
GET,/api/{account}/trial-links/{trial_link_id}/stats,getFreeTrialLinkStats,Get Free Trial Link Stats,implemented_scoped,baseline_implemented,,,41679950c9926bf4137d9002b54a52015fa42740,packages/shared/src/ofapi-read-catalog.ts:433 | apps/runtime/src/services/ofapi-read-gateway.ts:179,tests/ofapi-smart-links.integration.test.ts | tests/ofapi-read-gateway.test.ts,baseline_policy_unchanged,,,https://docs.onlyfansapi.com/api-reference/free-trial-links/get-free-trial-link-stats
GET,/api/{account}/trial-links/{trial_link_id}/cohort-arps,getFreeTrialLinkCohortARPS,Get Free Trial Link Cohort ARPS,implemented_scoped,baseline_implemented,,,41679950c9926bf4137d9002b54a52015fa42740,packages/shared/src/ofapi-read-catalog.ts:434 | apps/runtime/src/services/ofapi-read-gateway.ts:179,tests/ofapi-smart-links.integration.test.ts | tests/ofapi-read-gateway.test.ts,baseline_policy_unchanged,,,https://docs.onlyfansapi.com/api-reference/free-trial-links/get-free-trial-link-cohort-arps
GET,/api/{account}/trial-links/{trial_link_id}/tags,listFreeTrialLinkTags,List Free Trial Link Tags,implemented_scoped,baseline_implemented,,,41679950c9926bf4137d9002b54a52015fa42740,packages/shared/src/ofapi-read-catalog.ts:430 | apps/runtime/src/services/ofapi-read-gateway.ts:179,tests/ofapi-smart-links.integration.test.ts | tests/ofapi-read-gateway.test.ts,baseline_policy_unchanged,,,https://docs.onlyfansapi.com/api-reference/free-trial-links/list-free-trial-link-tags
POST,/api/{account}/trial-links/{trial_link_id}/tags,addFreeTrialLinkTags,Add Free Trial Link Tags,excluded_by_plan,excluded,,,41679950c9926bf4137d9002b54a52015fa42740,,,excluded,Legacy marketing/promotions/bundles,"Legacy trial/tracking/shared-link changes, global tags, promotions and subscription bundles remain unselected; existing attribution and Smart Link commands are already covered.",https://docs.onlyfansapi.com/api-reference/free-trial-links/add-free-trial-link-tags
DELETE,/api/{account}/trial-links/{trial_link_id}/tags,removeFreeTrialLinkTags,Remove Free Trial Link Tags,excluded_by_plan,excluded,,,41679950c9926bf4137d9002b54a52015fa42740,,,excluded,Legacy marketing/promotions/bundles,"Legacy trial/tracking/shared-link changes, global tags, promotions and subscription bundles remain unselected; existing attribution and Smart Link commands are already covered.",https://docs.onlyfansapi.com/api-reference/free-trial-links/remove-free-trial-link-tags
GET,/api/{account}/giphy/trending,listTrendingGIFs,List Trending GIFs,implemented_scoped,baseline_implemented,,,41679950c9926bf4137d9002b54a52015fa42740,packages/shared/src/ofapi-read-catalog.ts:201 | apps/runtime/src/services/ofapi-read-gateway.ts:179,tests/ofapi-read-collections.integration.test.ts | tests/ofapi-read-gateway.test.ts,baseline_policy_unchanged,,,https://docs.onlyfansapi.com/api-reference/giphy/list-trending-gi-fs
GET,/api/{account}/giphy/search,searchGIFs,Search GIFs,implemented_scoped,baseline_implemented,,,41679950c9926bf4137d9002b54a52015fa42740,packages/shared/src/ofapi-read-catalog.ts:210 | apps/runtime/src/services/ofapi-read-gateway.ts:179,tests/ofapi-read-collections.integration.test.ts | tests/ofapi-read-gateway.test.ts,baseline_policy_unchanged,,,https://docs.onlyfansapi.com/api-reference/giphy/search-gi-fs
GET,/api/link-tags,listAllLinkTags,List All Link Tags,excluded_by_plan,excluded,,,41679950c9926bf4137d9002b54a52015fa42740,,,excluded,Legacy marketing/promotions/bundles,"Legacy trial/tracking/shared-link changes, global tags, promotions and subscription bundles remain unselected; existing attribution and Smart Link commands are already covered.",https://docs.onlyfansapi.com/api-reference/link-tags/list-all-link-tags
GET,/api/{account}/mass-messaging/overview,getMassMessageOverview,Get Mass Message Overview,implemented_scoped,baseline_implemented,,,41679950c9926bf4137d9002b54a52015fa42740,packages/shared/src/ofapi-read-catalog.ts:318 | apps/runtime/src/services/ofapi-read-gateway.ts:179,tests/ofapi-read-collections.integration.test.ts | tests/ofapi-read-gateway.test.ts,baseline_policy_unchanged,,,https://docs.onlyfansapi.com/api-reference/mass-messaging/get-mass-message-overview
GET,/api/{account}/mass-messaging,listMassMessageQueue,List Mass Message Queue,implemented_scoped,baseline_implemented,,,41679950c9926bf4137d9002b54a52015fa42740,packages/shared/src/ofapi-read-catalog.ts:309 | apps/runtime/src/services/ofapi-read-gateway.ts:179,tests/ofapi-read-collections.integration.test.ts | tests/ofapi-read-gateway.test.ts,baseline_policy_unchanged,,,https://docs.onlyfansapi.com/api-reference/mass-messaging/list-mass-message-queue
POST,/api/{account}/mass-messaging,sendMassMessage,Send Mass Message,excluded_by_plan,target_added,publishing,campaign_create,564af639af796deb033a578c36784eb12421d673,apps/runtime/src/services/ofapi-actions-publishing.ts:58,tests/ofapi-actions-publishing.test.ts,explicit_owner_action,,,https://docs.onlyfansapi.com/api-reference/mass-messaging/send-mass-message
GET,/api/{account}/mass-messaging/{id},getMassMessage,Get Mass Message,implemented_scoped,baseline_implemented,,,41679950c9926bf4137d9002b54a52015fa42740,packages/shared/src/ofapi-read-catalog.ts:326 | apps/runtime/src/services/ofapi-read-gateway.ts:179,tests/ofapi-read-collections.integration.test.ts | tests/ofapi-read-gateway.test.ts,baseline_policy_unchanged,,,https://docs.onlyfansapi.com/api-reference/mass-messaging/get-mass-message
PUT,/api/{account}/mass-messaging/{id},updateMassMessage,Update Mass Message,excluded_by_plan,target_added,publishing,campaign_update,564af639af796deb033a578c36784eb12421d673,apps/runtime/src/services/ofapi-actions-publishing.ts:59,tests/ofapi-actions-publishing.test.ts,explicit_owner_action,,,https://docs.onlyfansapi.com/api-reference/mass-messaging/update-mass-message
DELETE,/api/{account}/mass-messaging/{id},unsendDeleteMassMessage,Unsend/Delete Mass Message,excluded_by_plan,target_added,publishing,campaign_cancel,564af639af796deb033a578c36784eb12421d673,apps/runtime/src/services/ofapi-actions-publishing.ts:63,tests/ofapi-actions-publishing.test.ts,explicit_owner_action,,,https://docs.onlyfansapi.com/api-reference/mass-messaging/unsend-delete-mass-message
POST,/api/{account}/media/upload,uploadMediaToTheOnlyFansCDN,Upload media to the OnlyFans CDN,implemented_scoped,baseline_implemented,,,41679950c9926bf4137d9002b54a52015fa42740,apps/runtime/src/services/ofapi-media-uploads.ts:109,tests/ofapi-media-uploads.integration.test.ts,baseline_policy_unchanged,,,https://docs.onlyfansapi.com/api-reference/media/upload-media-to-the-only-fans-cdn
POST,/api/{account}/media/scrape,DeprecatedScrapeMediaFromTheOnlyFansCDN,[Deprecated] Scrape media from the OnlyFans CDN,excluded_by_plan,excluded,,,41679950c9926bf4137d9002b54a52015fa42740,,,excluded,Binary downloads/deprecated scrape,Paid CDN/DRM binary import remains excluded; owned-file upload and vault metadata are covered. Scrape is deprecated.,https://docs.onlyfansapi.com/api-reference/media/deprecated-scrape-media-from-the-only-fans-cdn
GET,/api/{account}/media/download/drm/{media_id},downloadDRMProtectedMedia,Download DRM-protected Media,excluded_by_plan,excluded,,,41679950c9926bf4137d9002b54a52015fa42740,,,excluded,Binary downloads/deprecated scrape,Paid CDN/DRM binary import remains excluded; owned-file upload and vault metadata are covered. Scrape is deprecated.,https://docs.onlyfansapi.com/api-reference/media/download-drm-protected-media
GET,/api/{account}/media/download/{cdnUrl},downloadMediaFromTheOnlyFansCDN,Download Media from the OnlyFans CDN,excluded_by_plan,excluded,,,41679950c9926bf4137d9002b54a52015fa42740,,,excluded,Binary downloads/deprecated scrape,Paid CDN/DRM binary import remains excluded; owned-file upload and vault metadata are covered. Scrape is deprecated.,https://docs.onlyfansapi.com/api-reference/media/download-media-from-the-only-fans-cdn
GET,/api/{account}/media/uploads/{upload}/status,getUploadStatus,Get Upload Status,implemented_scoped,baseline_implemented,,,41679950c9926bf4137d9002b54a52015fa42740,apps/runtime/src/services/ofapi-media-uploads.ts:70 | apps/runtime/src/services/ofapi-read-gateway.ts:380,tests/ofapi-read-gateway.test.ts,baseline_policy_unchanged,,,https://docs.onlyfansapi.com/api-reference/media/get-upload-status
DELETE,/api/{account}/media/vault/delete-media,deleteVaultMedia,Delete Vault Media,excluded_by_plan,target_added,collections,vault_media_delete,073ade3909ad7bbffeca76cf3604560b3135230f,apps/runtime/src/services/ofapi-actions-collections.ts:49,tests/ofapi-actions-collections.test.ts,explicit_owner_action,,,https://docs.onlyfansapi.com/api-reference/media-vault/delete-vault-media
GET,/api/{account}/media/vault,listVaultMedia,List Vault Media,implemented_scoped,baseline_implemented,,,41679950c9926bf4137d9002b54a52015fa42740,packages/shared/src/ofapi-read-catalog.ts:438 | apps/runtime/src/services/ofapi-read-gateway.ts:341,tests/ofapi-read-collections.integration.test.ts | tests/ofapi-read-gateway.test.ts,baseline_policy_unchanged,,,https://docs.onlyfansapi.com/api-reference/media-vault/list-vault-media
POST,/api/{account}/media/vault,uploadMediaToVault,Upload Media to Vault,implemented_scoped,baseline_implemented,,,41679950c9926bf4137d9002b54a52015fa42740,apps/runtime/src/services/ofapi-media-uploads.ts:109,tests/ofapi-media-uploads.integration.test.ts,baseline_policy_unchanged,,,https://docs.onlyfansapi.com/api-reference/media-vault/upload-media-to-vault
GET,/api/{account}/media/vault/{media_id},getVaultMedia,Get Vault Media,implemented_scoped,baseline_implemented,,,41679950c9926bf4137d9002b54a52015fa42740,packages/shared/src/ofapi-read-catalog.ts:440 | apps/runtime/src/services/ofapi-read-gateway.ts:366,tests/ofapi-read-collections.integration.test.ts | tests/ofapi-read-gateway.test.ts,baseline_policy_unchanged,,,https://docs.onlyfansapi.com/api-reference/media-vault/get-vault-media
GET,/api/{account}/media/vault/lists,listVaultLists,List Vault Lists,implemented_scoped,baseline_implemented,,,41679950c9926bf4137d9002b54a52015fa42740,packages/shared/src/ofapi-read-catalog.ts:439 | apps/runtime/src/services/ofapi-read-gateway.ts:355,tests/ofapi-read-collections.integration.test.ts | tests/ofapi-read-gateway.test.ts,baseline_policy_unchanged,,,https://docs.onlyfansapi.com/api-reference/media-vault-lists/list-vault-lists
POST,/api/{account}/media/vault/lists,createVaultList,Create Vault List,excluded_by_plan,target_added,collections,vault_list_create,073ade3909ad7bbffeca76cf3604560b3135230f,apps/runtime/src/services/ofapi-actions-collections.ts:39,tests/ofapi-actions-collections.test.ts,explicit_owner_action,,,https://docs.onlyfansapi.com/api-reference/media-vault-lists/create-vault-list
GET,/api/{account}/media/vault/lists/{list_id},showVaultList,Show Vault List,implemented_scoped,baseline_implemented,,,41679950c9926bf4137d9002b54a52015fa42740,packages/shared/src/ofapi-read-catalog.ts:441 | apps/runtime/src/services/ofapi-read-gateway.ts:179,tests/ofapi-read-collections.integration.test.ts | tests/ofapi-read-gateway.test.ts,baseline_policy_unchanged,,,https://docs.onlyfansapi.com/api-reference/media-vault-lists/show-vault-list
PUT,/api/{account}/media/vault/lists/{list_id},renameVaultList,Rename Vault List,excluded_by_plan,target_added,collections,vault_list_update,073ade3909ad7bbffeca76cf3604560b3135230f,apps/runtime/src/services/ofapi-actions-collections.ts:41,tests/ofapi-actions-collections.test.ts,explicit_owner_action,,,https://docs.onlyfansapi.com/api-reference/media-vault-lists/rename-vault-list
DELETE,/api/{account}/media/vault/lists/{list_id},deleteVaultList,Delete Vault List,excluded_by_plan,target_added,collections,vault_list_delete,073ade3909ad7bbffeca76cf3604560b3135230f,apps/runtime/src/services/ofapi-actions-collections.ts:43,tests/ofapi-actions-collections.test.ts,explicit_owner_action,,,https://docs.onlyfansapi.com/api-reference/media-vault-lists/delete-vault-list
POST,/api/{account}/media/vault/lists/{list_id}/media,addMediaToList,Add Media To List,excluded_by_plan,target_added,collections,vault_list_add_media,073ade3909ad7bbffeca76cf3604560b3135230f,apps/runtime/src/services/ofapi-actions-collections.ts:45,tests/ofapi-actions-collections.test.ts,explicit_owner_action,,,https://docs.onlyfansapi.com/api-reference/media-vault-lists/add-media-to-list
DELETE,/api/{account}/media/vault/lists/{list_id}/media,removeMediaFromList,Remove Media From List,excluded_by_plan,target_added,collections,vault_list_remove_media,073ade3909ad7bbffeca76cf3604560b3135230f,apps/runtime/src/services/ofapi-actions-collections.ts:47,tests/ofapi-actions-collections.test.ts,explicit_owner_action,,,https://docs.onlyfansapi.com/api-reference/media-vault-lists/remove-media-from-list
GET,/api/{account}/notifications,listNotifications,List Notifications,implemented_scoped,baseline_implemented,,,41679950c9926bf4137d9002b54a52015fa42740,packages/shared/src/ofapi-read-catalog.ts:162 | apps/runtime/src/services/ofapi-read-gateway.ts:179,tests/ofapi-read-collections.integration.test.ts | tests/ofapi-read-gateway.test.ts,baseline_policy_unchanged,,,https://docs.onlyfansapi.com/api-reference/notifications/list-notifications
GET,/api/{account}/notifications/search-users,searchUsersInNotifications,Search Users In Notifications,implemented_scoped,baseline_implemented,,,41679950c9926bf4137d9002b54a52015fa42740,packages/shared/src/ofapi-read-catalog.ts:192 | apps/runtime/src/services/ofapi-read-gateway.ts:179,tests/ofapi-read-collections.integration.test.ts | tests/ofapi-read-gateway.test.ts,baseline_policy_unchanged,,,https://docs.onlyfansapi.com/api-reference/notifications/search-users-in-notifications
GET,/api/{account}/notifications/counts,getNotificationCounts,Get Notification Counts,implemented_scoped,baseline_implemented,,,41679950c9926bf4137d9002b54a52015fa42740,packages/shared/src/ofapi-read-catalog.ts:176 | apps/runtime/src/services/ofapi-read-gateway.ts:179,tests/ofapi-read-collections.integration.test.ts | tests/ofapi-read-gateway.test.ts,baseline_policy_unchanged,,,https://docs.onlyfansapi.com/api-reference/notifications/get-notification-counts
POST,/api/{account}/notifications/mark-all-as-read,markAllNotificationsAsRead,Mark All Notifications As Read,excluded_by_plan,excluded,,,41679950c9926bf4137d9002b54a52015fa42740,,,excluded,Notification mutations,Account-wide mark-read and notification-tab reordering remain unselected; notification reads are covered.,https://docs.onlyfansapi.com/api-reference/notifications/mark-all-notifications-as-read
GET,/api/{account}/notifications/tabs-order,getNotificationTabsOrder,Get Notification Tabs Order,implemented_scoped,baseline_implemented,,,41679950c9926bf4137d9002b54a52015fa42740,packages/shared/src/ofapi-read-catalog.ts:185 | apps/runtime/src/services/ofapi-read-gateway.ts:179,tests/ofapi-read-collections.integration.test.ts | tests/ofapi-read-gateway.test.ts,baseline_policy_unchanged,,,https://docs.onlyfansapi.com/api-reference/notifications/get-notification-tabs-order
PUT,/api/{account}/notifications/tabs-order,updateNotificationTabsOrder,Update Notification Tabs Order,excluded_by_plan,excluded,,,41679950c9926bf4137d9002b54a52015fa42740,,,excluded,Notification mutations,Account-wide mark-read and notification-tab reordering remain unselected; notification reads are covered.,https://docs.onlyfansapi.com/api-reference/notifications/update-notification-tabs-order
GET,/api/{account}/payouts/balances,getAccountBalances,Get Account Balances,implemented_scoped,baseline_implemented,,,41679950c9926bf4137d9002b54a52015fa42740,packages/shared/src/ofapi-read-catalog.ts:366 | apps/runtime/src/services/ofapi-read-gateway.ts:179,tests/ofapi-read-collections.integration.test.ts | tests/ofapi-read-gateway.test.ts,baseline_policy_unchanged,,,https://docs.onlyfansapi.com/api-reference/payouts/get-account-balances
GET,/api/{account}/payouts/eligibility,getEligibility,Get Eligibility,excluded_by_plan,target_added,account,payout_eligibility_read,8b6b04c35c3c6e148283a518328fd82185b428d3,apps/runtime/src/services/ofapi-actions-account.ts:10,tests/ofapi-actions-account.test.ts,explicit_owner_action,,,https://docs.onlyfansapi.com/api-reference/payouts/get-eligibility
GET,/api/{account}/payouts/earning-statistics,getEarningStatistics,Get Earning Statistics,implemented_scoped,baseline_implemented,,,41679950c9926bf4137d9002b54a52015fa42740,packages/shared/src/ofapi-read-catalog.ts:383 | apps/runtime/src/services/ofapi-read-gateway.ts:179,tests/ofapi-read-collections.integration.test.ts | tests/ofapi-read-gateway.test.ts,baseline_policy_unchanged,,,https://docs.onlyfansapi.com/api-reference/payouts/get-earning-statistics
GET,/api/{account}/payouts/payout-requests,listPayoutRequests,List Payout Requests,implemented_scoped,baseline_implemented,,,41679950c9926bf4137d9002b54a52015fa42740,packages/shared/src/ofapi-read-catalog.ts:375 | apps/runtime/src/services/ofapi-read-gateway.ts:179,tests/ofapi-read-collections.integration.test.ts | tests/ofapi-read-gateway.test.ts,baseline_policy_unchanged,,,https://docs.onlyfansapi.com/api-reference/payouts/list-payout-requests
PATCH,/api/{account}/payouts/payout-frequency,updatePayoutFrequency,Update Payout Frequency,excluded_by_plan,target_added,account,payout_frequency_update,8b6b04c35c3c6e148283a518328fd82185b428d3,apps/runtime/src/services/ofapi-actions-account.ts:23,tests/ofapi-actions-account.test.ts,explicit_owner_action,,,https://docs.onlyfansapi.com/api-reference/payouts/update-payout-frequency
POST,/api/{account}/payouts/request-manual-withdrawal,requestManualWithdrawal,Request Manual Withdrawal,excluded_by_plan,target_added,account,payout_withdrawal_request,8b6b04c35c3c6e148283a518328fd82185b428d3,apps/runtime/src/services/ofapi-actions-account.ts:24,tests/ofapi-actions-account.test.ts,explicit_owner_action,,,https://docs.onlyfansapi.com/api-reference/payouts/request-manual-withdrawal
GET,/api/{account}/posts/{post_id}/comments,listPostComments,List Post Comments,implemented_scoped,baseline_implemented,,,41679950c9926bf4137d9002b54a52015fa42740,packages/shared/src/ofapi-read-catalog.ts:249 | apps/runtime/src/services/ofapi-read-gateway.ts:179,tests/ofapi-read-collections.integration.test.ts | tests/ofapi-read-gateway.test.ts,baseline_policy_unchanged,,,https://docs.onlyfansapi.com/api-reference/post-comments/list-post-comments
POST,/api/{account}/posts/{post_id}/comments,createPostComment,Create Post Comment,excluded_by_plan,target_added,publishing,post_comment_create,564af639af796deb033a578c36784eb12421d673,apps/runtime/src/services/ofapi-actions-publishing.ts:38,tests/ofapi-actions-publishing.test.ts,explicit_owner_action,,,https://docs.onlyfansapi.com/api-reference/post-comments/create-post-comment
DELETE,/api/{account}/posts/{post_id}/comments/{comment_id},deletePostComment,Delete Post Comment,excluded_by_plan,target_added,publishing,post_comment_delete,564af639af796deb033a578c36784eb12421d673,apps/runtime/src/services/ofapi-actions-publishing.ts:42,tests/ofapi-actions-publishing.test.ts,explicit_owner_action,,,https://docs.onlyfansapi.com/api-reference/post-comments/delete-post-comment
POST,/api/{account}/posts/{post_id}/comments/{comment_id}/pin,pinPostComment,Pin Post Comment,excluded_by_plan,target_added,publishing,post_comment_pin,564af639af796deb033a578c36784eb12421d673,apps/runtime/src/services/ofapi-actions-publishing.ts:43,tests/ofapi-actions-publishing.test.ts,explicit_owner_action,,,https://docs.onlyfansapi.com/api-reference/post-comments/pin-post-comment
DELETE,/api/{account}/posts/{post_id}/comments/{comment_id}/pin,unpinPostComment,Unpin Post Comment,excluded_by_plan,target_added,publishing,post_comment_unpin,564af639af796deb033a578c36784eb12421d673,apps/runtime/src/services/ofapi-actions-publishing.ts:44,tests/ofapi-actions-publishing.test.ts,explicit_owner_action,,,https://docs.onlyfansapi.com/api-reference/post-comments/unpin-post-comment
POST,/api/{account}/posts/{post_id}/comments/{comment_id}/like,likePostComment,Like Post Comment,excluded_by_plan,target_added,publishing,post_comment_like,564af639af796deb033a578c36784eb12421d673,apps/runtime/src/services/ofapi-actions-publishing.ts:45,tests/ofapi-actions-publishing.test.ts,explicit_owner_action,,,https://docs.onlyfansapi.com/api-reference/post-comments/like-post-comment
DELETE,/api/{account}/posts/{post_id}/comments/{comment_id}/like,unlikePostComment,Unlike Post Comment,excluded_by_plan,target_added,publishing,post_comment_unlike,564af639af796deb033a578c36784eb12421d673,apps/runtime/src/services/ofapi-actions-publishing.ts:46,tests/ofapi-actions-publishing.test.ts,explicit_owner_action,,,https://docs.onlyfansapi.com/api-reference/post-comments/unlike-post-comment
GET,/api/{account}/posts/labels,listLabels,List Labels,implemented_scoped,baseline_implemented,,,41679950c9926bf4137d9002b54a52015fa42740,packages/shared/src/ofapi-read-catalog.ts:236 | apps/runtime/src/services/ofapi-read-gateway.ts:179,tests/ofapi-read-collections.integration.test.ts | tests/ofapi-read-gateway.test.ts,baseline_policy_unchanged,,,https://docs.onlyfansapi.com/api-reference/post-labels/list-labels
POST,/api/{account}/posts/labels,createLabel,Create Label,excluded_by_plan,target_added,publishing,post_label_create,564af639af796deb033a578c36784eb12421d673,apps/runtime/src/services/ofapi-actions-publishing.ts:37,tests/ofapi-actions-publishing.test.ts,explicit_owner_action,,,https://docs.onlyfansapi.com/api-reference/post-labels/create-label
GET,/api/{account}/posts,listPosts,List Posts,implemented_scoped,baseline_implemented,,,41679950c9926bf4137d9002b54a52015fa42740,apps/runtime/src/services/ofapi-capture-jobs.ts:1302 | packages/shared/src/ofapi-read-catalog.ts:219 | apps/runtime/src/services/ofapi-read-gateway.ts:179,tests/ofapi-read-collections.integration.test.ts | tests/ofapi-read-gateway.test.ts,baseline_policy_unchanged,,,https://docs.onlyfansapi.com/api-reference/posts/list-posts
POST,/api/{account}/posts,sendPost,Send Post,excluded_by_plan,target_added,publishing,post_create,564af639af796deb033a578c36784eb12421d673,apps/runtime/src/services/ofapi-actions-publishing.ts:27,tests/ofapi-actions-publishing.test.ts,explicit_owner_action,,,https://docs.onlyfansapi.com/api-reference/posts/send-post
GET,/api/{account}/posts/{post_id},getPost,Get Post,implemented_scoped,baseline_implemented,,,41679950c9926bf4137d9002b54a52015fa42740,packages/shared/src/ofapi-read-catalog.ts:239 | apps/runtime/src/services/ofapi-read-gateway.ts:179,tests/ofapi-read-collections.integration.test.ts | tests/ofapi-read-gateway.test.ts,baseline_policy_unchanged,,,https://docs.onlyfansapi.com/api-reference/posts/get-post
PUT,/api/{account}/posts/{post_id},updatePost,Update Post,excluded_by_plan,target_added,publishing,post_update,564af639af796deb033a578c36784eb12421d673,apps/runtime/src/services/ofapi-actions-publishing.ts:28,tests/ofapi-actions-publishing.test.ts,explicit_owner_action,,,https://docs.onlyfansapi.com/api-reference/posts/update-post
DELETE,/api/{account}/posts/{post_id},deletePost,Delete Post,excluded_by_plan,target_added,publishing,post_delete,564af639af796deb033a578c36784eb12421d673,apps/runtime/src/services/ofapi-actions-publishing.ts:32,tests/ofapi-actions-publishing.test.ts,explicit_owner_action,,,https://docs.onlyfansapi.com/api-reference/posts/delete-post
POST,/api/{account}/posts/{post_id}/archive,archivePost,Archive Post,excluded_by_plan,target_added,publishing,post_archive,564af639af796deb033a578c36784eb12421d673,apps/runtime/src/services/ofapi-actions-publishing.ts:33,tests/ofapi-actions-publishing.test.ts,explicit_owner_action,,,https://docs.onlyfansapi.com/api-reference/posts/archive-post
POST,/api/{account}/posts/{post_id}/unarchive,unarchivePost,Unarchive Post,excluded_by_plan,target_added,publishing,post_unarchive,564af639af796deb033a578c36784eb12421d673,apps/runtime/src/services/ofapi-actions-publishing.ts:34,tests/ofapi-actions-publishing.test.ts,explicit_owner_action,,,https://docs.onlyfansapi.com/api-reference/posts/unarchive-post
POST,/api/{account}/posts/{post_id}/pin,pinUnpinPost,Pin/Unpin Post,excluded_by_plan,target_added,publishing,post_toggle_pin,564af639af796deb033a578c36784eb12421d673,apps/runtime/src/services/ofapi-actions-publishing.ts:36,tests/ofapi-actions-publishing.test.ts,explicit_owner_action,,,https://docs.onlyfansapi.com/api-reference/posts/pin-unpin-post
GET,/api/{account}/posts/{post_id}/stats,showPostStatistics,Show Post Statistics,implemented_scoped,baseline_implemented,,,41679950c9926bf4137d9002b54a52015fa42740,packages/shared/src/ofapi-read-catalog.ts:240 | apps/runtime/src/services/ofapi-read-gateway.ts:179,tests/ofapi-read-collections.integration.test.ts | tests/ofapi-read-gateway.test.ts,baseline_policy_unchanged,,,https://docs.onlyfansapi.com/api-reference/posts/show-post-statistics
GET,/api/{account}/promotions,listPromotions,List Promotions,excluded_by_plan,excluded,,,41679950c9926bf4137d9002b54a52015fa42740,,,excluded,Legacy marketing/promotions/bundles,"Legacy trial/tracking/shared-link changes, global tags, promotions and subscription bundles remain unselected; existing attribution and Smart Link commands are already covered.",https://docs.onlyfansapi.com/api-reference/promotions/list-promotions
POST,/api/{account}/promotions,createPromotion,Create Promotion,excluded_by_plan,excluded,,,41679950c9926bf4137d9002b54a52015fa42740,,,excluded,Legacy marketing/promotions/bundles,"Legacy trial/tracking/shared-link changes, global tags, promotions and subscription bundles remain unselected; existing attribution and Smart Link commands are already covered.",https://docs.onlyfansapi.com/api-reference/promotions/create-promotion
DELETE,/api/{account}/promotions/{promotion_id},deletePromotion,Delete Promotion,excluded_by_plan,excluded,,,41679950c9926bf4137d9002b54a52015fa42740,,,excluded,Legacy marketing/promotions/bundles,"Legacy trial/tracking/shared-link changes, global tags, promotions and subscription bundles remain unselected; existing attribution and Smart Link commands are already covered.",https://docs.onlyfansapi.com/api-reference/promotions/delete-promotion
POST,/api/{account}/promotions/{promotion_id}/stop,stopPromotion,Stop Promotion,excluded_by_plan,excluded,,,41679950c9926bf4137d9002b54a52015fa42740,,,excluded,Legacy marketing/promotions/bundles,"Legacy trial/tracking/shared-link changes, global tags, promotions and subscription bundles remain unselected; existing attribution and Smart Link commands are already covered.",https://docs.onlyfansapi.com/api-reference/promotions/stop-promotion
GET,/api/profiles/{username},getProfileDetails,Get Profile Details,excluded_by_plan,excluded,,,41679950c9926bf4137d9002b54a52015fa42740,,,excluded,Public profile discovery,Public-profile search/onboarding alternatives remain unselected; bound-account and fan reads are covered.,https://docs.onlyfansapi.com/api-reference/public-profiles/get-profile-details
GET,/api/search,searchProfiles,Search Profiles,excluded_by_plan,excluded,,,41679950c9926bf4137d9002b54a52015fa42740,,,excluded,Public profile discovery,Public-profile search/onboarding alternatives remain unselected; bound-account and fan reads are covered.,https://docs.onlyfansapi.com/api-reference/public-profiles/search-profiles
GET,/api/{account}/queue,listQueueItems,List Queue Items,excluded_by_plan,target_added,publishing,queue_list,564af639af796deb033a578c36784eb12421d673,apps/runtime/src/services/ofapi-actions-publishing.ts:64,tests/ofapi-actions-publishing.test.ts,explicit_owner_action,,,https://docs.onlyfansapi.com/api-reference/queue/list-queue-items
PUT,/api/{account}/queue/{queue_id}/publish,publishQueueItem,Publish Queue Item,excluded_by_plan,target_added,publishing,queue_publish,564af639af796deb033a578c36784eb12421d673,apps/runtime/src/services/ofapi-actions-publishing.ts:69,tests/ofapi-actions-publishing.test.ts,explicit_owner_action,,,https://docs.onlyfansapi.com/api-reference/queue/publish-queue-item
GET,/api/{account}/queue/counts,countQueueItems,Count Queue Items,excluded_by_plan,target_added,publishing,queue_counts,564af639af796deb033a578c36784eb12421d673,apps/runtime/src/services/ofapi-actions-publishing.ts:68,tests/ofapi-actions-publishing.test.ts,explicit_owner_action,,,https://docs.onlyfansapi.com/api-reference/queue/count-queue-items
GET,/api/{account}/release-forms,listReleaseForms,List Release Forms,implemented_scoped,baseline_implemented,,,41679950c9926bf4137d9002b54a52015fa42740,packages/shared/src/ofapi-read-catalog.ts:443 | apps/runtime/src/services/ofapi-read-gateway.ts:179,tests/ofapi-read-collections.integration.test.ts | tests/ofapi-read-gateway.test.ts,baseline_policy_unchanged,,,https://docs.onlyfansapi.com/api-reference/release-forms/list-release-forms
POST,/api/{account}/release-forms/create-invitation-link,createInvitationLink,Create Invitation Link,excluded_by_plan,excluded,,,41679950c9926bf4137d9002b54a52015fa42740,,,excluded,Release forms,Participant invitation/create/rename/hide/mentions workflow remains unselected; existing reference reads and send-time attachments are covered.,https://docs.onlyfansapi.com/api-reference/release-forms/create-invitation-link
POST,/api/{account}/release-forms/create-release-form,createReleaseForm,Create Release Form,excluded_by_plan,excluded,,,41679950c9926bf4137d9002b54a52015fa42740,,,excluded,Release forms,Participant invitation/create/rename/hide/mentions workflow remains unselected; existing reference reads and send-time attachments are covered.,https://docs.onlyfansapi.com/api-reference/release-forms/create-release-form
GET,/api/{account}/release-forms/taggable-users,listTaggableUsers,List Taggable Users,implemented_scoped,baseline_implemented,,,41679950c9926bf4137d9002b54a52015fa42740,packages/shared/src/ofapi-read-catalog.ts:444 | apps/runtime/src/services/ofapi-read-gateway.ts:179,tests/ofapi-read-collections.integration.test.ts | tests/ofapi-read-gateway.test.ts,baseline_policy_unchanged,,,https://docs.onlyfansapi.com/api-reference/release-forms/list-taggable-users
GET,/api/{account}/release-forms/mentions,listMentions,List Mentions,excluded_by_plan,excluded,,,41679950c9926bf4137d9002b54a52015fa42740,,,excluded,Release forms,Participant invitation/create/rename/hide/mentions workflow remains unselected; existing reference reads and send-time attachments are covered.,https://docs.onlyfansapi.com/api-reference/release-forms/list-mentions
PATCH,/api/{account}/release-forms/toggle-show,hideUnhideReleaseForm,Hide / Unhide Release Form,excluded_by_plan,excluded,,,41679950c9926bf4137d9002b54a52015fa42740,,,excluded,Release forms,Participant invitation/create/rename/hide/mentions workflow remains unselected; existing reference reads and send-time attachments are covered.,https://docs.onlyfansapi.com/api-reference/release-forms/hide-unhide-release-form
PATCH,/api/{account}/release-forms/rename,renameReleaseForm,Rename Release Form,excluded_by_plan,excluded,,,41679950c9926bf4137d9002b54a52015fa42740,,,excluded,Release forms,Participant invitation/create/rename/hide/mentions workflow remains unselected; existing reference reads and send-time attachments are covered.,https://docs.onlyfansapi.com/api-reference/release-forms/rename-release-form
GET,/api/{account}/saved-for-later/messages,listSavedForLaterMessages,List Saved For Later Messages,excluded_by_plan,target_added,account,saved_messages_read,8b6b04c35c3c6e148283a518328fd82185b428d3,apps/runtime/src/services/ofapi-actions-account.ts:25,tests/ofapi-actions-account.test.ts,explicit_owner_action,,,https://docs.onlyfansapi.com/api-reference/saved-for-later-messages/list-saved-for-later-messages
GET,/api/{account}/saved-for-later/messages/settings,getMessageSettings,Get Message Settings,excluded_by_plan,target_added,account,saved_message_settings_read,8b6b04c35c3c6e148283a518328fd82185b428d3,apps/runtime/src/services/ofapi-actions-account.ts:11,tests/ofapi-actions-account.test.ts,explicit_owner_action,,,https://docs.onlyfansapi.com/api-reference/saved-for-later-messages/get-message-settings
PATCH,/api/{account}/saved-for-later/messages/settings/enable-or-update-automatic-messaging,enableUpdateAutomaticMessaging,Enable/Update Automatic Messaging,excluded_by_plan,target_added,account,saved_message_autosend_update,8b6b04c35c3c6e148283a518328fd82185b428d3,apps/runtime/src/services/ofapi-actions-account.ts:26,tests/ofapi-actions-account.test.ts,explicit_owner_action,,,https://docs.onlyfansapi.com/api-reference/saved-for-later-messages/enable-update-automatic-messaging
PATCH,/api/{account}/saved-for-later/messages/settings/disable-automatic-messaging,disableAutomaticMessaging,Disable Automatic Messaging,excluded_by_plan,target_added,account,saved_message_autosend_disable,8b6b04c35c3c6e148283a518328fd82185b428d3,apps/runtime/src/services/ofapi-actions-account.ts:27,tests/ofapi-actions-account.test.ts,explicit_owner_action,,,https://docs.onlyfansapi.com/api-reference/saved-for-later-messages/disable-automatic-messaging
GET,/api/{account}/saved-for-later/posts,listSavedForLaterPosts,List Saved For Later Posts,excluded_by_plan,target_added,account,saved_posts_read,8b6b04c35c3c6e148283a518328fd82185b428d3,apps/runtime/src/services/ofapi-actions-account.ts:25,tests/ofapi-actions-account.test.ts,explicit_owner_action,,,https://docs.onlyfansapi.com/api-reference/saved-for-later-posts/list-saved-for-later-posts
GET,/api/{account}/saved-for-later/posts/settings,getPostSettings,Get Post Settings,excluded_by_plan,target_added,account,saved_post_settings_read,8b6b04c35c3c6e148283a518328fd82185b428d3,apps/runtime/src/services/ofapi-actions-account.ts:11,tests/ofapi-actions-account.test.ts,explicit_owner_action,,,https://docs.onlyfansapi.com/api-reference/saved-for-later-posts/get-post-settings
PATCH,/api/{account}/saved-for-later/posts/settings/enable-or-update-automatic-posting,enableUpdateAutomaticPosting,Enable/Update Automatic Posting,excluded_by_plan,target_added,account,saved_post_autopost_update,8b6b04c35c3c6e148283a518328fd82185b428d3,apps/runtime/src/services/ofapi-actions-account.ts:28,tests/ofapi-actions-account.test.ts,explicit_owner_action,,,https://docs.onlyfansapi.com/api-reference/saved-for-later-posts/enable-update-automatic-posting
PATCH,/api/{account}/saved-for-later/posts/settings/disable-automatic-posting,disableAutomaticPosting,Disable Automatic Posting,excluded_by_plan,target_added,account,saved_post_autopost_disable,8b6b04c35c3c6e148283a518328fd82185b428d3,apps/runtime/src/services/ofapi-actions-account.ts:29,tests/ofapi-actions-account.test.ts,explicit_owner_action,,,https://docs.onlyfansapi.com/api-reference/saved-for-later-posts/disable-automatic-posting
GET,/api/{account}/settings,getSettings,Get Settings,excluded_by_plan,target_added,account,account_settings_read,8b6b04c35c3c6e148283a518328fd82185b428d3,apps/runtime/src/services/ofapi-actions-account.ts:12,tests/ofapi-actions-account.test.ts,explicit_owner_action,,,https://docs.onlyfansapi.com/api-reference/settings/get-settings
POST,/api/{account}/settings/profile,updateProfile,Update Profile,excluded_by_plan,target_added,account,account_profile_update,8b6b04c35c3c6e148283a518328fd82185b428d3,apps/runtime/src/services/ofapi-actions-account.ts:30,tests/ofapi-actions-account.test.ts,explicit_owner_action,,,https://docs.onlyfansapi.com/api-reference/settings/update-profile
PATCH,/api/{account}/settings/subscription-price,updateSubscriptionPrice,Update Subscription Price,excluded_by_plan,target_added,account,subscription_price_update,8b6b04c35c3c6e148283a518328fd82185b428d3,apps/runtime/src/services/ofapi-actions-account.ts:35,tests/ofapi-actions-account.test.ts,explicit_owner_action,,,https://docs.onlyfansapi.com/api-reference/settings/update-subscription-price
GET,/api/{account}/settings/blocked-countries,getBlockedCountries,Get Blocked Countries,excluded_by_plan,target_added,account,blocked_countries_read,8b6b04c35c3c6e148283a518328fd82185b428d3,apps/runtime/src/services/ofapi-actions-account.ts:12,tests/ofapi-actions-account.test.ts,explicit_owner_action,,,https://docs.onlyfansapi.com/api-reference/settings/get-blocked-countries
PUT,/api/{account}/settings/blocked-countries,updateBlockedCountries,Update Blocked Countries,excluded_by_plan,target_added,account,blocked_countries_update,8b6b04c35c3c6e148283a518328fd82185b428d3,apps/runtime/src/services/ofapi-actions-account.ts:36,tests/ofapi-actions-account.test.ts,explicit_owner_action,,,https://docs.onlyfansapi.com/api-reference/settings/update-blocked-countries
GET,/api/{account}/settings/welcome-message,getWelcomeMessage,Get Welcome Message,excluded_by_plan,target_added,account,welcome_message_read,8b6b04c35c3c6e148283a518328fd82185b428d3,apps/runtime/src/services/ofapi-actions-account.ts:13,tests/ofapi-actions-account.test.ts,explicit_owner_action,,,https://docs.onlyfansapi.com/api-reference/settings/get-welcome-message
PATCH,/api/{account}/settings/welcome-message,enableDisableWelcomeMessage,Enable/Disable Welcome Message,excluded_by_plan,target_added,account,welcome_message_enabled_update,8b6b04c35c3c6e148283a518328fd82185b428d3,apps/runtime/src/services/ofapi-actions-account.ts:37,tests/ofapi-actions-account.test.ts,explicit_owner_action,,,https://docs.onlyfansapi.com/api-reference/settings/enable-disable-welcome-message
POST,/api/{account}/settings/welcome-message,updateWelcomeMessage,Update Welcome Message,excluded_by_plan,target_added,account,welcome_message_update,8b6b04c35c3c6e148283a518328fd82185b428d3,apps/runtime/src/services/ofapi-actions-account.ts:38,tests/ofapi-actions-account.test.ts,explicit_owner_action,,,https://docs.onlyfansapi.com/api-reference/settings/update-welcome-message
GET,/api/{account}/settings/drm,getDRMStatus,Get DRM Status,excluded_by_plan,target_added,account,account_drm_read,8b6b04c35c3c6e148283a518328fd82185b428d3,apps/runtime/src/services/ofapi-actions-account.ts:13,tests/ofapi-actions-account.test.ts,explicit_owner_action,,,https://docs.onlyfansapi.com/api-reference/settings/get-drm-status
PATCH,/api/{account}/settings/drm,enableDisableDRM,Enable/Disable DRM,excluded_by_plan,target_added,account,account_drm_update,8b6b04c35c3c6e148283a518328fd82185b428d3,apps/runtime/src/services/ofapi-actions-account.ts:46,tests/ofapi-actions-account.test.ts,explicit_owner_action,,,https://docs.onlyfansapi.com/api-reference/settings/enable-disable-drm
POST,/api/{account}/settings/username-exists,checkUsernameAvailability,Check Username Availability,excluded_by_plan,target_added,account,username_availability_read,8b6b04c35c3c6e148283a518328fd82185b428d3,apps/runtime/src/services/ofapi-actions-account.ts:47,tests/ofapi-actions-account.test.ts,explicit_owner_action,,,https://docs.onlyfansapi.com/api-reference/settings/check-username-availability
POST,/api/{account}/settings/social-media-buttons/reorder,reorderSocialMediaButtons,Reorder Social Media Buttons,excluded_by_plan,target_added,account,social_buttons_reorder,8b6b04c35c3c6e148283a518328fd82185b428d3,apps/runtime/src/services/ofapi-actions-account.ts:48,tests/ofapi-actions-account.test.ts,explicit_owner_action,,,https://docs.onlyfansapi.com/api-reference/settings/reorder-social-media-buttons
GET,/api/{account}/settings/social-media-buttons,listSocialMediaButtons,List Social Media Buttons,excluded_by_plan,target_added,account,social_buttons_read,8b6b04c35c3c6e148283a518328fd82185b428d3,apps/runtime/src/services/ofapi-actions-account.ts:13,tests/ofapi-actions-account.test.ts,explicit_owner_action,,,https://docs.onlyfansapi.com/api-reference/settings/list-social-media-buttons
POST,/api/{account}/settings/social-media-buttons,addSocialMediaButton,Add Social Media Button,excluded_by_plan,target_added,account,social_button_create,8b6b04c35c3c6e148283a518328fd82185b428d3,apps/runtime/src/services/ofapi-actions-account.ts:49,tests/ofapi-actions-account.test.ts,explicit_owner_action,,,https://docs.onlyfansapi.com/api-reference/settings/add-social-media-button
PUT,/api/{account}/settings/social-media-buttons/{button_id},updateSocialMediaButton,Update Social Media Button,excluded_by_plan,target_added,account,social_button_update,8b6b04c35c3c6e148283a518328fd82185b428d3,apps/runtime/src/services/ofapi-actions-account.ts:50,tests/ofapi-actions-account.test.ts,explicit_owner_action,,,https://docs.onlyfansapi.com/api-reference/settings/update-social-media-button
DELETE,/api/{account}/settings/social-media-buttons/{button_id},deleteSocialMediaButton,Delete Social Media Button,excluded_by_plan,target_added,account,social_button_delete,8b6b04c35c3c6e148283a518328fd82185b428d3,apps/runtime/src/services/ofapi-actions-account.ts:51,tests/ofapi-actions-account.test.ts,explicit_owner_action,,,https://docs.onlyfansapi.com/api-reference/settings/delete-social-media-button
GET,/api/{account}/shared-trial-links,listSharedFreeTrialLinks,List Shared Free Trial Links,implemented_scoped,baseline_implemented,,,41679950c9926bf4137d9002b54a52015fa42740,packages/shared/src/ofapi-read-catalog.ts:428 | apps/runtime/src/services/ofapi-read-gateway.ts:179,tests/ofapi-smart-links.integration.test.ts | tests/ofapi-read-gateway.test.ts,baseline_policy_unchanged,,,https://docs.onlyfansapi.com/api-reference/shared-free-trial-links/list-shared-free-trial-links
DELETE,/api/{account}/shared-trial-links/{shared_trial_link_id},revokeSharedFreeTrialLinkAccess,Revoke Shared Free Trial Link Access,excluded_by_plan,excluded,,,41679950c9926bf4137d9002b54a52015fa42740,,,excluded,Legacy marketing/promotions/bundles,"Legacy trial/tracking/shared-link changes, global tags, promotions and subscription bundles remain unselected; existing attribution and Smart Link commands are already covered.",https://docs.onlyfansapi.com/api-reference/shared-free-trial-links/revoke-shared-free-trial-link-access
GET,/api/{account}/shared-trial-links/{shared_trial_link_id}/tags,listSharedFreeTrialLinkTags,List Shared Free Trial Link Tags,excluded_by_plan,excluded,,,41679950c9926bf4137d9002b54a52015fa42740,,,excluded,Legacy marketing/promotions/bundles,"Legacy trial/tracking/shared-link changes, global tags, promotions and subscription bundles remain unselected; existing attribution and Smart Link commands are already covered.",https://docs.onlyfansapi.com/api-reference/shared-free-trial-links/list-shared-free-trial-link-tags
POST,/api/{account}/shared-trial-links/{shared_trial_link_id}/tags,addSharedFreeTrialLinkTags,Add Shared Free Trial Link Tags,excluded_by_plan,excluded,,,41679950c9926bf4137d9002b54a52015fa42740,,,excluded,Legacy marketing/promotions/bundles,"Legacy trial/tracking/shared-link changes, global tags, promotions and subscription bundles remain unselected; existing attribution and Smart Link commands are already covered.",https://docs.onlyfansapi.com/api-reference/shared-free-trial-links/add-shared-free-trial-link-tags
DELETE,/api/{account}/shared-trial-links/{shared_trial_link_id}/tags,removeSharedFreeTrialLinkTags,Remove Shared Free Trial Link Tags,excluded_by_plan,excluded,,,41679950c9926bf4137d9002b54a52015fa42740,,,excluded,Legacy marketing/promotions/bundles,"Legacy trial/tracking/shared-link changes, global tags, promotions and subscription bundles remain unselected; existing attribution and Smart Link commands are already covered.",https://docs.onlyfansapi.com/api-reference/shared-free-trial-links/remove-shared-free-trial-link-tags
GET,/api/{account}/shared-tracking-links,listSharedTrackingLinks,List Shared Tracking Links,implemented_scoped,baseline_implemented,,,41679950c9926bf4137d9002b54a52015fa42740,packages/shared/src/ofapi-read-catalog.ts:428 | apps/runtime/src/services/ofapi-read-gateway.ts:179,tests/ofapi-smart-links.integration.test.ts | tests/ofapi-read-gateway.test.ts,baseline_policy_unchanged,,,https://docs.onlyfansapi.com/api-reference/shared-tracking-links/list-shared-tracking-links
DELETE,/api/{account}/shared-tracking-links/{shared_tracking_link_id},revokeSharedTrackingLinkAccess,Revoke Shared Tracking Link Access,excluded_by_plan,excluded,,,41679950c9926bf4137d9002b54a52015fa42740,,,excluded,Legacy marketing/promotions/bundles,"Legacy trial/tracking/shared-link changes, global tags, promotions and subscription bundles remain unselected; existing attribution and Smart Link commands are already covered.",https://docs.onlyfansapi.com/api-reference/shared-tracking-links/revoke-shared-tracking-link-access
GET,/api/{account}/shared-tracking-links/{shared_tracking_link_id}/tags,listSharedTrackingLinkTags,List Shared Tracking Link Tags,excluded_by_plan,excluded,,,41679950c9926bf4137d9002b54a52015fa42740,,,excluded,Legacy marketing/promotions/bundles,"Legacy trial/tracking/shared-link changes, global tags, promotions and subscription bundles remain unselected; existing attribution and Smart Link commands are already covered.",https://docs.onlyfansapi.com/api-reference/shared-tracking-links/list-shared-tracking-link-tags
POST,/api/{account}/shared-tracking-links/{shared_tracking_link_id}/tags,addSharedTrackingLinkTags,Add Shared Tracking Link Tags,excluded_by_plan,excluded,,,41679950c9926bf4137d9002b54a52015fa42740,,,excluded,Legacy marketing/promotions/bundles,"Legacy trial/tracking/shared-link changes, global tags, promotions and subscription bundles remain unselected; existing attribution and Smart Link commands are already covered.",https://docs.onlyfansapi.com/api-reference/shared-tracking-links/add-shared-tracking-link-tags
DELETE,/api/{account}/shared-tracking-links/{shared_tracking_link_id}/tags,removeSharedTrackingLinkTags,Remove Shared Tracking Link Tags,excluded_by_plan,excluded,,,41679950c9926bf4137d9002b54a52015fa42740,,,excluded,Legacy marketing/promotions/bundles,"Legacy trial/tracking/shared-link changes, global tags, promotions and subscription bundles remain unselected; existing attribution and Smart Link commands are already covered.",https://docs.onlyfansapi.com/api-reference/shared-tracking-links/remove-shared-tracking-link-tags
GET,/api/smart-link-postbacks,listSmartLinkPostbacks,List Smart Link Postbacks,implemented_scoped,baseline_implemented,,,41679950c9926bf4137d9002b54a52015fa42740,apps/runtime/src/services/ofapi-smart-links.ts:233,tests/ofapi-smart-links.integration.test.ts,baseline_policy_unchanged,,,https://docs.onlyfansapi.com/api-reference/smart-link-postbacks/list-smart-link-postbacks
POST,/api/smart-link-postbacks,createSmartLinkPostback,Create Smart Link Postback,implemented_scoped,baseline_implemented,,,41679950c9926bf4137d9002b54a52015fa42740,apps/runtime/src/services/ofapi-smart-links.ts:19,tests/ofapi-smart-links.integration.test.ts,baseline_policy_unchanged,,,https://docs.onlyfansapi.com/api-reference/smart-link-postbacks/create-smart-link-postback
GET,/api/smart-link-postbacks/{postback_id},showSmartLinkPostback,Show Smart Link Postback,implemented_scoped,baseline_implemented,,,41679950c9926bf4137d9002b54a52015fa42740,apps/runtime/src/services/ofapi-smart-links.ts:233,tests/ofapi-smart-links.integration.test.ts,baseline_policy_unchanged,,,https://docs.onlyfansapi.com/api-reference/smart-link-postbacks/show-smart-link-postback
PATCH,/api/smart-link-postbacks/{postback_id},updateSmartLinkPostback,Update Smart Link Postback,implemented_scoped,baseline_implemented,,,41679950c9926bf4137d9002b54a52015fa42740,apps/runtime/src/services/ofapi-smart-links.ts:19,tests/ofapi-smart-links.integration.test.ts,baseline_policy_unchanged,,,https://docs.onlyfansapi.com/api-reference/smart-link-postbacks/update-smart-link-postback
DELETE,/api/smart-link-postbacks/{postback_id},deleteSmartLinkPostback,Delete Smart Link Postback,implemented_scoped,baseline_implemented,,,41679950c9926bf4137d9002b54a52015fa42740,apps/runtime/src/services/ofapi-smart-links.ts:19,tests/ofapi-smart-links.integration.test.ts,baseline_policy_unchanged,,,https://docs.onlyfansapi.com/api-reference/smart-link-postbacks/delete-smart-link-postback
GET,/api/smart-links,listSmartLinks,List Smart Links,implemented_scoped,baseline_implemented,,,41679950c9926bf4137d9002b54a52015fa42740,packages/shared/src/ofapi-read-catalog.ts:415,tests/ofapi-smart-links.integration.test.ts,baseline_policy_unchanged,,,https://docs.onlyfansapi.com/api-reference/smart-links/list-smart-links
POST,/api/smart-links,createSmartLink,Create Smart Link,implemented_scoped,baseline_implemented,,,41679950c9926bf4137d9002b54a52015fa42740,apps/runtime/src/services/ofapi-smart-links.ts:19,tests/ofapi-smart-links.integration.test.ts,baseline_policy_unchanged,,,https://docs.onlyfansapi.com/api-reference/smart-links/create-smart-link
GET,/api/smart-links/{smart_link_id},getSmartLink,Get Smart Link,implemented_scoped,baseline_implemented,,,41679950c9926bf4137d9002b54a52015fa42740,packages/shared/src/ofapi-read-catalog.ts:416,tests/ofapi-smart-links.integration.test.ts,baseline_policy_unchanged,,,https://docs.onlyfansapi.com/api-reference/smart-links/get-smart-link
DELETE,/api/smart-links/{smart_link_id},deleteSmartLink,Delete Smart Link,implemented_scoped,baseline_implemented,,,41679950c9926bf4137d9002b54a52015fa42740,apps/runtime/src/services/ofapi-smart-links.ts:19,tests/ofapi-smart-links.integration.test.ts,baseline_policy_unchanged,,,https://docs.onlyfansapi.com/api-reference/smart-links/delete-smart-link
GET,/api/smart-links/{smart_link_id}/pixels,listSmartLinkPixels,List Smart Link Pixels,implemented_scoped,baseline_implemented,,,41679950c9926bf4137d9002b54a52015fa42740,packages/shared/src/ofapi-read-catalog.ts:417,tests/ofapi-smart-links.integration.test.ts,baseline_policy_unchanged,,,https://docs.onlyfansapi.com/api-reference/smart-links/list-smart-link-pixels
POST,/api/smart-links/{smart_link_id}/pixels,createSmartLinkPixel,Create Smart Link Pixel,implemented_scoped,baseline_implemented,,,41679950c9926bf4137d9002b54a52015fa42740,apps/runtime/src/services/ofapi-smart-links.ts:19,tests/ofapi-smart-links.integration.test.ts,baseline_policy_unchanged,,,https://docs.onlyfansapi.com/api-reference/smart-links/create-smart-link-pixel
PATCH,/api/smart-links/{smart_link_id}/pixels/{pixel_id},updateSmartLinkPixel,Update Smart Link Pixel,implemented_scoped,baseline_implemented,,,41679950c9926bf4137d9002b54a52015fa42740,apps/runtime/src/services/ofapi-smart-links.ts:19,tests/ofapi-smart-links.integration.test.ts,baseline_policy_unchanged,,,https://docs.onlyfansapi.com/api-reference/smart-links/update-smart-link-pixel
DELETE,/api/smart-links/{smart_link_id}/pixels/{pixel_id},disconnectSmartLinkPixel,Disconnect Smart Link Pixel,implemented_scoped,baseline_implemented,,,41679950c9926bf4137d9002b54a52015fa42740,apps/runtime/src/services/ofapi-smart-links.ts:19,tests/ofapi-smart-links.integration.test.ts,baseline_policy_unchanged,,,https://docs.onlyfansapi.com/api-reference/smart-links/disconnect-smart-link-pixel
POST,/api/smart-links/{smart_link_id}/pixels/{pixel_id}/test-event,sendSmartLinkPixelTestEvent,Send Smart Link Pixel Test Event,implemented_scoped,baseline_implemented,,,41679950c9926bf4137d9002b54a52015fa42740,apps/runtime/src/services/ofapi-smart-links.ts:19,tests/ofapi-smart-links.integration.test.ts,baseline_policy_unchanged,,,https://docs.onlyfansapi.com/api-reference/smart-links/send-smart-link-pixel-test-event
GET,/api/smart-links/{smart_link_id}/tags,listSmartLinkTags,List Smart Link Tags,implemented_scoped,baseline_implemented,,,41679950c9926bf4137d9002b54a52015fa42740,packages/shared/src/ofapi-read-catalog.ts:418,tests/ofapi-smart-links.integration.test.ts,baseline_policy_unchanged,,,https://docs.onlyfansapi.com/api-reference/smart-links/list-smart-link-tags
POST,/api/smart-links/{smart_link_id}/tags,addSmartLinkTags,Add Smart Link Tags,implemented_scoped,baseline_implemented,,,41679950c9926bf4137d9002b54a52015fa42740,apps/runtime/src/services/ofapi-smart-links.ts:19,tests/ofapi-smart-links.integration.test.ts,baseline_policy_unchanged,,,https://docs.onlyfansapi.com/api-reference/smart-links/add-smart-link-tags
DELETE,/api/smart-links/{smart_link_id}/tags,removeSmartLinkTags,Remove Smart Link Tags,implemented_scoped,baseline_implemented,,,41679950c9926bf4137d9002b54a52015fa42740,apps/runtime/src/services/ofapi-smart-links.ts:19,tests/ofapi-smart-links.integration.test.ts,baseline_policy_unchanged,,,https://docs.onlyfansapi.com/api-reference/smart-links/remove-smart-link-tags
GET,/api/smart-links/{smart_link_id}/stats,getSmartLinkStats,Get Smart Link Stats,implemented_scoped,baseline_implemented,,,41679950c9926bf4137d9002b54a52015fa42740,packages/shared/src/ofapi-read-catalog.ts:419,tests/ofapi-smart-links.integration.test.ts,baseline_policy_unchanged,,,https://docs.onlyfansapi.com/api-reference/smart-links/get-smart-link-stats
GET,/api/smart-links/{smart_link_id}/cohort-arps,getSmartLinkCohortARPS,Get Smart Link Cohort ARPS,implemented_scoped,baseline_implemented,,,41679950c9926bf4137d9002b54a52015fa42740,packages/shared/src/ofapi-read-catalog.ts:420,tests/ofapi-smart-links.integration.test.ts,baseline_policy_unchanged,,,https://docs.onlyfansapi.com/api-reference/smart-links/get-smart-link-cohort-arps
GET,/api/smart-links/{smart_link_id}/spenders,listSmartLinkSpenders,List Smart Link Spenders,implemented_scoped,baseline_implemented,,,41679950c9926bf4137d9002b54a52015fa42740,packages/shared/src/ofapi-read-catalog.ts:421,tests/ofapi-smart-links.integration.test.ts,baseline_policy_unchanged,,,https://docs.onlyfansapi.com/api-reference/smart-links/list-smart-link-spenders
GET,/api/smart-links/{smart_link_id}/fans,listSmartLinkFans,List Smart Link Fans,implemented_scoped,baseline_implemented,,,41679950c9926bf4137d9002b54a52015fa42740,packages/shared/src/ofapi-read-catalog.ts:422,tests/ofapi-smart-links.integration.test.ts,baseline_policy_unchanged,,,https://docs.onlyfansapi.com/api-reference/smart-links/list-smart-link-fans
GET,/api/smart-links/{smart_link_id}/clicks,listSmartLinkClicks,List Smart Link Clicks,implemented_scoped,baseline_implemented,,,41679950c9926bf4137d9002b54a52015fa42740,packages/shared/src/ofapi-read-catalog.ts:423,tests/ofapi-smart-links.integration.test.ts,baseline_policy_unchanged,,,https://docs.onlyfansapi.com/api-reference/smart-links/list-smart-link-clicks
GET,/api/smart-links/{smart_link_id}/conversions,listSmartLinkConversions,List Smart Link Conversions,implemented_scoped,baseline_implemented,,,41679950c9926bf4137d9002b54a52015fa42740,packages/shared/src/ofapi-read-catalog.ts:423,tests/ofapi-smart-links.integration.test.ts,baseline_policy_unchanged,,,https://docs.onlyfansapi.com/api-reference/smart-links/list-smart-link-conversions
GET,/api/{account}/statistics/total-transactions,calculateTotalTransactions,Calculate Total Transactions,excluded_by_plan,excluded,,,41679950c9926bf4137d9002b54a52015fa42740,,,excluded,Adjacent analytics,Optional provider aggregates/forecast and extra account metrics remain unselected; existing transaction facts and selected financial snapshots remain the consumer.,https://docs.onlyfansapi.com/api-reference/statistics/calculate-total-transactions
GET,/api/{account}/statistics/overview,statisticsOverview,Statistics Overview,implemented_scoped,baseline_implemented,,,41679950c9926bf4137d9002b54a52015fa42740,packages/shared/src/ofapi-read-catalog.ts:392 | apps/runtime/src/services/ofapi-read-gateway.ts:179,tests/ofapi-read-collections.integration.test.ts | tests/ofapi-read-gateway.test.ts,baseline_policy_unchanged,,,https://docs.onlyfansapi.com/api-reference/statistics/statistics-overview
GET,/api/{account}/statistics/subscriber-metrics,getSubscriberMetrics,Get Subscriber Metrics,excluded_by_plan,excluded,,,41679950c9926bf4137d9002b54a52015fa42740,,,excluded,Adjacent analytics,Optional provider aggregates/forecast and extra account metrics remain unselected; existing transaction facts and selected financial snapshots remain the consumer.,https://docs.onlyfansapi.com/api-reference/statistics/get-subscriber-metrics
GET,/api/{account}/statistics/statements/earnings,getEarnings,Get Earnings,excluded_by_plan,excluded,,,41679950c9926bf4137d9002b54a52015fa42740,,,excluded,Adjacent analytics,Optional provider aggregates/forecast and extra account metrics remain unselected; existing transaction facts and selected financial snapshots remain the consumer.,https://docs.onlyfansapi.com/api-reference/statistics/get-earnings
GET,/api/{account}/statistics/reach/profile-visitors,getProfileVisitors,Get Profile Visitors,implemented_scoped,baseline_implemented,,,41679950c9926bf4137d9002b54a52015fa42740,packages/shared/src/ofapi-read-catalog.ts:81,tests/ofapi-read-collections.integration.test.ts,baseline_policy_unchanged,,,https://docs.onlyfansapi.com/api-reference/statistics/get-profile-visitors
GET,/api/{account}/subscribers/statistics,getSubscriberStatistics,Get Subscriber Statistics,implemented_scoped,baseline_implemented,,,41679950c9926bf4137d9002b54a52015fa42740,packages/shared/src/ofapi-read-catalog.ts:401 | apps/runtime/src/services/ofapi-read-gateway.ts:179,tests/ofapi-read-collections.integration.test.ts | tests/ofapi-read-gateway.test.ts,baseline_policy_unchanged,,,https://docs.onlyfansapi.com/api-reference/statistics/get-subscriber-statistics
GET,/api/{account}/stored/trial-links,listStoredFreeTrialLinks,List Stored Free Trial Links,implemented_scoped,baseline_implemented,,,41679950c9926bf4137d9002b54a52015fa42740,apps/runtime/src/services/ofapi.ts:2201 | packages/shared/src/ofapi-read-catalog.ts:424 | apps/runtime/src/services/ofapi-read-gateway.ts:179,tests/ofapi-smart-links.integration.test.ts | tests/ofapi-read-gateway.test.ts,baseline_policy_unchanged,,,https://docs.onlyfansapi.com/api-reference/stored-free-trial-links/list-stored-free-trial-links
GET,/api/{account}/stored/shared-trial-links,listStoredSharedFreeTrialLinks,List Stored Shared Free Trial Links,implemented_scoped,baseline_implemented,,,41679950c9926bf4137d9002b54a52015fa42740,packages/shared/src/ofapi-read-catalog.ts:427 | apps/runtime/src/services/ofapi-read-gateway.ts:179,tests/ofapi-smart-links.integration.test.ts | tests/ofapi-read-gateway.test.ts,baseline_policy_unchanged,,,https://docs.onlyfansapi.com/api-reference/stored-shared-free-trial-links/list-stored-shared-free-trial-links
GET,/api/{account}/stored/shared-tracking-links,listStoredSharedTrackingLinks,List Stored Shared Tracking Links,implemented_scoped,baseline_implemented,,,41679950c9926bf4137d9002b54a52015fa42740,packages/shared/src/ofapi-read-catalog.ts:427 | apps/runtime/src/services/ofapi-read-gateway.ts:179,tests/ofapi-smart-links.integration.test.ts | tests/ofapi-read-gateway.test.ts,baseline_policy_unchanged,,,https://docs.onlyfansapi.com/api-reference/stored-shared-tracking-links/list-stored-shared-tracking-links
GET,/api/{account}/stored/tracking-links,listStoredTrackingLinks,List Stored Tracking Links,implemented_scoped,baseline_implemented,,,41679950c9926bf4137d9002b54a52015fa42740,apps/runtime/src/services/ofapi.ts:2185 | packages/shared/src/ofapi-read-catalog.ts:424 | apps/runtime/src/services/ofapi-read-gateway.ts:179,tests/ofapi-smart-links.integration.test.ts | tests/ofapi-read-gateway.test.ts,baseline_policy_unchanged,,,https://docs.onlyfansapi.com/api-reference/stored-tracking-links/list-stored-tracking-links
GET,/api/{account}/stories/archive,listStoryArchive,List Story Archive,implemented_scoped,baseline_implemented,,,41679950c9926bf4137d9002b54a52015fa42740,packages/shared/src/ofapi-read-catalog.ts:266 | apps/runtime/src/services/ofapi-read-gateway.ts:179,tests/ofapi-read-collections.integration.test.ts | tests/ofapi-read-gateway.test.ts,baseline_policy_unchanged,,,https://docs.onlyfansapi.com/api-reference/stories/list-story-archive
GET,/api/{account}/stories/{story_id}/stats,getStoryStats,Get Story Stats,implemented_scoped,baseline_implemented,,,41679950c9926bf4137d9002b54a52015fa42740,packages/shared/src/ofapi-read-catalog.ts:292 | apps/runtime/src/services/ofapi-read-gateway.ts:179,tests/ofapi-read-collections.integration.test.ts | tests/ofapi-read-gateway.test.ts,baseline_policy_unchanged,,,https://docs.onlyfansapi.com/api-reference/stories/get-story-stats
GET,/api/{account}/stories/{story_id}/viewers,listStoryViewers,List Story Viewers,implemented_scoped,baseline_implemented,,,41679950c9926bf4137d9002b54a52015fa42740,packages/shared/src/ofapi-read-catalog.ts:301 | apps/runtime/src/services/ofapi-read-gateway.ts:179,tests/ofapi-read-collections.integration.test.ts | tests/ofapi-read-gateway.test.ts,baseline_policy_unchanged,,,https://docs.onlyfansapi.com/api-reference/stories/list-story-viewers
POST,/api/{account}/stories/{story_id}/mark-as-watched,markStoryAsWatched,Mark Story as Watched,excluded_by_plan,target_added,publishing,story_mark_watched,564af639af796deb033a578c36784eb12421d673,apps/runtime/src/services/ofapi-actions-publishing.ts:52,tests/ofapi-actions-publishing.test.ts,explicit_owner_action,,,https://docs.onlyfansapi.com/api-reference/stories/mark-story-as-watched
GET,/api/{account}/stories,listActiveStories,List Active Stories,implemented_scoped,baseline_implemented,,,41679950c9926bf4137d9002b54a52015fa42740,packages/shared/src/ofapi-read-catalog.ts:257 | apps/runtime/src/services/ofapi-read-gateway.ts:179,tests/ofapi-read-collections.integration.test.ts | tests/ofapi-read-gateway.test.ts,baseline_policy_unchanged,,,https://docs.onlyfansapi.com/api-reference/stories/list-active-stories
POST,/api/{account}/stories,addToStory,Add to Story,excluded_by_plan,target_added,publishing,story_create,564af639af796deb033a578c36784eb12421d673,apps/runtime/src/services/ofapi-actions-publishing.ts:47,tests/ofapi-actions-publishing.test.ts,explicit_owner_action,,,https://docs.onlyfansapi.com/api-reference/stories/add-to-story
GET,/api/{account}/stories/{story_id},showStory,Show Story,implemented_scoped,baseline_implemented,,,41679950c9926bf4137d9002b54a52015fa42740,packages/shared/src/ofapi-read-catalog.ts:291 | apps/runtime/src/services/ofapi-read-gateway.ts:179,tests/ofapi-read-collections.integration.test.ts | tests/ofapi-read-gateway.test.ts,baseline_policy_unchanged,,,https://docs.onlyfansapi.com/api-reference/stories/show-story
DELETE,/api/{account}/stories/{story_id},deleteStory,Delete Story,excluded_by_plan,target_added,publishing,story_delete,564af639af796deb033a578c36784eb12421d673,apps/runtime/src/services/ofapi-actions-publishing.ts:51,tests/ofapi-actions-publishing.test.ts,explicit_owner_action,,,https://docs.onlyfansapi.com/api-reference/stories/delete-story
GET,/api/{account}/stories/highlights,listStoryHighlights,List Story Highlights,implemented_scoped,baseline_implemented,,,41679950c9926bf4137d9002b54a52015fa42740,packages/shared/src/ofapi-read-catalog.ts:275 | apps/runtime/src/services/ofapi-read-gateway.ts:179,tests/ofapi-read-collections.integration.test.ts | tests/ofapi-read-gateway.test.ts,baseline_policy_unchanged,,,https://docs.onlyfansapi.com/api-reference/story-highlights/list-story-highlights
POST,/api/{account}/stories/highlights,createStoryHighlight,Create Story Highlight,excluded_by_plan,target_added,publishing,highlight_create,564af639af796deb033a578c36784eb12421d673,apps/runtime/src/services/ofapi-actions-publishing.ts:53,tests/ofapi-actions-publishing.test.ts,explicit_owner_action,,,https://docs.onlyfansapi.com/api-reference/story-highlights/create-story-highlight
GET,/api/{account}/stories/highlights/{highlight_id},showStoryHighlight,Show Story Highlight,implemented_scoped,baseline_implemented,,,41679950c9926bf4137d9002b54a52015fa42740,packages/shared/src/ofapi-read-catalog.ts:284 | apps/runtime/src/services/ofapi-read-gateway.ts:179,tests/ofapi-read-collections.integration.test.ts | tests/ofapi-read-gateway.test.ts,baseline_policy_unchanged,,,https://docs.onlyfansapi.com/api-reference/story-highlights/show-story-highlight
PUT,/api/{account}/stories/highlights/{highlight_id},updateStoryHighlight,Update Story Highlight,excluded_by_plan,target_added,publishing,highlight_update,564af639af796deb033a578c36784eb12421d673,apps/runtime/src/services/ofapi-actions-publishing.ts:54,tests/ofapi-actions-publishing.test.ts,explicit_owner_action,,,https://docs.onlyfansapi.com/api-reference/story-highlights/update-story-highlight
DELETE,/api/{account}/stories/highlights/{highlight_id},deleteStoryHighlight,Delete Story Highlight,excluded_by_plan,target_added,publishing,highlight_delete,564af639af796deb033a578c36784eb12421d673,apps/runtime/src/services/ofapi-actions-publishing.ts:55,tests/ofapi-actions-publishing.test.ts,explicit_owner_action,,,https://docs.onlyfansapi.com/api-reference/story-highlights/delete-story-highlight
PATCH,/api/{account}/stories/highlights/{highlight_id}/{story_id},addStoryToHighlight,Add Story to Highlight,excluded_by_plan,target_added,publishing,highlight_add_story,564af639af796deb033a578c36784eb12421d673,apps/runtime/src/services/ofapi-actions-publishing.ts:56,tests/ofapi-actions-publishing.test.ts,explicit_owner_action,,,https://docs.onlyfansapi.com/api-reference/story-highlights/add-story-to-highlight
DELETE,/api/{account}/stories/highlights/{highlight_id}/{story_id},removeStoryFromHighlight,Remove Story from Highlight,excluded_by_plan,target_added,publishing,highlight_remove_story,564af639af796deb033a578c36784eb12421d673,apps/runtime/src/services/ofapi-actions-publishing.ts:57,tests/ofapi-actions-publishing.test.ts,explicit_owner_action,,,https://docs.onlyfansapi.com/api-reference/story-highlights/remove-story-from-highlight
GET,/api/{account}/bundles,listBundles,List Bundles,excluded_by_plan,excluded,,,41679950c9926bf4137d9002b54a52015fa42740,,,excluded,Legacy marketing/promotions/bundles,"Legacy trial/tracking/shared-link changes, global tags, promotions and subscription bundles remain unselected; existing attribution and Smart Link commands are already covered.",https://docs.onlyfansapi.com/api-reference/subscription-bundles/list-bundles
POST,/api/{account}/bundles,createBundle,Create Bundle,excluded_by_plan,excluded,,,41679950c9926bf4137d9002b54a52015fa42740,,,excluded,Legacy marketing/promotions/bundles,"Legacy trial/tracking/shared-link changes, global tags, promotions and subscription bundles remain unselected; existing attribution and Smart Link commands are already covered.",https://docs.onlyfansapi.com/api-reference/subscription-bundles/create-bundle
DELETE,/api/{account}/bundles/{bundle_id},deleteBundle,Delete Bundle,excluded_by_plan,excluded,,,41679950c9926bf4137d9002b54a52015fa42740,,,excluded,Legacy marketing/promotions/bundles,"Legacy trial/tracking/shared-link changes, global tags, promotions and subscription bundles remain unselected; existing attribution and Smart Link commands are already covered.",https://docs.onlyfansapi.com/api-reference/subscription-bundles/delete-bundle
GET,/api/{account}/tracking-links/{tracking_link_id}/subscribers,listTrackingLinkSubscribers,List Tracking Link Subscribers,implemented_scoped,baseline_implemented,,,41679950c9926bf4137d9002b54a52015fa42740,apps/runtime/src/services/ofapi.ts:2132 | packages/shared/src/ofapi-read-catalog.ts:431,tests/ofapi-smart-links.integration.test.ts,baseline_policy_unchanged,,,https://docs.onlyfansapi.com/api-reference/tracking-links/list-tracking-link-subscribers
GET,/api/{account}/tracking-links/{tracking_link_id}/spenders,listTrackingLinkSpenders,List Tracking Link Spenders,implemented_scoped,baseline_implemented,,,41679950c9926bf4137d9002b54a52015fa42740,apps/runtime/src/services/ofapi.ts:2132 | packages/shared/src/ofapi-read-catalog.ts:432 | apps/runtime/src/services/ofapi-read-gateway.ts:179,tests/ofapi-smart-links.integration.test.ts | tests/ofapi-read-gateway.test.ts,baseline_policy_unchanged,,,https://docs.onlyfansapi.com/api-reference/tracking-links/list-tracking-link-spenders
GET,/api/{account}/tracking-links/{tracking_link_id}/stats,getTrackingLinkStats,Get Tracking Link Stats,implemented_scoped,baseline_implemented,,,41679950c9926bf4137d9002b54a52015fa42740,packages/shared/src/ofapi-read-catalog.ts:433 | apps/runtime/src/services/ofapi-read-gateway.ts:179,tests/ofapi-smart-links.integration.test.ts | tests/ofapi-read-gateway.test.ts,baseline_policy_unchanged,,,https://docs.onlyfansapi.com/api-reference/tracking-links/get-tracking-link-stats
GET,/api/{account}/tracking-links/{tracking_link_id}/cohort-arps,getTrackingLinkCohortARPS,Get Tracking Link Cohort ARPS,implemented_scoped,baseline_implemented,,,41679950c9926bf4137d9002b54a52015fa42740,packages/shared/src/ofapi-read-catalog.ts:434 | apps/runtime/src/services/ofapi-read-gateway.ts:179,tests/ofapi-smart-links.integration.test.ts | tests/ofapi-read-gateway.test.ts,baseline_policy_unchanged,,,https://docs.onlyfansapi.com/api-reference/tracking-links/get-tracking-link-cohort-arps
GET,/api/{account}/tracking-links/{tracking_link_id}/tags,listTrackingLinkTags,List Tracking Link Tags,implemented_scoped,baseline_implemented,,,41679950c9926bf4137d9002b54a52015fa42740,packages/shared/src/ofapi-read-catalog.ts:430 | apps/runtime/src/services/ofapi-read-gateway.ts:179,tests/ofapi-smart-links.integration.test.ts | tests/ofapi-read-gateway.test.ts,baseline_policy_unchanged,,,https://docs.onlyfansapi.com/api-reference/tracking-links/list-tracking-link-tags
POST,/api/{account}/tracking-links/{tracking_link_id}/tags,addTrackingLinkTags,Add Tracking Link Tags,excluded_by_plan,excluded,,,41679950c9926bf4137d9002b54a52015fa42740,,,excluded,Legacy marketing/promotions/bundles,"Legacy trial/tracking/shared-link changes, global tags, promotions and subscription bundles remain unselected; existing attribution and Smart Link commands are already covered.",https://docs.onlyfansapi.com/api-reference/tracking-links/add-tracking-link-tags
DELETE,/api/{account}/tracking-links/{tracking_link_id}/tags,removeTrackingLinkTags,Remove Tracking Link Tags,excluded_by_plan,excluded,,,41679950c9926bf4137d9002b54a52015fa42740,,,excluded,Legacy marketing/promotions/bundles,"Legacy trial/tracking/shared-link changes, global tags, promotions and subscription bundles remain unselected; existing attribution and Smart Link commands are already covered.",https://docs.onlyfansapi.com/api-reference/tracking-links/remove-tracking-link-tags
GET,/api/{account}/tracking-links,listTrackingLinks,List Tracking Links,implemented_scoped,baseline_implemented,,,41679950c9926bf4137d9002b54a52015fa42740,apps/runtime/src/services/ofapi.ts:2116,tests/ofapi-link-stats-sync.integration.test.ts,baseline_policy_unchanged,,,https://docs.onlyfansapi.com/api-reference/tracking-links/list-tracking-links
POST,/api/{account}/tracking-links,createTrackingLink,Create Tracking Link,excluded_by_plan,excluded,,,41679950c9926bf4137d9002b54a52015fa42740,,,excluded,Legacy marketing/promotions/bundles,"Legacy trial/tracking/shared-link changes, global tags, promotions and subscription bundles remain unselected; existing attribution and Smart Link commands are already covered.",https://docs.onlyfansapi.com/api-reference/tracking-links/create-tracking-link
GET,/api/{account}/tracking-links/{tracking_link_id},getTrackingLink,Get Tracking Link,implemented_scoped,baseline_implemented,,,41679950c9926bf4137d9002b54a52015fa42740,packages/shared/src/ofapi-read-catalog.ts:429 | apps/runtime/src/services/ofapi-read-gateway.ts:179,tests/ofapi-smart-links.integration.test.ts | tests/ofapi-read-gateway.test.ts,baseline_policy_unchanged,,,https://docs.onlyfansapi.com/api-reference/tracking-links/get-tracking-link
DELETE,/api/{account}/tracking-links/{tracking_link_id},deleteTrackingLink,Delete Tracking Link,excluded_by_plan,excluded,,,41679950c9926bf4137d9002b54a52015fa42740,,,excluded,Legacy marketing/promotions/bundles,"Legacy trial/tracking/shared-link changes, global tags, promotions and subscription bundles remain unselected; existing attribution and Smart Link commands are already covered.",https://docs.onlyfansapi.com/api-reference/tracking-links/delete-tracking-link
GET,/api/{account}/transactions,listTransactions,List Transactions,implemented_scoped,baseline_implemented,,,41679950c9926bf4137d9002b54a52015fa42740,apps/runtime/src/services/ofapi.ts:2068 | apps/runtime/src/services/ofapi-read-gateway.ts:291,tests/ofapi-read-gateway.test.ts,baseline_policy_unchanged,,,https://docs.onlyfansapi.com/api-reference/transactions/list-transactions
GET,/api/usage/credits,getCreditUsage,Get Credit Usage,implemented_scoped,baseline_implemented,,,41679950c9926bf4137d9002b54a52015fa42740,apps/runtime/src/services/ofapi.ts:1939 | apps/runtime/src/services/ofapi.ts:2213,tests/ofapi-vendor-usage.integration.test.ts,baseline_policy_unchanged,,,https://docs.onlyfansapi.com/api-reference/usage/get-credit-usage
GET,/api/{account}/user-lists,listUserLists,List User Lists,implemented_scoped,baseline_implemented,,,41679950c9926bf4137d9002b54a52015fa42740,packages/shared/src/ofapi-read-catalog.ts:53 | apps/runtime/src/services/ofapi-read-gateway.ts:318,tests/ofapi-read-collections.integration.test.ts | tests/ofapi-read-gateway.test.ts,baseline_policy_unchanged,,,https://docs.onlyfansapi.com/api-reference/user-list-collections/list-user-lists
POST,/api/{account}/user-lists,createUserList,Create User List,excluded_by_plan,target_added,collections,user_list_create,073ade3909ad7bbffeca76cf3604560b3135230f,apps/runtime/src/services/ofapi-actions-collections.ts:17,tests/ofapi-actions-collections.test.ts,explicit_owner_action,,,https://docs.onlyfansapi.com/api-reference/user-list-collections/create-user-list
GET,/api/{account}/user-lists/{userListId},getUserList,Get User List,implemented_scoped,baseline_implemented,,,41679950c9926bf4137d9002b54a52015fa42740,packages/shared/src/ofapi-read-catalog.ts:58 | apps/runtime/src/services/ofapi-read-gateway.ts:179,tests/ofapi-read-collections.integration.test.ts | tests/ofapi-read-gateway.test.ts,baseline_policy_unchanged,,,https://docs.onlyfansapi.com/api-reference/user-list-collections/get-user-list
PUT,/api/{account}/user-lists/{userListId},updateUserList,Update User List,excluded_by_plan,target_added,collections,user_list_update,073ade3909ad7bbffeca76cf3604560b3135230f,apps/runtime/src/services/ofapi-actions-collections.ts:19,tests/ofapi-actions-collections.test.ts,explicit_owner_action,,,https://docs.onlyfansapi.com/api-reference/user-list-collections/update-user-list
DELETE,/api/{account}/user-lists/{userListId},deleteUserList,Delete User List,excluded_by_plan,target_added,collections,user_list_delete,073ade3909ad7bbffeca76cf3604560b3135230f,apps/runtime/src/services/ofapi-actions-collections.ts:23,tests/ofapi-actions-collections.test.ts,explicit_owner_action,,,https://docs.onlyfansapi.com/api-reference/user-list-collections/delete-user-list
GET,/api/{account}/user-lists/{userListId}/users,listUserListUsers,List User List Users,implemented_scoped,baseline_implemented,,,41679950c9926bf4137d9002b54a52015fa42740,packages/shared/src/ofapi-read-catalog.ts:65 | apps/runtime/src/services/ofapi-read-gateway.ts:329,tests/ofapi-read-collections.integration.test.ts | tests/ofapi-read-gateway.test.ts,baseline_policy_unchanged,,,https://docs.onlyfansapi.com/api-reference/user-list-collections/list-user-list-users
POST,/api/{account}/user-lists/{userListId}/users,addUsersToUserList,Add Users to User List,excluded_by_plan,target_added,collections,user_list_add_users,073ade3909ad7bbffeca76cf3604560b3135230f,apps/runtime/src/services/ofapi-actions-collections.ts:25,tests/ofapi-actions-collections.test.ts,explicit_owner_action,,,https://docs.onlyfansapi.com/api-reference/user-list-collections/add-users-to-user-list
DELETE,/api/{account}/user-lists/{userListId}/users,clearUserList,Clear User List,excluded_by_plan,target_added,collections,user_list_clear,073ade3909ad7bbffeca76cf3604560b3135230f,apps/runtime/src/services/ofapi-actions-collections.ts:33,tests/ofapi-actions-collections.test.ts,explicit_owner_action,,,https://docs.onlyfansapi.com/api-reference/user-list-collections/clear-user-list
GET,/api/{account}/user-lists/{userListId}/users/pinned,listPinnedUsersInUserList,List Pinned Users in User List,implemented_scoped,baseline_implemented,,,41679950c9926bf4137d9002b54a52015fa42740,packages/shared/src/ofapi-read-catalog.ts:73 | apps/runtime/src/services/ofapi-read-gateway.ts:179,tests/ofapi-read-collections.integration.test.ts | tests/ofapi-read-gateway.test.ts,baseline_policy_unchanged,,,https://docs.onlyfansapi.com/api-reference/user-list-collections/list-pinned-users-in-user-list
DELETE,/api/{account}/user-lists/{userListId}/users/{userId},removeUserFromAUserList,Remove User from a User List,excluded_by_plan,target_added,collections,user_list_remove_user,073ade3909ad7bbffeca76cf3604560b3135230f,apps/runtime/src/services/ofapi-actions-collections.ts:35,tests/ofapi-actions-collections.test.ts,explicit_owner_action,,,https://docs.onlyfansapi.com/api-reference/user-list-collections/remove-user-from-a-user-list
POST,/api/{account}/user-lists/{userListId}/users/{userId}/pin,pinUnpinUserInUserList,Pin/Unpin User in User List,excluded_by_plan,target_added,collections,user_list_pin_toggle,073ade3909ad7bbffeca76cf3604560b3135230f,apps/runtime/src/services/ofapi-actions-collections.ts:37,tests/ofapi-actions-collections.test.ts,explicit_owner_action,,,https://docs.onlyfansapi.com/api-reference/user-list-collections/pin-unpin-user-in-user-list
GET,/api/{account}/users/list,massListUserDetails,Mass-List User Details,implemented_scoped,baseline_implemented,,,41679950c9926bf4137d9002b54a52015fa42740,apps/runtime/src/services/ofapi-read-gateway.ts:271,tests/ofapi-read-gateway.test.ts,baseline_policy_unchanged,,,https://docs.onlyfansapi.com/api-reference/users/mass-list-user-details
GET,/api/{account}/users/{username},getUserDetails,Get User Details,implemented_scoped,baseline_implemented,,,41679950c9926bf4137d9002b54a52015fa42740,apps/runtime/src/services/ofapi-read-gateway.ts:280,tests/ofapi-read-gateway.test.ts,baseline_policy_unchanged,,,https://docs.onlyfansapi.com/api-reference/users/get-user-details
POST,/api/{account}/users/{user_id}/restrict,restrictUser,Restrict User,excluded_by_plan,target_added,collections,user_restrict,073ade3909ad7bbffeca76cf3604560b3135230f,apps/runtime/src/services/ofapi-actions-collections.ts:55,tests/ofapi-actions-collections.test.ts,explicit_owner_action,,,https://docs.onlyfansapi.com/api-reference/users/restrict-user
DELETE,/api/{account}/users/{user_id}/restrict,unrestrictUser,Unrestrict User,excluded_by_plan,target_added,collections,user_unrestrict,073ade3909ad7bbffeca76cf3604560b3135230f,apps/runtime/src/services/ofapi-actions-collections.ts:57,tests/ofapi-actions-collections.test.ts,explicit_owner_action,,,https://docs.onlyfansapi.com/api-reference/users/unrestrict-user
POST,/api/{account}/users/{user_id}/block,blockUser,Block User,excluded_by_plan,target_added,collections,user_block,073ade3909ad7bbffeca76cf3604560b3135230f,apps/runtime/src/services/ofapi-actions-collections.ts:51,tests/ofapi-actions-collections.test.ts,explicit_owner_action,,,https://docs.onlyfansapi.com/api-reference/users/block-user
DELETE,/api/{account}/users/{user_id}/block,unblockUser,Unblock User,excluded_by_plan,target_added,collections,user_unblock,073ade3909ad7bbffeca76cf3604560b3135230f,apps/runtime/src/services/ofapi-actions-collections.ts:53,tests/ofapi-actions-collections.test.ts,explicit_owner_action,,,https://docs.onlyfansapi.com/api-reference/users/unblock-user
POST,/api/{account}/users/{user_id}/subscribe,subscribeToUser,Subscribe to User,excluded_by_plan,excluded,,,41679950c9926bf4137d9002b54a52015fa42740,,,excluded,Subscriptions,Subscribe-to-user is explicitly forbidden by the owner. Unsubscribe was not requested and is also omitted; following-list mutations are rejected.,https://docs.onlyfansapi.com/api-reference/users/subscribe-to-user
DELETE,/api/{account}/users/{user_id}/subscribe,unsubscribeFromUser,Unsubscribe from User,excluded_by_plan,excluded,,,41679950c9926bf4137d9002b54a52015fa42740,,,excluded,Subscriptions,Subscribe-to-user is explicitly forbidden by the owner. Unsubscribe was not requested and is also omitted; following-list mutations are rejected.,https://docs.onlyfansapi.com/api-reference/users/unsubscribe-from-user
GET,/api/webhooks/events,listAvailableEvents,List Available Events,implemented_scoped,baseline_implemented,,,41679950c9926bf4137d9002b54a52015fa42740,apps/runtime/src/services/ofapi.ts:1955,tests/ofapi-webhook-recovery.integration.test.ts,baseline_policy_unchanged,,,https://docs.onlyfansapi.com/api-reference/webhooks/list-available-events
GET,/api/webhooks/{webhook_id}/deliveries,listWebhookDeliveries,List Webhook Deliveries,implemented_scoped,baseline_implemented,,,41679950c9926bf4137d9002b54a52015fa42740,apps/runtime/src/services/ofapi.ts:1965,tests/ofapi-webhook-recovery.integration.test.ts,baseline_policy_unchanged,,,https://docs.onlyfansapi.com/api-reference/webhooks/list-webhook-deliveries
POST,/api/webhooks/{webhook_id}/deliveries/{delivery_id}/redeliver,redeliverWebhookDelivery,Redeliver Webhook Delivery,implemented_scoped,baseline_implemented,,,41679950c9926bf4137d9002b54a52015fa42740,apps/runtime/src/services/ofapi.ts:1968,tests/ofapi-webhook-recovery.integration.test.ts,baseline_policy_unchanged,,,https://docs.onlyfansapi.com/api-reference/webhooks/redeliver-webhook-delivery
GET,/api/webhooks,listWebhooks,List Webhooks,implemented_scoped,baseline_implemented,,,41679950c9926bf4137d9002b54a52015fa42740,apps/runtime/src/services/ofapi.ts:1958,tests/ofapi-webhook-recovery.integration.test.ts,baseline_policy_unchanged,,,https://docs.onlyfansapi.com/api-reference/webhooks/list-webhooks
POST,/api/webhooks,createWebhook,Create Webhook,implemented_scoped,baseline_implemented,,,41679950c9926bf4137d9002b54a52015fa42740,apps/runtime/src/services/ofapi.ts:1971,tests/ofapi-webhook-recovery.integration.test.ts,baseline_policy_unchanged,,,https://docs.onlyfansapi.com/api-reference/webhooks/create-webhook
GET,/api/webhooks/{webhook_id},showWebhook,Show Webhook,implemented_scoped,baseline_implemented,,,41679950c9926bf4137d9002b54a52015fa42740,apps/runtime/src/services/ofapi.ts:1945,tests/ofapi-webhook-recovery.integration.test.ts,baseline_policy_unchanged,,,https://docs.onlyfansapi.com/api-reference/webhooks/show-webhook
PUT,/api/webhooks/{webhook_id},updateWebhook,Update Webhook,implemented_scoped,baseline_implemented,,,41679950c9926bf4137d9002b54a52015fa42740,apps/runtime/src/services/ofapi.ts:1980,tests/ofapi-webhook-recovery.integration.test.ts,baseline_policy_unchanged,,,https://docs.onlyfansapi.com/api-reference/webhooks/update-webhook
DELETE,/api/webhooks/{webhook_id},deleteWebhook,Delete Webhook,excluded_by_plan,excluded,,,41679950c9926bf4137d9002b54a52015fa42740,,,excluded,Webhook deletion,"Registration inventory/update, history, local replay and explicit redelivery are covered; deleting a registration remains unselected.",https://docs.onlyfansapi.com/api-reference/webhooks/delete-webhook
